2026-02-06T14:57:34.1409678Z06-02-2026 15:57:31.848,36007936,870,
2026-02-06T14:57:34.1409678Z06-02-2026 15:57:31.848,36007936,871,
2026-02-06T14:57:34.1409678Z06-02-2026 15:57:31.848,36007936,871,
2026-02-06T14:57:34.1409678Z06-02-2026 15:57:31.848,36007936,871,
2026-02-06T14:57:34.1409678Z06-02-2026 15:57:31.848,36007936,871,
2026-02-06T14:57:34.1409678Z06-02-2026 15:57:31.848,36007936,871,
2026-02-06T14:57:34.1409678Z06-02-2026 15:57:31.848,36007936,870,
2026-02-06T14:57:34.1409678Z06-02-2026 15:57:31.848,36007936,870,
2026-02-06T14:57:34.1409678Z06-02-2026 15:57:31.848,36007936,870,
2026-02-06T14:57:34.1409678Z06-02-2026 15:57:31.848,36007936,870,
2026-02-06T14:57:34.1409678Z06-02-2026 15:57:31.848,36007936,871,
2026-02-06T14:57:34.1409678Z06-02-2026 15:57:31.848,36007936,871,
2026-02-06T14:57:34.1409678Z06-02-2026 15:57:31.848,36007936,871,
2026-02-06T14:57:34.1409678Z06-02-2026 15:57:31.848,36007936,871,
2026-02-06T14:57:34.1409678Z06-02-2026 15:57:31.848,36007936,870,
2026-02-06T14:57:34.1409678Z06-02-2026 15:57:31.848,36007936,870,
2026-02-06T14:57:34.1409678Z06-02-2026 15:57:31.848,36007936,869,
2026-02-06T14:57:34.1409678Z06-02-2026 15:57:31.848,36007936,869,
2026-02-06T14:57:34.1409678Z06-02-2026 15:57:31.848,36007936,870,
2026-02-06T14:57:34.1409678Z06-02-2026 15:57:31.848,36007936,870,
2026-02-06T14:57:34.1409678Z06-02-2026 15:57:31.848,36007936,870,
2026-02-06T14:57:34.1409678Z06-02-2026 15:57:31.848,36007936,870,
2026-02-06T14:57:34.1409678Z06-02-2026 15:57:31.848,36007936,869,
2026-02-06T14:57:34.1409678Z06-02-2026 15:57:31.848,36007936,869,
2026-02-06T14:57:34.1409678Z06-02-2026 15:57:31.848,36007936,869,
2026-02-06T14:57:34.1409678Z06-02-2026 15:57:31.848,36007936,869,
2026-02-06T14:57:34.1409678Z06-02-2026 15:57:31.848,36007936,869,
2026-02-06T14:57:34.1409678Z06-02-2026 15:57:31.848,36007936,869,
2026-02-06T14:57:34.1409678Z06-02-2026 15:57:31.848,36007936,869,
2026-02-06T14:57:34.1409678Z06-02-2026 15:57:31.848,36007936,869,
2026-02-06T14:57:34.1409678Z06-02-2026 15:57:31.848,36007936,869,
2026-02-06T14:57:34.1409678Z06-02-2026 15:57:31.848,36007936,869,
2026-02-06T14:57:34.1654141Z06-02-2026 15:57:32.104,36009984,869,
2026-02-06T14:57:34.1654141Z06-02-2026 15:57:32.104,36009984,869,
2026-02-06T14:57:34.1654141Z06-02-2026 15:57:32.104,36009984,869,
2026-02-06T14:57:34.1654141Z06-02-2026 15:57:32.104,36009984,869,
2026-02-06T14:57:34.1654141Z06-02-2026 15:57:32.104,36009984,869,
2026-02-06T14:57:34.1654141Z06-02-2026 15:57:32.104,36009984,869,
2026-02-06T14:57:34.1654141Z06-02-2026 15:57:32.104,36009984,869,
2026-02-06T14:57:34.1654141Z06-02-2026 15:57:32.104,36009984,870,
2026-02-06T14:57:34.1654141Z06-02-2026 15:57:32.104,36009984,870,
2026-02-06T14:57:34.1654141Z06-02-2026 15:57:32.104,36009984,870,
2026-02-06T14:57:34.1654141Z06-02-2026 15:57:32.104,36009984,870,
2026-02-06T14:57:34.1654141Z06-02-2026 15:57:32.104,36009984,870,
2026-02-06T14:57:34.1654141Z06-02-2026 15:57:32.104,36009984,869,
2026-02-06T14:57:34.1654141Z06-02-2026 15:57:32.104,36009984,869,
2026-02-06T14:57:34.1654141Z06-02-2026 15:57:32.104,36009984,869,
2026-02-06T14:57:34.1654141Z06-02-2026 15:57:32.104,36009984,869,
2026-02-06T14:57:34.1654141Z06-02-2026 15:57:32.104,36009984,870,
2026-02-06T14:57:34.1654141Z06-02-2026 15:57:32.104,36009984,870,
2026-02-06T14:57:34.1654141Z06-02-2026 15:57:32.104,36009984,870,
2026-02-06T14:57:34.1654141Z06-02-2026 15:57:32.104,36009984,870,
2026-02-06T14:57:34.1654141Z06-02-2026 15:57:32.104,36009984,870,
2026-02-06T14:57:34.1654141Z06-02-2026 15:57:32.104,36009984,869,
2026-02-06T14:57:34.1654141Z06-02-2026 15:57:32.104,36009984,869,
2026-02-06T14:57:34.1654141Z06-02-2026 15:57:32.104,36009984,869,
2026-02-06T14:57:34.1654141Z06-02-2026 15:57:32.104,36009984,869,
2026-02-06T14:57:34.1654141Z06-02-2026 15:57:32.104,36009984,869,
2026-02-06T14:57:34.1654141Z06-02-2026 15:57:32.104,36009984,869,
2026-02-06T14:57:34.1654141Z06-02-2026 15:57:32.104,36009984,869,
2026-02-06T14:57:34.1654141Z06-02-2026 15:57:32.104,36009984,870,
2026-02-06T14:57:34.1654141Z06-02-2026 15:57:32.104,36009984,870,
2026-02-06T14:57:34.1654141Z06-02-2026 15:57:32.104,36009984,870,
2026-02-06T14:57:34.1654141Z06-02-2026 15:57:32.104,36009984,870,
2026-02-06T14:57:35.1171766Z06-02-2026 15:57:32.360,36012032,870,
2026-02-06T14:57:35.1171766Z06-02-2026 15:57:32.360,36012032,870,
2026-02-06T14:57:35.1171766Z06-02-2026 15:57:32.360,36012032,869,
2026-02-06T14:57:35.1171766Z06-02-2026 15:57:32.360,36012032,869,
2026-02-06T14:57:35.1171766Z06-02-2026 15:57:32.360,36012032,869,
2026-02-06T14:57:35.1171766Z06-02-2026 15:57:32.360,36012032,869,
2026-02-06T14:57:35.1171766Z06-02-2026 15:57:32.360,36012032,869,
2026-02-06T14:57:35.1171766Z06-02-2026 15:57:32.360,36012032,869,
2026-02-06T14:57:35.1171766Z06-02-2026 15:57:32.360,36012032,869,
2026-02-06T14:57:35.1171766Z06-02-2026 15:57:32.360,36012032,869,
2026-02-06T14:57:35.1171766Z06-02-2026 15:57:32.360,36012032,869,
2026-02-06T14:57:35.1171766Z06-02-2026 15:57:32.360,36012032,869,
2026-02-06T14:57:35.1171766Z06-02-2026 15:57:32.360,36012032,869,
2026-02-06T14:57:35.1171766Z06-02-2026 15:57:32.360,36012032,870,
2026-02-06T14:57:35.1171766Z06-02-2026 15:57:32.360,36012032,870,
2026-02-06T14:57:35.1171766Z06-02-2026 15:57:32.360,36012032,870,
2026-02-06T14:57:35.1171766Z06-02-2026 15:57:32.360,36012032,870,
2026-02-06T14:57:35.1171766Z06-02-2026 15:57:32.360,36012032,870,
2026-02-06T14:57:35.1171766Z06-02-2026 15:57:32.360,36012032,870,
2026-02-06T14:57:35.1171766Z06-02-2026 15:57:32.360,36012032,870,
2026-02-06T14:57:35.1171766Z06-02-2026 15:57:32.360,36012032,870,
2026-02-06T14:57:35.1171766Z06-02-2026 15:57:32.360,36012032,871,
2026-02-06T14:57:35.1171766Z06-02-2026 15:57:32.360,36012032,871,
2026-02-06T14:57:35.1171766Z06-02-2026 15:57:32.360,36012032,870,
2026-02-06T14:57:35.1171766Z06-02-2026 15:57:32.360,36012032,870,
2026-02-06T14:57:35.1171766Z06-02-2026 15:57:32.360,36012032,870,
2026-02-06T14:57:35.1171766Z06-02-2026 15:57:32.360,36012032,870,
2026-02-06T14:57:35.1171766Z06-02-2026 15:57:32.360,36012032,870,
2026-02-06T14:57:35.1171766Z06-02-2026 15:57:32.360,36012032,870,
2026-02-06T14:57:35.1171766Z06-02-2026 15:57:32.360,36012032,870,
2026-02-06T14:57:35.1171766Z06-02-2026 15:57:32.360,36012032,870,
2026-02-06T14:57:35.1171766Z06-02-2026 15:57:32.360,36012032,870,
2026-02-06T14:57:35.1283122Z06-02-2026 15:57:32.616,36014080,870,
2026-02-06T14:57:35.1283122Z06-02-2026 15:57:32.616,36014080,870,
2026-02-06T14:57:35.1283122Z06-02-2026 15:57:32.616,36014080,870,
2026-02-06T14:57:35.1283122Z06-02-2026 15:57:32.616,36014080,870,
2026-02-06T14:57:35.1283122Z06-02-2026 15:57:32.616,36014080,870,
2026-02-06T14:57:35.1283122Z06-02-2026 15:57:32.616,36014080,870,
2026-02-06T14:57:35.1283122Z06-02-2026 15:57:32.616,36014080,870,
2026-02-06T14:57:35.1283122Z06-02-2026 15:57:32.616,36014080,870,
2026-02-06T14:57:35.1283122Z06-02-2026 15:57:32.616,36014080,870,
2026-02-06T14:57:35.1283122Z06-02-2026 15:57:32.616,36014080,870,
2026-02-06T14:57:35.1283122Z06-02-2026 15:57:32.616,36014080,870,
2026-02-06T14:57:35.1283122Z06-02-2026 15:57:32.616,36014080,870,
2026-02-06T14:57:35.1283122Z06-02-2026 15:57:32.616,36014080,870,
2026-02-06T14:57:35.1283122Z06-02-2026 15:57:32.616,36014080,870,
2026-02-06T14:57:35.1283122Z06-02-2026 15:57:32.616,36014080,870,
2026-02-06T14:57:35.1283122Z06-02-2026 15:57:32.616,36014080,870,
2026-02-06T14:57:35.1283122Z06-02-2026 15:57:32.616,36014080,870,
2026-02-06T14:57:35.1283122Z06-02-2026 15:57:32.616,36014080,870,
2026-02-06T14:57:35.1283122Z06-02-2026 15:57:32.616,36014080,870,
2026-02-06T14:57:35.1283122Z06-02-2026 15:57:32.616,36014080,870,
2026-02-06T14:57:35.1283122Z06-02-2026 15:57:32.616,36014080,871,
2026-02-06T14:57:35.1283122Z06-02-2026 15:57:32.616,36014080,871,
2026-02-06T14:57:35.1283122Z06-02-2026 15:57:32.616,36014080,871,
2026-02-06T14:57:35.1283122Z06-02-2026 15:57:32.616,36014080,871,
2026-02-06T14:57:35.1283122Z06-02-2026 15:57:32.616,36014080,870,
2026-02-06T14:57:35.1283122Z06-02-2026 15:57:32.616,36014080,870,
2026-02-06T14:57:35.1283122Z06-02-2026 15:57:32.616,36014080,870,
2026-02-06T14:57:35.1283122Z06-02-2026 15:57:32.616,36014080,871,
2026-02-06T14:57:35.1283122Z06-02-2026 15:57:32.616,36014080,870,
2026-02-06T14:57:35.1283122Z06-02-2026 15:57:32.616,36014080,870,
2026-02-06T14:57:35.1283122Z06-02-2026 15:57:32.616,36014080,869,
2026-02-06T14:57:35.1283122Z06-02-2026 15:57:32.616,36014080,869,
2026-02-06T14:57:35.1474315Z06-02-2026 15:57:32.872,36016128,870,
2026-02-06T14:57:35.1474315Z06-02-2026 15:57:32.872,36016128,870,
2026-02-06T14:57:35.1474315Z06-02-2026 15:57:32.872,36016128,870,
2026-02-06T14:57:35.1474315Z06-02-2026 15:57:32.872,36016128,870,
2026-02-06T14:57:35.1474315Z06-02-2026 15:57:32.872,36016128,870,
2026-02-06T14:57:35.1474315Z06-02-2026 15:57:32.872,36016128,870,
2026-02-06T14:57:35.1474315Z06-02-2026 15:57:32.872,36016128,870,
2026-02-06T14:57:35.1474315Z06-02-2026 15:57:32.872,36016128,871,
2026-02-06T14:57:35.1474315Z06-02-2026 15:57:32.872,36016128,870,
2026-02-06T14:57:35.1474315Z06-02-2026 15:57:32.872,36016128,870,
2026-02-06T14:57:35.1474315Z06-02-2026 15:57:32.872,36016128,870,
2026-02-06T14:57:35.1474315Z06-02-2026 15:57:32.872,36016128,870,
2026-02-06T14:57:35.1474315Z06-02-2026 15:57:32.872,36016128,870,
2026-02-06T14:57:35.1474315Z06-02-2026 15:57:32.872,36016128,870,
2026-02-06T14:57:35.1474315Z06-02-2026 15:57:32.872,36016128,870,
2026-02-06T14:57:35.1474315Z06-02-2026 15:57:32.872,36016128,871,
2026-02-06T14:57:35.1474315Z06-02-2026 15:57:32.872,36016128,871,
2026-02-06T14:57:35.1474315Z06-02-2026 15:57:32.872,36016128,871,
2026-02-06T14:57:35.1474315Z06-02-2026 15:57:32.872,36016128,870,
2026-02-06T14:57:35.1474315Z06-02-2026 15:57:32.872,36016128,870,
2026-02-06T14:57:35.1474315Z06-02-2026 15:57:32.872,36016128,871,
2026-02-06T14:57:35.1474315Z06-02-2026 15:57:32.872,36016128,871,
2026-02-06T14:57:35.1474315Z06-02-2026 15:57:32.872,36016128,871,
2026-02-06T14:57:35.1474315Z06-02-2026 15:57:32.872,36016128,871,
2026-02-06T14:57:35.1474315Z06-02-2026 15:57:32.872,36016128,871,
2026-02-06T14:57:35.1474315Z06-02-2026 15:57:32.872,36016128,870,
2026-02-06T14:57:35.1474315Z06-02-2026 15:57:32.872,36016128,870,
2026-02-06T14:57:35.1474315Z06-02-2026 15:57:32.872,36016128,870,
2026-02-06T14:57:35.1474315Z06-02-2026 15:57:32.872,36016128,870,
2026-02-06T14:57:35.1474315Z06-02-2026 15:57:32.872,36016128,870,
2026-02-06T14:57:35.1474315Z06-02-2026 15:57:32.872,36016128,870,
2026-02-06T14:57:35.1474315Z06-02-2026 15:57:32.872,36016128,870,
2026-02-06T14:57:35.1868101Z06-02-2026 15:57:33.128,36018176,871,
2026-02-06T14:57:35.1868101Z06-02-2026 15:57:33.128,36018176,870,
2026-02-06T14:57:35.1868101Z06-02-2026 15:57:33.128,36018176,870,
2026-02-06T14:57:35.1868101Z06-02-2026 15:57:33.128,36018176,870,
2026-02-06T14:57:35.1868101Z06-02-2026 15:57:33.128,36018176,870,
2026-02-06T14:57:35.1868101Z06-02-2026 15:57:33.128,36018176,870,
2026-02-06T14:57:35.1868101Z06-02-2026 15:57:33.128,36018176,871,
2026-02-06T14:57:35.1868101Z06-02-2026 15:57:33.128,36018176,872,
2026-02-06T14:57:35.1868101Z06-02-2026 15:57:33.128,36018176,871,
2026-02-06T14:57:35.1868101Z06-02-2026 15:57:33.128,36018176,871,
2026-02-06T14:57:35.1868101Z06-02-2026 15:57:33.128,36018176,870,
2026-02-06T14:57:35.1868101Z06-02-2026 15:57:33.128,36018176,870,
2026-02-06T14:57:35.1868101Z06-02-2026 15:57:33.128,36018176,870,
2026-02-06T14:57:35.1868101Z06-02-2026 15:57:33.128,36018176,870,
2026-02-06T14:57:35.1868101Z06-02-2026 15:57:33.128,36018176,870,
2026-02-06T14:57:35.1868101Z06-02-2026 15:57:33.128,36018176,870,
2026-02-06T14:57:35.1868101Z06-02-2026 15:57:33.128,36018176,870,
2026-02-06T14:57:35.1868101Z06-02-2026 15:57:33.128,36018176,870,
2026-02-06T14:57:35.1868101Z06-02-2026 15:57:33.128,36018176,870,
2026-02-06T14:57:35.1868101Z06-02-2026 15:57:33.128,36018176,871,
2026-02-06T14:57:35.1868101Z06-02-2026 15:57:33.128,36018176,871,
2026-02-06T14:57:35.1868101Z06-02-2026 15:57:33.128,36018176,871,
2026-02-06T14:57:35.1868101Z06-02-2026 15:57:33.128,36018176,871,
2026-02-06T14:57:35.1868101Z06-02-2026 15:57:33.128,36018176,871,
2026-02-06T14:57:35.1868101Z06-02-2026 15:57:33.128,36018176,870,
2026-02-06T14:57:35.1868101Z06-02-2026 15:57:33.128,36018176,869,
2026-02-06T14:57:35.1868101Z06-02-2026 15:57:33.128,36018176,870,
2026-02-06T14:57:35.1868101Z06-02-2026 15:57:33.128,36018176,870,
2026-02-06T14:57:35.1868101Z06-02-2026 15:57:33.128,36018176,871,
2026-02-06T14:57:35.1868101Z06-02-2026 15:57:33.128,36018176,871,
2026-02-06T14:57:35.1868101Z06-02-2026 15:57:33.128,36018176,871,
2026-02-06T14:57:35.1868101Z06-02-2026 15:57:33.128,36018176,871,
2026-02-06T14:57:36.1754019Z06-02-2026 15:57:33.384,36020224,871,
2026-02-06T14:57:36.1754019Z06-02-2026 15:57:33.384,36020224,871,
2026-02-06T14:57:36.1754019Z06-02-2026 15:57:33.384,36020224,871,
2026-02-06T14:57:36.1754019Z06-02-2026 15:57:33.384,36020224,871,
2026-02-06T14:57:36.1754019Z06-02-2026 15:57:33.384,36020224,870,
2026-02-06T14:57:36.1754019Z06-02-2026 15:57:33.384,36020224,870,
2026-02-06T14:57:36.1754019Z06-02-2026 15:57:33.384,36020224,870,
2026-02-06T14:57:36.1754019Z06-02-2026 15:57:33.384,36020224,870,
2026-02-06T14:57:36.1754019Z06-02-2026 15:57:33.384,36020224,870,
2026-02-06T14:57:36.1754019Z06-02-2026 15:57:33.384,36020224,870,
2026-02-06T14:57:36.1754019Z06-02-2026 15:57:33.384,36020224,870,
2026-02-06T14:57:36.1754019Z06-02-2026 15:57:33.384,36020224,871,
2026-02-06T14:57:36.1754019Z06-02-2026 15:57:33.384,36020224,871,
2026-02-06T14:57:36.1754019Z06-02-2026 15:57:33.384,36020224,871,
2026-02-06T14:57:36.1754019Z06-02-2026 15:57:33.384,36020224,871,
2026-02-06T14:57:36.1754019Z06-02-2026 15:57:33.384,36020224,870,
2026-02-06T14:57:36.1754019Z06-02-2026 15:57:33.384,36020224,870,
2026-02-06T14:57:36.1754019Z06-02-2026 15:57:33.384,36020224,870,
2026-02-06T14:57:36.1754019Z06-02-2026 15:57:33.384,36020224,871,
2026-02-06T14:57:36.1754019Z06-02-2026 15:57:33.384,36020224,871,
2026-02-06T14:57:36.1754019Z06-02-2026 15:57:33.384,36020224,871,
2026-02-06T14:57:36.1754019Z06-02-2026 15:57:33.384,36020224,871,
2026-02-06T14:57:36.1754019Z06-02-2026 15:57:33.384,36020224,871,
2026-02-06T14:57:36.1754019Z06-02-2026 15:57:33.384,36020224,871,
2026-02-06T14:57:36.1754019Z06-02-2026 15:57:33.384,36020224,871,
2026-02-06T14:57:36.1754019Z06-02-2026 15:57:33.384,36020224,871,
2026-02-06T14:57:36.1754019Z06-02-2026 15:57:33.384,36020224,870,
2026-02-06T14:57:36.1754019Z06-02-2026 15:57:33.384,36020224,870,
2026-02-06T14:57:36.1754019Z06-02-2026 15:57:33.384,36020224,870,
2026-02-06T14:57:36.1754019Z06-02-2026 15:57:33.384,36020224,870,
2026-02-06T14:57:36.1754019Z06-02-2026 15:57:33.384,36020224,870,
2026-02-06T14:57:36.1754019Z06-02-2026 15:57:33.384,36020224,870,
2026-02-06T14:57:36.1849874Z06-02-2026 15:57:33.640,36022272,870,
2026-02-06T14:57:36.1849874Z06-02-2026 15:57:33.640,36022272,870,
2026-02-06T14:57:36.1849874Z06-02-2026 15:57:33.640,36022272,870,
2026-02-06T14:57:36.1849874Z06-02-2026 15:57:33.640,36022272,870,
2026-02-06T14:57:36.1849874Z06-02-2026 15:57:33.640,36022272,870,
2026-02-06T14:57:36.1849874Z06-02-2026 15:57:33.640,36022272,871,
2026-02-06T14:57:36.1849874Z06-02-2026 15:57:33.640,36022272,871,
2026-02-06T14:57:36.1849874Z06-02-2026 15:57:33.640,36022272,871,
2026-02-06T14:57:36.1849874Z06-02-2026 15:57:33.640,36022272,870,
2026-02-06T14:57:36.1849874Z06-02-2026 15:57:33.640,36022272,870,
2026-02-06T14:57:36.1849874Z06-02-2026 15:57:33.640,36022272,870,
2026-02-06T14:57:36.1849874Z06-02-2026 15:57:33.640,36022272,870,
2026-02-06T14:57:36.1849874Z06-02-2026 15:57:33.640,36022272,870,
2026-02-06T14:57:36.1849874Z06-02-2026 15:57:33.640,36022272,870,
2026-02-06T14:57:36.1849874Z06-02-2026 15:57:33.640,36022272,870,
2026-02-06T14:57:36.1849874Z06-02-2026 15:57:33.640,36022272,871,
2026-02-06T14:57:36.1849874Z06-02-2026 15:57:33.640,36022272,871,
2026-02-06T14:57:36.1849874Z06-02-2026 15:57:33.640,36022272,871,
2026-02-06T14:57:36.1849874Z06-02-2026 15:57:33.640,36022272,871,
2026-02-06T14:57:36.1849874Z06-02-2026 15:57:33.640,36022272,870,
2026-02-06T14:57:36.1849874Z06-02-2026 15:57:33.640,36022272,870,
2026-02-06T14:57:36.1849874Z06-02-2026 15:57:33.640,36022272,871,
2026-02-06T14:57:36.1849874Z06-02-2026 15:57:33.640,36022272,871,
2026-02-06T14:57:36.1849874Z06-02-2026 15:57:33.640,36022272,871,
2026-02-06T14:57:36.1849874Z06-02-2026 15:57:33.640,36022272,871,
2026-02-06T14:57:36.1849874Z06-02-2026 15:57:33.640,36022272,871,
2026-02-06T14:57:36.1849874Z06-02-2026 15:57:33.640,36022272,871,
2026-02-06T14:57:36.1849874Z06-02-2026 15:57:33.640,36022272,871,
2026-02-06T14:57:36.1849874Z06-02-2026 15:57:33.640,36022272,870,
2026-02-06T14:57:36.1849874Z06-02-2026 15:57:33.640,36022272,870,
2026-02-06T14:57:36.1849874Z06-02-2026 15:57:33.640,36022272,871,
2026-02-06T14:57:36.1849874Z06-02-2026 15:57:33.640,36022272,871,
2026-02-06T14:57:36.1927524Z06-02-2026 15:57:33.896,36024320,871,
2026-02-06T14:57:36.1927524Z06-02-2026 15:57:33.896,36024320,871,
2026-02-06T14:57:36.1927524Z06-02-2026 15:57:33.896,36024320,871,
2026-02-06T14:57:36.1927524Z06-02-2026 15:57:33.896,36024320,870,
2026-02-06T14:57:36.1927524Z06-02-2026 15:57:33.896,36024320,870,
2026-02-06T14:57:36.1927524Z06-02-2026 15:57:33.896,36024320,870,
2026-02-06T14:57:36.1927524Z06-02-2026 15:57:33.896,36024320,869,
2026-02-06T14:57:36.1927524Z06-02-2026 15:57:33.896,36024320,870,
2026-02-06T14:57:36.1927524Z06-02-2026 15:57:33.896,36024320,869,
2026-02-06T14:57:36.1927524Z06-02-2026 15:57:33.896,36024320,869,
2026-02-06T14:57:36.1927524Z06-02-2026 15:57:33.896,36024320,869,
2026-02-06T14:57:36.1927524Z06-02-2026 15:57:33.896,36024320,870,
2026-02-06T14:57:36.1927524Z06-02-2026 15:57:33.896,36024320,870,
2026-02-06T14:57:36.1927524Z06-02-2026 15:57:33.896,36024320,870,
2026-02-06T14:57:36.1927524Z06-02-2026 15:57:33.896,36024320,869,
2026-02-06T14:57:36.1927524Z06-02-2026 15:57:33.896,36024320,869,
2026-02-06T14:57:36.1927524Z06-02-2026 15:57:33.896,36024320,869,
2026-02-06T14:57:36.1927524Z06-02-2026 15:57:33.896,36024320,869,
2026-02-06T14:57:36.1927524Z06-02-2026 15:57:33.896,36024320,869,
2026-02-06T14:57:36.1927524Z06-02-2026 15:57:33.896,36024320,870,
2026-02-06T14:57:36.1927524Z06-02-2026 15:57:33.896,36024320,870,
2026-02-06T14:57:36.1927524Z06-02-2026 15:57:33.896,36024320,870,
2026-02-06T14:57:36.1927524Z06-02-2026 15:57:33.896,36024320,870,
2026-02-06T14:57:36.1927524Z06-02-2026 15:57:33.896,36024320,870,
2026-02-06T14:57:36.1927524Z06-02-2026 15:57:33.896,36024320,870,
2026-02-06T14:57:36.1927524Z06-02-2026 15:57:33.896,36024320,869,
2026-02-06T14:57:36.1927524Z06-02-2026 15:57:33.896,36024320,869,
2026-02-06T14:57:36.1927524Z06-02-2026 15:57:33.896,36024320,869,
2026-02-06T14:57:36.1927524Z06-02-2026 15:57:33.896,36024320,869,
2026-02-06T14:57:36.1927524Z06-02-2026 15:57:33.896,36024320,869,
2026-02-06T14:57:36.1927524Z06-02-2026 15:57:33.896,36024320,869,
2026-02-06T14:57:36.1927524Z06-02-2026 15:57:33.896,36024320,869,
2026-02-06T14:57:36.2053748Z06-02-2026 15:57:34.152,36026368,870,
2026-02-06T14:57:36.2053748Z06-02-2026 15:57:34.152,36026368,870,
2026-02-06T14:57:36.2053748Z06-02-2026 15:57:34.152,36026368,870,
2026-02-06T14:57:36.2053748Z06-02-2026 15:57:34.152,36026368,870,
2026-02-06T14:57:36.2053748Z06-02-2026 15:57:34.152,36026368,870,
2026-02-06T14:57:36.2053748Z06-02-2026 15:57:34.152,36026368,870,
2026-02-06T14:57:36.2053748Z06-02-2026 15:57:34.152,36026368,869,
2026-02-06T14:57:36.2053748Z06-02-2026 15:57:34.152,36026368,869,
2026-02-06T14:57:36.2053748Z06-02-2026 15:57:34.152,36026368,869,
2026-02-06T14:57:36.2053748Z06-02-2026 15:57:34.152,36026368,869,
2026-02-06T14:57:36.2053748Z06-02-2026 15:57:34.152,36026368,869,
2026-02-06T14:57:36.2053748Z06-02-2026 15:57:34.152,36026368,869,
2026-02-06T14:57:36.2053748Z06-02-2026 15:57:34.152,36026368,869,
2026-02-06T14:57:36.2053748Z06-02-2026 15:57:34.152,36026368,869,
2026-02-06T14:57:36.2053748Z06-02-2026 15:57:34.152,36026368,868,
2026-02-06T14:57:36.2053748Z06-02-2026 15:57:34.152,36026368,869,
2026-02-06T14:57:36.2053748Z06-02-2026 15:57:34.152,36026368,869,
2026-02-06T14:57:36.2053748Z06-02-2026 15:57:34.152,36026368,869,
2026-02-06T14:57:36.2053748Z06-02-2026 15:57:34.152,36026368,869,
2026-02-06T14:57:36.2053748Z06-02-2026 15:57:34.152,36026368,869,
2026-02-06T14:57:36.2053748Z06-02-2026 15:57:34.152,36026368,869,
2026-02-06T14:57:36.2053748Z06-02-2026 15:57:34.152,36026368,870,
2026-02-06T14:57:36.2053748Z06-02-2026 15:57:34.152,36026368,870,
2026-02-06T14:57:36.2053748Z06-02-2026 15:57:34.152,36026368,869,
2026-02-06T14:57:36.2053748Z06-02-2026 15:57:34.152,36026368,869,
2026-02-06T14:57:36.2053748Z06-02-2026 15:57:34.152,36026368,869,
2026-02-06T14:57:36.2053748Z06-02-2026 15:57:34.152,36026368,869,
2026-02-06T14:57:36.2053748Z06-02-2026 15:57:34.152,36026368,869,
2026-02-06T14:57:36.2053748Z06-02-2026 15:57:34.152,36026368,869,
2026-02-06T14:57:36.2053748Z06-02-2026 15:57:34.152,36026368,869,
2026-02-06T14:57:36.2053748Z06-02-2026 15:57:34.152,36026368,870,
2026-02-06T14:57:36.2053748Z06-02-2026 15:57:34.152,36026368,870,
2026-02-06T14:57:37.2085287Z06-02-2026 15:57:34.408,36028416,870,
2026-02-06T14:57:37.2085287Z06-02-2026 15:57:34.408,36028416,870,
2026-02-06T14:57:37.2085287Z06-02-2026 15:57:34.408,36028416,870,
2026-02-06T14:57:37.2085287Z06-02-2026 15:57:34.408,36028416,869,
2026-02-06T14:57:37.2085287Z06-02-2026 15:57:34.408,36028416,869,
2026-02-06T14:57:37.2085287Z06-02-2026 15:57:34.408,36028416,870,
2026-02-06T14:57:37.2085287Z06-02-2026 15:57:34.408,36028416,870,
2026-02-06T14:57:37.2085287Z06-02-2026 15:57:34.408,36028416,870,
2026-02-06T14:57:37.2085287Z06-02-2026 15:57:34.408,36028416,870,
2026-02-06T14:57:37.2085287Z06-02-2026 15:57:34.408,36028416,870,
2026-02-06T14:57:37.2085287Z06-02-2026 15:57:34.408,36028416,870,
2026-02-06T14:57:37.2085287Z06-02-2026 15:57:34.408,36028416,870,
2026-02-06T14:57:37.2085287Z06-02-2026 15:57:34.408,36028416,870,
2026-02-06T14:57:37.2085287Z06-02-2026 15:57:34.408,36028416,870,
2026-02-06T14:57:37.2085287Z06-02-2026 15:57:34.408,36028416,870,
2026-02-06T14:57:37.2085287Z06-02-2026 15:57:34.408,36028416,870,
2026-02-06T14:57:37.2085287Z06-02-2026 15:57:34.408,36028416,870,
2026-02-06T14:57:37.2085287Z06-02-2026 15:57:34.408,36028416,870,
2026-02-06T14:57:37.2085287Z06-02-2026 15:57:34.408,36028416,870,
2026-02-06T14:57:37.2085287Z06-02-2026 15:57:34.408,36028416,870,
2026-02-06T14:57:37.2085287Z06-02-2026 15:57:34.408,36028416,870,
2026-02-06T14:57:37.2085287Z06-02-2026 15:57:34.408,36028416,870,
2026-02-06T14:57:37.2085287Z06-02-2026 15:57:34.408,36028416,870,
2026-02-06T14:57:37.2085287Z06-02-2026 15:57:34.408,36028416,870,
2026-02-06T14:57:37.2085287Z06-02-2026 15:57:34.408,36028416,870,
2026-02-06T14:57:37.2085287Z06-02-2026 15:57:34.408,36028416,870,
2026-02-06T14:57:37.2085287Z06-02-2026 15:57:34.408,36028416,870,
2026-02-06T14:57:37.2085287Z06-02-2026 15:57:34.408,36028416,870,
2026-02-06T14:57:37.2085287Z06-02-2026 15:57:34.408,36028416,870,
2026-02-06T14:57:37.2085287Z06-02-2026 15:57:34.408,36028416,870,
2026-02-06T14:57:37.2085287Z06-02-2026 15:57:34.408,36028416,870,
2026-02-06T14:57:37.2085287Z06-02-2026 15:57:34.408,36028416,870,
2026-02-06T14:57:37.2224928Z06-02-2026 15:57:34.664,36030464,870,
2026-02-06T14:57:37.2224928Z06-02-2026 15:57:34.664,36030464,870,
2026-02-06T14:57:37.2224928Z06-02-2026 15:57:34.664,36030464,870,
2026-02-06T14:57:37.2224928Z06-02-2026 15:57:34.664,36030464,870,
2026-02-06T14:57:37.2224928Z06-02-2026 15:57:34.664,36030464,870,
2026-02-06T14:57:37.2224928Z06-02-2026 15:57:34.664,36030464,870,
2026-02-06T14:57:37.2224928Z06-02-2026 15:57:34.664,36030464,870,
2026-02-06T14:57:37.2224928Z06-02-2026 15:57:34.664,36030464,870,
2026-02-06T14:57:37.2224928Z06-02-2026 15:57:34.664,36030464,871,
2026-02-06T14:57:37.2224928Z06-02-2026 15:57:34.664,36030464,871,
2026-02-06T14:57:37.2224928Z06-02-2026 15:57:34.664,36030464,871,
2026-02-06T14:57:37.2224928Z06-02-2026 15:57:34.664,36030464,871,
2026-02-06T14:57:37.2224928Z06-02-2026 15:57:34.664,36030464,870,
2026-02-06T14:57:37.2224928Z06-02-2026 15:57:34.664,36030464,870,
2026-02-06T14:57:37.2224928Z06-02-2026 15:57:34.664,36030464,870,
2026-02-06T14:57:37.2224928Z06-02-2026 15:57:34.664,36030464,870,
2026-02-06T14:57:37.2224928Z06-02-2026 15:57:34.664,36030464,871,
2026-02-06T14:57:37.2224928Z06-02-2026 15:57:34.664,36030464,871,
2026-02-06T14:57:37.2224928Z06-02-2026 15:57:34.664,36030464,871,
2026-02-06T14:57:37.2224928Z06-02-2026 15:57:34.664,36030464,871,
2026-02-06T14:57:37.2224928Z06-02-2026 15:57:34.664,36030464,871,
2026-02-06T14:57:37.2224928Z06-02-2026 15:57:34.664,36030464,870,
2026-02-06T14:57:37.2224928Z06-02-2026 15:57:34.664,36030464,870,
2026-02-06T14:57:37.2224928Z06-02-2026 15:57:34.664,36030464,870,
2026-02-06T14:57:37.2224928Z06-02-2026 15:57:34.664,36030464,870,
2026-02-06T14:57:37.2224928Z06-02-2026 15:57:34.664,36030464,870,
2026-02-06T14:57:37.2224928Z06-02-2026 15:57:34.664,36030464,870,
2026-02-06T14:57:37.2224928Z06-02-2026 15:57:34.664,36030464,870,
2026-02-06T14:57:37.2224928Z06-02-2026 15:57:34.664,36030464,870,
2026-02-06T14:57:37.2224928Z06-02-2026 15:57:34.664,36030464,870,
2026-02-06T14:57:37.2224928Z06-02-2026 15:57:34.664,36030464,870,
2026-02-06T14:57:37.2224928Z06-02-2026 15:57:34.664,36030464,870,
2026-02-06T14:57:37.2329904Z06-02-2026 15:57:34.920,36032512,870,
2026-02-06T14:57:37.2329904Z06-02-2026 15:57:34.920,36032512,870,
2026-02-06T14:57:37.2329904Z06-02-2026 15:57:34.920,36032512,870,
2026-02-06T14:57:37.2329904Z06-02-2026 15:57:34.920,36032512,870,
2026-02-06T14:57:37.2329904Z06-02-2026 15:57:34.920,36032512,871,
2026-02-06T14:57:37.2329904Z06-02-2026 15:57:34.920,36032512,871,
2026-02-06T14:57:37.2329904Z06-02-2026 15:57:34.920,36032512,870,
2026-02-06T14:57:37.2329904Z06-02-2026 15:57:34.920,36032512,870,
2026-02-06T14:57:37.2329904Z06-02-2026 15:57:34.920,36032512,870,
2026-02-06T14:57:37.2329904Z06-02-2026 15:57:34.920,36032512,871,
2026-02-06T14:57:37.2329904Z06-02-2026 15:57:34.920,36032512,871,
2026-02-06T14:57:37.2329904Z06-02-2026 15:57:34.920,36032512,871,
2026-02-06T14:57:37.2329904Z06-02-2026 15:57:34.920,36032512,871,
2026-02-06T14:57:37.2329904Z06-02-2026 15:57:34.920,36032512,871,
2026-02-06T14:57:37.2329904Z06-02-2026 15:57:34.920,36032512,871,
2026-02-06T14:57:37.2329904Z06-02-2026 15:57:34.920,36032512,871,
2026-02-06T14:57:37.2329904Z06-02-2026 15:57:34.920,36032512,871,
2026-02-06T14:57:37.2329904Z06-02-2026 15:57:34.920,36032512,871,
2026-02-06T14:57:37.2329904Z06-02-2026 15:57:34.920,36032512,871,
2026-02-06T14:57:37.2329904Z06-02-2026 15:57:34.920,36032512,871,
2026-02-06T14:57:37.2329904Z06-02-2026 15:57:34.920,36032512,871,
2026-02-06T14:57:37.2329904Z06-02-2026 15:57:34.920,36032512,871,
2026-02-06T14:57:37.2329904Z06-02-2026 15:57:34.920,36032512,871,
2026-02-06T14:57:37.2329904Z06-02-2026 15:57:34.920,36032512,871,
2026-02-06T14:57:37.2329904Z06-02-2026 15:57:34.920,36032512,871,
2026-02-06T14:57:37.2329904Z06-02-2026 15:57:34.920,36032512,871,
2026-02-06T14:57:37.2329904Z06-02-2026 15:57:34.920,36032512,871,
2026-02-06T14:57:37.2329904Z06-02-2026 15:57:34.920,36032512,870,
2026-02-06T14:57:37.2329904Z06-02-2026 15:57:34.920,36032512,870,
2026-02-06T14:57:37.2329904Z06-02-2026 15:57:34.920,36032512,870,
2026-02-06T14:57:37.2329904Z06-02-2026 15:57:34.920,36032512,870,
2026-02-06T14:57:37.2329904Z06-02-2026 15:57:34.920,36032512,870,
2026-02-06T14:57:37.2482322Z06-02-2026 15:57:35.176,36034560,870,
2026-02-06T14:57:37.2482322Z06-02-2026 15:57:35.176,36034560,870,
2026-02-06T14:57:37.2482322Z06-02-2026 15:57:35.176,36034560,870,
2026-02-06T14:57:37.2482322Z06-02-2026 15:57:35.176,36034560,870,
2026-02-06T14:57:37.2482322Z06-02-2026 15:57:35.176,36034560,870,
2026-02-06T14:57:37.2482322Z06-02-2026 15:57:35.176,36034560,870,
2026-02-06T14:57:37.2482322Z06-02-2026 15:57:35.176,36034560,870,
2026-02-06T14:57:37.2482322Z06-02-2026 15:57:35.176,36034560,870,
2026-02-06T14:57:37.2482322Z06-02-2026 15:57:35.176,36034560,870,
2026-02-06T14:57:37.2482322Z06-02-2026 15:57:35.176,36034560,870,
2026-02-06T14:57:37.2482322Z06-02-2026 15:57:35.176,36034560,870,
2026-02-06T14:57:37.2482322Z06-02-2026 15:57:35.176,36034560,870,
2026-02-06T14:57:37.2482322Z06-02-2026 15:57:35.176,36034560,870,
2026-02-06T14:57:37.2482322Z06-02-2026 15:57:35.176,36034560,870,
2026-02-06T14:57:37.2482322Z06-02-2026 15:57:35.176,36034560,870,
2026-02-06T14:57:37.2482322Z06-02-2026 15:57:35.176,36034560,870,
2026-02-06T14:57:37.2482322Z06-02-2026 15:57:35.176,36034560,870,
2026-02-06T14:57:37.2482322Z06-02-2026 15:57:35.176,36034560,870,
2026-02-06T14:57:37.2482322Z06-02-2026 15:57:35.176,36034560,870,
2026-02-06T14:57:37.2482322Z06-02-2026 15:57:35.176,36034560,870,
2026-02-06T14:57:37.2482322Z06-02-2026 15:57:35.176,36034560,870,
2026-02-06T14:57:37.2482322Z06-02-2026 15:57:35.176,36034560,871,
2026-02-06T14:57:37.2482322Z06-02-2026 15:57:35.176,36034560,871,
2026-02-06T14:57:37.2482322Z06-02-2026 15:57:35.176,36034560,870,
2026-02-06T14:57:37.2482322Z06-02-2026 15:57:35.176,36034560,870,
2026-02-06T14:57:37.2482322Z06-02-2026 15:57:35.176,36034560,870,
2026-02-06T14:57:37.2482322Z06-02-2026 15:57:35.176,36034560,870,
2026-02-06T14:57:37.2482322Z06-02-2026 15:57:35.176,36034560,871,
2026-02-06T14:57:37.2482322Z06-02-2026 15:57:35.176,36034560,871,
2026-02-06T14:57:37.2482322Z06-02-2026 15:57:35.176,36034560,872,
2026-02-06T14:57:37.2482322Z06-02-2026 15:57:35.176,36034560,872,
2026-02-06T14:57:37.2482322Z06-02-2026 15:57:35.176,36034560,872,
2026-02-06T14:57:38.1935255Z06-02-2026 15:57:35.432,36036608,871,
2026-02-06T14:57:38.1935255Z06-02-2026 15:57:35.432,36036608,871,
2026-02-06T14:57:38.1935255Z06-02-2026 15:57:35.432,36036608,871,
2026-02-06T14:57:38.1935255Z06-02-2026 15:57:35.432,36036608,870,
2026-02-06T14:57:38.1935255Z06-02-2026 15:57:35.432,36036608,870,
2026-02-06T14:57:38.1935255Z06-02-2026 15:57:35.432,36036608,870,
2026-02-06T14:57:38.1935255Z06-02-2026 15:57:35.432,36036608,870,
2026-02-06T14:57:38.1935255Z06-02-2026 15:57:35.432,36036608,870,
2026-02-06T14:57:38.1935255Z06-02-2026 15:57:35.432,36036608,870,
2026-02-06T14:57:38.1935255Z06-02-2026 15:57:35.432,36036608,870,
2026-02-06T14:57:38.1935255Z06-02-2026 15:57:35.432,36036608,870,
2026-02-06T14:57:38.1935255Z06-02-2026 15:57:35.432,36036608,870,
2026-02-06T14:57:38.1935255Z06-02-2026 15:57:35.432,36036608,870,
2026-02-06T14:57:38.1935255Z06-02-2026 15:57:35.432,36036608,870,
2026-02-06T14:57:38.1935255Z06-02-2026 15:57:35.432,36036608,869,
2026-02-06T14:57:38.1935255Z06-02-2026 15:57:35.432,36036608,869,
2026-02-06T14:57:38.1935255Z06-02-2026 15:57:35.432,36036608,869,
2026-02-06T14:57:38.1935255Z06-02-2026 15:57:35.432,36036608,869,
2026-02-06T14:57:38.1935255Z06-02-2026 15:57:35.432,36036608,870,
2026-02-06T14:57:38.1935255Z06-02-2026 15:57:35.432,36036608,870,
2026-02-06T14:57:38.1935255Z06-02-2026 15:57:35.432,36036608,869,
2026-02-06T14:57:38.1935255Z06-02-2026 15:57:35.432,36036608,870,
2026-02-06T14:57:38.1935255Z06-02-2026 15:57:35.432,36036608,870,
2026-02-06T14:57:38.1935255Z06-02-2026 15:57:35.432,36036608,870,
2026-02-06T14:57:38.1935255Z06-02-2026 15:57:35.432,36036608,870,
2026-02-06T14:57:38.1935255Z06-02-2026 15:57:35.432,36036608,870,
2026-02-06T14:57:38.1935255Z06-02-2026 15:57:35.432,36036608,870,
2026-02-06T14:57:38.1935255Z06-02-2026 15:57:35.432,36036608,870,
2026-02-06T14:57:38.1935255Z06-02-2026 15:57:35.432,36036608,870,
2026-02-06T14:57:38.1935255Z06-02-2026 15:57:35.432,36036608,871,
2026-02-06T14:57:38.1935255Z06-02-2026 15:57:35.432,36036608,871,
2026-02-06T14:57:38.1935255Z06-02-2026 15:57:35.432,36036608,871,
2026-02-06T14:57:38.2049824Z06-02-2026 15:57:35.688,36038656,871,
2026-02-06T14:57:38.2049824Z06-02-2026 15:57:35.688,36038656,871,
2026-02-06T14:57:38.2049824Z06-02-2026 15:57:35.688,36038656,871,
2026-02-06T14:57:38.2049824Z06-02-2026 15:57:35.688,36038656,870,
2026-02-06T14:57:38.2049824Z06-02-2026 15:57:35.688,36038656,870,
2026-02-06T14:57:38.2049824Z06-02-2026 15:57:35.688,36038656,870,
2026-02-06T14:57:38.2049824Z06-02-2026 15:57:35.688,36038656,870,
2026-02-06T14:57:38.2049824Z06-02-2026 15:57:35.688,36038656,870,
2026-02-06T14:57:38.2049824Z06-02-2026 15:57:35.688,36038656,871,
2026-02-06T14:57:38.2049824Z06-02-2026 15:57:35.688,36038656,871,
2026-02-06T14:57:38.2049824Z06-02-2026 15:57:35.688,36038656,871,
2026-02-06T14:57:38.2049824Z06-02-2026 15:57:35.688,36038656,871,
2026-02-06T14:57:38.2049824Z06-02-2026 15:57:35.688,36038656,870,
2026-02-06T14:57:38.2049824Z06-02-2026 15:57:35.688,36038656,870,
2026-02-06T14:57:38.2049824Z06-02-2026 15:57:35.688,36038656,869,
2026-02-06T14:57:38.2049824Z06-02-2026 15:57:35.688,36038656,870,
2026-02-06T14:57:38.2049824Z06-02-2026 15:57:35.688,36038656,870,
2026-02-06T14:57:38.2049824Z06-02-2026 15:57:35.688,36038656,870,
2026-02-06T14:57:38.2049824Z06-02-2026 15:57:35.688,36038656,871,
2026-02-06T14:57:38.2049824Z06-02-2026 15:57:35.688,36038656,871,
2026-02-06T14:57:38.2049824Z06-02-2026 15:57:35.688,36038656,871,
2026-02-06T14:57:38.2049824Z06-02-2026 15:57:35.688,36038656,871,
2026-02-06T14:57:38.2049824Z06-02-2026 15:57:35.688,36038656,871,
2026-02-06T14:57:38.2049824Z06-02-2026 15:57:35.688,36038656,871,
2026-02-06T14:57:38.2049824Z06-02-2026 15:57:35.688,36038656,871,
2026-02-06T14:57:38.2049824Z06-02-2026 15:57:35.688,36038656,870,
2026-02-06T14:57:38.2049824Z06-02-2026 15:57:35.688,36038656,870,
2026-02-06T14:57:38.2049824Z06-02-2026 15:57:35.688,36038656,870,
2026-02-06T14:57:38.2049824Z06-02-2026 15:57:35.688,36038656,870,
2026-02-06T14:57:38.2049824Z06-02-2026 15:57:35.688,36038656,870,
2026-02-06T14:57:38.2049824Z06-02-2026 15:57:35.688,36038656,870,
2026-02-06T14:57:38.2049824Z06-02-2026 15:57:35.688,36038656,870,
2026-02-06T14:57:38.2169589Z06-02-2026 15:57:35.944,36040704,870,
2026-02-06T14:57:38.2169589Z06-02-2026 15:57:35.944,36040704,871,
2026-02-06T14:57:38.2169589Z06-02-2026 15:57:35.944,36040704,871,
2026-02-06T14:57:38.2169589Z06-02-2026 15:57:35.944,36040704,871,
2026-02-06T14:57:38.2169589Z06-02-2026 15:57:35.944,36040704,871,
2026-02-06T14:57:38.2169589Z06-02-2026 15:57:35.944,36040704,870,
2026-02-06T14:57:38.2169589Z06-02-2026 15:57:35.944,36040704,870,
2026-02-06T14:57:38.2169589Z06-02-2026 15:57:35.944,36040704,870,
2026-02-06T14:57:38.2169589Z06-02-2026 15:57:35.944,36040704,870,
2026-02-06T14:57:38.2169589Z06-02-2026 15:57:35.944,36040704,870,
2026-02-06T14:57:38.2169589Z06-02-2026 15:57:35.944,36040704,870,
2026-02-06T14:57:38.2169589Z06-02-2026 15:57:35.944,36040704,871,
2026-02-06T14:57:38.2169589Z06-02-2026 15:57:35.944,36040704,870,
2026-02-06T14:57:38.2169589Z06-02-2026 15:57:35.944,36040704,869,
2026-02-06T14:57:38.2169589Z06-02-2026 15:57:35.944,36040704,869,
2026-02-06T14:57:38.2169589Z06-02-2026 15:57:35.944,36040704,869,
2026-02-06T14:57:38.2169589Z06-02-2026 15:57:35.944,36040704,870,
2026-02-06T14:57:38.2169589Z06-02-2026 15:57:35.944,36040704,870,
2026-02-06T14:57:38.2169589Z06-02-2026 15:57:35.944,36040704,870,
2026-02-06T14:57:38.2169589Z06-02-2026 15:57:35.944,36040704,870,
2026-02-06T14:57:38.2169589Z06-02-2026 15:57:35.944,36040704,870,
2026-02-06T14:57:38.2169589Z06-02-2026 15:57:35.944,36040704,870,
2026-02-06T14:57:38.2169589Z06-02-2026 15:57:35.944,36040704,870,
2026-02-06T14:57:38.2169589Z06-02-2026 15:57:35.944,36040704,871,
2026-02-06T14:57:38.2169589Z06-02-2026 15:57:35.944,36040704,871,
2026-02-06T14:57:38.2169589Z06-02-2026 15:57:35.944,36040704,872,
2026-02-06T14:57:38.2169589Z06-02-2026 15:57:35.944,36040704,872,
2026-02-06T14:57:38.2169589Z06-02-2026 15:57:35.944,36040704,872,
2026-02-06T14:57:38.2169589Z06-02-2026 15:57:35.944,36040704,871,
2026-02-06T14:57:38.2169589Z06-02-2026 15:57:35.944,36040704,870,
2026-02-06T14:57:38.2169589Z06-02-2026 15:57:35.944,36040704,870,
2026-02-06T14:57:38.2169589Z06-02-2026 15:57:35.944,36040704,870,
2026-02-06T14:57:38.2328823Z06-02-2026 15:57:36.200,36042752,871,
2026-02-06T14:57:38.2328823Z06-02-2026 15:57:36.200,36042752,870,
2026-02-06T14:57:38.2328823Z06-02-2026 15:57:36.200,36042752,870,
2026-02-06T14:57:38.2328823Z06-02-2026 15:57:36.200,36042752,869,
2026-02-06T14:57:38.2328823Z06-02-2026 15:57:36.200,36042752,869,
2026-02-06T14:57:38.2328823Z06-02-2026 15:57:36.200,36042752,869,
2026-02-06T14:57:38.2328823Z06-02-2026 15:57:36.200,36042752,870,
2026-02-06T14:57:38.2328823Z06-02-2026 15:57:36.200,36042752,870,
2026-02-06T14:57:38.2328823Z06-02-2026 15:57:36.200,36042752,870,
2026-02-06T14:57:38.2328823Z06-02-2026 15:57:36.200,36042752,870,
2026-02-06T14:57:38.2328823Z06-02-2026 15:57:36.200,36042752,870,
2026-02-06T14:57:38.2328823Z06-02-2026 15:57:36.200,36042752,870,
2026-02-06T14:57:38.2328823Z06-02-2026 15:57:36.200,36042752,870,
2026-02-06T14:57:38.2328823Z06-02-2026 15:57:36.200,36042752,869,
2026-02-06T14:57:38.2328823Z06-02-2026 15:57:36.200,36042752,869,
2026-02-06T14:57:38.2328823Z06-02-2026 15:57:36.200,36042752,869,
2026-02-06T14:57:38.2328823Z06-02-2026 15:57:36.200,36042752,869,
2026-02-06T14:57:38.2328823Z06-02-2026 15:57:36.200,36042752,870,
2026-02-06T14:57:38.2328823Z06-02-2026 15:57:36.200,36042752,870,
2026-02-06T14:57:38.2328823Z06-02-2026 15:57:36.200,36042752,870,
2026-02-06T14:57:38.2328823Z06-02-2026 15:57:36.200,36042752,870,
2026-02-06T14:57:38.2328823Z06-02-2026 15:57:36.200,36042752,870,
2026-02-06T14:57:38.2328823Z06-02-2026 15:57:36.200,36042752,870,
2026-02-06T14:57:38.2328823Z06-02-2026 15:57:36.200,36042752,870,
2026-02-06T14:57:38.2328823Z06-02-2026 15:57:36.200,36042752,870,
2026-02-06T14:57:38.2328823Z06-02-2026 15:57:36.200,36042752,870,
2026-02-06T14:57:38.2328823Z06-02-2026 15:57:36.200,36042752,870,
2026-02-06T14:57:38.2328823Z06-02-2026 15:57:36.200,36042752,870,
2026-02-06T14:57:38.2328823Z06-02-2026 15:57:36.200,36042752,870,
2026-02-06T14:57:38.2328823Z06-02-2026 15:57:36.200,36042752,870,
2026-02-06T14:57:38.2328823Z06-02-2026 15:57:36.200,36042752,870,
2026-02-06T14:57:38.2328823Z06-02-2026 15:57:36.200,36042752,870,
2026-02-06T14:57:39.2221370Z06-02-2026 15:57:36.456,36044800,4.38,
2026-02-06T14:57:39.2221370Z06-02-2026 15:57:36.456,36044800,4.38,
2026-02-06T14:57:39.2221370Z06-02-2026 15:57:36.456,36044800,4.38,
2026-02-06T14:57:39.2221370Z06-02-2026 15:57:36.456,36044800,4.31,
2026-02-06T14:57:39.2221370Z06-02-2026 15:57:36.456,36044800,4.31,
2026-02-06T14:57:39.2221370Z06-02-2026 15:57:36.456,36044800,4.31,
2026-02-06T14:57:39.2221370Z06-02-2026 15:57:36.456,36044800,4.31,
2026-02-06T14:57:39.2221370Z06-02-2026 15:57:36.456,36044800,4.31,
2026-02-06T14:57:39.2221370Z06-02-2026 15:57:36.456,36044800,4.31,
2026-02-06T14:57:39.2221370Z06-02-2026 15:57:36.456,36044800,4.38,
2026-02-06T14:57:39.2221370Z06-02-2026 15:57:36.456,36044800,4.38,
2026-02-06T14:57:39.2221370Z06-02-2026 15:57:36.456,36044800,4.38,
2026-02-06T14:57:39.2221370Z06-02-2026 15:57:36.456,36044800,4.31,
2026-02-06T14:57:39.2221370Z06-02-2026 15:57:36.456,36044800,4.31,
2026-02-06T14:57:39.2221370Z06-02-2026 15:57:36.456,36044800,4.31,
2026-02-06T14:57:39.2221370Z06-02-2026 15:57:36.456,36044800,4.31,
2026-02-06T14:57:39.2221370Z06-02-2026 15:57:36.456,36044800,4.38,
2026-02-06T14:57:39.2221370Z06-02-2026 15:57:36.456,36044800,4.38,
2026-02-06T14:57:39.2221370Z06-02-2026 15:57:36.456,36044800,4.38,
2026-02-06T14:57:39.2221370Z06-02-2026 15:57:36.456,36044800,4.38,
2026-02-06T14:57:39.2221370Z06-02-2026 15:57:36.456,36044800,4.31,
2026-02-06T14:57:39.2221370Z06-02-2026 15:57:36.456,36044800,4.31,
2026-02-06T14:57:39.2221370Z06-02-2026 15:57:36.456,36044800,4.38,
2026-02-06T14:57:39.2221370Z06-02-2026 15:57:36.456,36044800,4.38,
2026-02-06T14:57:39.2221370Z06-02-2026 15:57:36.456,36044800,4.38,
2026-02-06T14:57:39.2221370Z06-02-2026 15:57:36.456,36044800,4.38,
2026-02-06T14:57:39.2221370Z06-02-2026 15:57:36.456,36044800,4.38,
2026-02-06T14:57:39.2221370Z06-02-2026 15:57:36.456,36044800,4.38,
2026-02-06T14:57:39.2221370Z06-02-2026 15:57:36.456,36044800,4.38,
2026-02-06T14:57:39.2221370Z06-02-2026 15:57:36.456,36044800,4.38,
2026-02-06T14:57:39.2221370Z06-02-2026 15:57:36.456,36044800,4.38,
2026-02-06T14:57:39.2221370Z06-02-2026 15:57:36.456,36044800,4.38,
2026-02-06T14:57:39.2314228Z06-02-2026 15:57:36.712,36046848,4.38,
2026-02-06T14:57:39.2314228Z06-02-2026 15:57:36.712,36046848,4.38,
2026-02-06T14:57:39.2314228Z06-02-2026 15:57:36.712,36046848,4.38,
2026-02-06T14:57:39.2314228Z06-02-2026 15:57:36.712,36046848,4.31,
2026-02-06T14:57:39.2314228Z06-02-2026 15:57:36.712,36046848,4.31,
2026-02-06T14:57:39.2314228Z06-02-2026 15:57:36.712,36046848,4.31,
2026-02-06T14:57:39.2314228Z06-02-2026 15:57:36.712,36046848,4.38,
2026-02-06T14:57:39.2314228Z06-02-2026 15:57:36.712,36046848,4.38,
2026-02-06T14:57:39.2314228Z06-02-2026 15:57:36.712,36046848,4.38,
2026-02-06T14:57:39.2314228Z06-02-2026 15:57:36.712,36046848,4.38,
2026-02-06T14:57:39.2314228Z06-02-2026 15:57:36.712,36046848,4.38,
2026-02-06T14:57:39.2314228Z06-02-2026 15:57:36.712,36046848,4.38,
2026-02-06T14:57:39.2314228Z06-02-2026 15:57:36.712,36046848,4.44,
2026-02-06T14:57:39.2314228Z06-02-2026 15:57:36.712,36046848,4.44,
2026-02-06T14:57:39.2314228Z06-02-2026 15:57:36.712,36046848,4.38,
2026-02-06T14:57:39.2314228Z06-02-2026 15:57:36.712,36046848,4.38,
2026-02-06T14:57:39.2314228Z06-02-2026 15:57:36.712,36046848,4.38,
2026-02-06T14:57:39.2314228Z06-02-2026 15:57:36.712,36046848,4.38,
2026-02-06T14:57:39.2314228Z06-02-2026 15:57:36.712,36046848,4.38,
2026-02-06T14:57:39.2314228Z06-02-2026 15:57:36.712,36046848,4.38,
2026-02-06T14:57:39.2314228Z06-02-2026 15:57:36.712,36046848,4.38,
2026-02-06T14:57:39.2314228Z06-02-2026 15:57:36.712,36046848,4.38,
2026-02-06T14:57:39.2314228Z06-02-2026 15:57:36.712,36046848,4.38,
2026-02-06T14:57:39.2314228Z06-02-2026 15:57:36.712,36046848,4.38,
2026-02-06T14:57:39.2314228Z06-02-2026 15:57:36.712,36046848,4.44,
2026-02-06T14:57:39.2314228Z06-02-2026 15:57:36.712,36046848,4.44,
2026-02-06T14:57:39.2314228Z06-02-2026 15:57:36.712,36046848,4.38,
2026-02-06T14:57:39.2314228Z06-02-2026 15:57:36.712,36046848,4.38,
2026-02-06T14:57:39.2314228Z06-02-2026 15:57:36.712,36046848,4.38,
2026-02-06T14:57:39.2314228Z06-02-2026 15:57:36.712,36046848,4.38,
2026-02-06T14:57:39.2314228Z06-02-2026 15:57:36.712,36046848,4.38,
2026-02-06T14:57:39.2314228Z06-02-2026 15:57:36.712,36046848,4.44,
2026-02-06T14:57:39.2377768Z06-02-2026 15:57:36.968,36048896,4.44,
2026-02-06T14:57:39.2377768Z06-02-2026 15:57:36.968,36048896,4.44,
2026-02-06T14:57:39.2377768Z06-02-2026 15:57:36.968,36048896,4.44,
2026-02-06T14:57:39.2377768Z06-02-2026 15:57:36.968,36048896,4.44,
2026-02-06T14:57:39.2377768Z06-02-2026 15:57:36.968,36048896,4.44,
2026-02-06T14:57:39.2377768Z06-02-2026 15:57:36.968,36048896,4.44,
2026-02-06T14:57:39.2377768Z06-02-2026 15:57:36.968,36048896,4.44,
2026-02-06T14:57:39.2377768Z06-02-2026 15:57:36.968,36048896,4.38,
2026-02-06T14:57:39.2377768Z06-02-2026 15:57:36.968,36048896,4.38,
2026-02-06T14:57:39.2377768Z06-02-2026 15:57:36.968,36048896,4.38,
2026-02-06T14:57:39.2377768Z06-02-2026 15:57:36.968,36048896,4.38,
2026-02-06T14:57:39.2377768Z06-02-2026 15:57:36.968,36048896,4.38,
2026-02-06T14:57:39.2377768Z06-02-2026 15:57:36.968,36048896,4.38,
2026-02-06T14:57:39.2377768Z06-02-2026 15:57:36.968,36048896,4.38,
2026-02-06T14:57:39.2377768Z06-02-2026 15:57:36.968,36048896,4.44,
2026-02-06T14:57:39.2377768Z06-02-2026 15:57:36.968,36048896,4.38,
2026-02-06T14:57:39.2377768Z06-02-2026 15:57:36.968,36048896,4.38,
2026-02-06T14:57:39.2377768Z06-02-2026 15:57:36.968,36048896,4.38,
2026-02-06T14:57:39.2377768Z06-02-2026 15:57:36.968,36048896,4.38,
2026-02-06T14:57:39.2377768Z06-02-2026 15:57:36.968,36048896,4.38,
2026-02-06T14:57:39.2377768Z06-02-2026 15:57:36.968,36048896,4.44,
2026-02-06T14:57:39.2377768Z06-02-2026 15:57:36.968,36048896,4.44,
2026-02-06T14:57:39.2377768Z06-02-2026 15:57:36.968,36048896,4.44,
2026-02-06T14:57:39.2377768Z06-02-2026 15:57:36.968,36048896,4.38,
2026-02-06T14:57:39.2377768Z06-02-2026 15:57:36.968,36048896,4.38,
2026-02-06T14:57:39.2377768Z06-02-2026 15:57:36.968,36048896,4.38,
2026-02-06T14:57:39.2377768Z06-02-2026 15:57:36.968,36048896,4.38,
2026-02-06T14:57:39.2377768Z06-02-2026 15:57:36.968,36048896,4.38,
2026-02-06T14:57:39.2377768Z06-02-2026 15:57:36.968,36048896,4.38,
2026-02-06T14:57:39.2377768Z06-02-2026 15:57:36.968,36048896,4.38,
2026-02-06T14:57:39.2377768Z06-02-2026 15:57:36.968,36048896,4.38,
2026-02-06T14:57:39.2377768Z06-02-2026 15:57:36.968,36048896,4.44,
2026-02-06T14:57:39.2519844Z06-02-2026 15:57:37.224,36050944,4.38,
2026-02-06T14:57:39.2519844Z06-02-2026 15:57:37.224,36050944,4.38,
2026-02-06T14:57:39.2519844Z06-02-2026 15:57:37.224,36050944,4.38,
2026-02-06T14:57:39.2519844Z06-02-2026 15:57:37.224,36050944,4.38,
2026-02-06T14:57:39.2519844Z06-02-2026 15:57:37.224,36050944,4.44,
2026-02-06T14:57:39.2519844Z06-02-2026 15:57:37.224,36050944,4.44,
2026-02-06T14:57:39.2519844Z06-02-2026 15:57:37.224,36050944,4.44,
2026-02-06T14:57:39.2519844Z06-02-2026 15:57:37.224,36050944,4.44,
2026-02-06T14:57:39.2519844Z06-02-2026 15:57:37.224,36050944,4.44,
2026-02-06T14:57:39.2519844Z06-02-2026 15:57:37.224,36050944,4.44,
2026-02-06T14:57:39.2519844Z06-02-2026 15:57:37.224,36050944,4.38,
2026-02-06T14:57:39.2519844Z06-02-2026 15:57:37.224,36050944,4.38,
2026-02-06T14:57:39.2519844Z06-02-2026 15:57:37.224,36050944,4.38,
2026-02-06T14:57:39.2519844Z06-02-2026 15:57:37.224,36050944,4.38,
2026-02-06T14:57:39.2519844Z06-02-2026 15:57:37.224,36050944,4.38,
2026-02-06T14:57:39.2519844Z06-02-2026 15:57:37.224,36050944,4.38,
2026-02-06T14:57:39.2519844Z06-02-2026 15:57:37.224,36050944,4.44,
2026-02-06T14:57:39.2519844Z06-02-2026 15:57:37.224,36050944,4.38,
2026-02-06T14:57:39.2519844Z06-02-2026 15:57:37.224,36050944,4.38,
2026-02-06T14:57:39.2519844Z06-02-2026 15:57:37.224,36050944,4.38,
2026-02-06T14:57:39.2519844Z06-02-2026 15:57:37.224,36050944,4.38,
2026-02-06T14:57:39.2519844Z06-02-2026 15:57:37.224,36050944,4.38,
2026-02-06T14:57:39.2519844Z06-02-2026 15:57:37.224,36050944,4.38,
2026-02-06T14:57:39.2519844Z06-02-2026 15:57:37.224,36050944,4.38,
2026-02-06T14:57:39.2519844Z06-02-2026 15:57:37.224,36050944,4.38,
2026-02-06T14:57:39.2519844Z06-02-2026 15:57:37.224,36050944,4.31,
2026-02-06T14:57:39.2519844Z06-02-2026 15:57:37.224,36050944,4.31,
2026-02-06T14:57:39.2519844Z06-02-2026 15:57:37.224,36050944,4.38,
2026-02-06T14:57:39.2519844Z06-02-2026 15:57:37.224,36050944,4.38,
2026-02-06T14:57:39.2519844Z06-02-2026 15:57:37.224,36050944,4.38,
2026-02-06T14:57:39.2519844Z06-02-2026 15:57:37.224,36050944,4.38,
2026-02-06T14:57:39.2519844Z06-02-2026 15:57:37.224,36050944,4.38,
2026-02-06T14:57:40.2499071Z06-02-2026 15:57:37.480,36052992,4.38,
2026-02-06T14:57:40.2499071Z06-02-2026 15:57:37.480,36052992,4.44,
2026-02-06T14:57:40.2499071Z06-02-2026 15:57:37.480,36052992,4.44,
2026-02-06T14:57:40.2499071Z06-02-2026 15:57:37.480,36052992,4.44,
2026-02-06T14:57:40.2499071Z06-02-2026 15:57:37.480,36052992,4.44,
2026-02-06T14:57:40.2499071Z06-02-2026 15:57:37.480,36052992,4.38,
2026-02-06T14:57:40.2499071Z06-02-2026 15:57:37.480,36052992,4.38,
2026-02-06T14:57:40.2499071Z06-02-2026 15:57:37.480,36052992,4.44,
2026-02-06T14:57:40.2499071Z06-02-2026 15:57:37.480,36052992,4.44,
2026-02-06T14:57:40.2499071Z06-02-2026 15:57:37.480,36052992,4.44,
2026-02-06T14:57:40.2499071Z06-02-2026 15:57:37.480,36052992,4.44,
2026-02-06T14:57:40.2499071Z06-02-2026 15:57:37.480,36052992,4.44,
2026-02-06T14:57:40.2499071Z06-02-2026 15:57:37.480,36052992,4.38,
2026-02-06T14:57:40.2499071Z06-02-2026 15:57:37.480,36052992,4.38,
2026-02-06T14:57:40.2499071Z06-02-2026 15:57:37.480,36052992,4.38,
2026-02-06T14:57:40.2499071Z06-02-2026 15:57:37.480,36052992,4.38,
2026-02-06T14:57:40.2499071Z06-02-2026 15:57:37.480,36052992,4.38,
2026-02-06T14:57:40.2499071Z06-02-2026 15:57:37.480,36052992,4.38,
2026-02-06T14:57:40.2499071Z06-02-2026 15:57:37.480,36052992,4.38,
2026-02-06T14:57:40.2499071Z06-02-2026 15:57:37.480,36052992,4.38,
2026-02-06T14:57:40.2499071Z06-02-2026 15:57:37.480,36052992,4.38,
2026-02-06T14:57:40.2499071Z06-02-2026 15:57:37.480,36052992,4.38,
2026-02-06T14:57:40.2499071Z06-02-2026 15:57:37.480,36052992,4.38,
2026-02-06T14:57:40.2499071Z06-02-2026 15:57:37.480,36052992,4.44,
2026-02-06T14:57:40.2499071Z06-02-2026 15:57:37.480,36052992,4.44,
2026-02-06T14:57:40.2499071Z06-02-2026 15:57:37.480,36052992,4.44,
2026-02-06T14:57:40.2499071Z06-02-2026 15:57:37.480,36052992,4.44,
2026-02-06T14:57:40.2499071Z06-02-2026 15:57:37.480,36052992,4.44,
2026-02-06T14:57:40.2499071Z06-02-2026 15:57:37.480,36052992,4.38,
2026-02-06T14:57:40.2499071Z06-02-2026 15:57:37.480,36052992,4.38,
2026-02-06T14:57:40.2499071Z06-02-2026 15:57:37.480,36052992,4.38,
2026-02-06T14:57:40.2499071Z06-02-2026 15:57:37.480,36052992,4.38,
2026-02-06T14:57:40.2614029Z06-02-2026 15:57:37.736,36055040,4.38,
2026-02-06T14:57:40.2614029Z06-02-2026 15:57:37.736,36055040,4.38,
2026-02-06T14:57:40.2614029Z06-02-2026 15:57:37.736,36055040,4.38,
2026-02-06T14:57:40.2614029Z06-02-2026 15:57:37.736,36055040,4.38,
2026-02-06T14:57:40.2614029Z06-02-2026 15:57:37.736,36055040,4.38,
2026-02-06T14:57:40.2614029Z06-02-2026 15:57:37.736,36055040,4.38,
2026-02-06T14:57:40.2614029Z06-02-2026 15:57:37.736,36055040,4.38,
2026-02-06T14:57:40.2614029Z06-02-2026 15:57:37.736,36055040,4.38,
2026-02-06T14:57:40.2614029Z06-02-2026 15:57:37.736,36055040,4.38,
2026-02-06T14:57:40.2614029Z06-02-2026 15:57:37.736,36055040,4.44,
2026-02-06T14:57:40.2614029Z06-02-2026 15:57:37.736,36055040,4.44,
2026-02-06T14:57:40.2614029Z06-02-2026 15:57:37.736,36055040,4.44,
2026-02-06T14:57:40.2614029Z06-02-2026 15:57:37.736,36055040,4.44,
2026-02-06T14:57:40.2614029Z06-02-2026 15:57:37.736,36055040,4.44,
2026-02-06T14:57:40.2614029Z06-02-2026 15:57:37.736,36055040,4.38,
2026-02-06T14:57:40.2614029Z06-02-2026 15:57:37.736,36055040,4.38,
2026-02-06T14:57:40.2614029Z06-02-2026 15:57:37.736,36055040,4.44,
2026-02-06T14:57:40.2614029Z06-02-2026 15:57:37.736,36055040,4.44,
2026-02-06T14:57:40.2614029Z06-02-2026 15:57:37.736,36055040,4.44,
2026-02-06T14:57:40.2614029Z06-02-2026 15:57:37.736,36055040,4.44,
2026-02-06T14:57:40.2614029Z06-02-2026 15:57:37.736,36055040,4.44,
2026-02-06T14:57:40.2614029Z06-02-2026 15:57:37.736,36055040,4.44,
2026-02-06T14:57:40.2614029Z06-02-2026 15:57:37.736,36055040,4.44,
2026-02-06T14:57:40.2614029Z06-02-2026 15:57:37.736,36055040,4.38,
2026-02-06T14:57:40.2614029Z06-02-2026 15:57:37.736,36055040,4.38,
2026-02-06T14:57:40.2614029Z06-02-2026 15:57:37.736,36055040,4.38,
2026-02-06T14:57:40.2614029Z06-02-2026 15:57:37.736,36055040,4.31,
2026-02-06T14:57:40.2614029Z06-02-2026 15:57:37.736,36055040,4.31,
2026-02-06T14:57:40.2614029Z06-02-2026 15:57:37.736,36055040,4.31,
2026-02-06T14:57:40.2614029Z06-02-2026 15:57:37.736,36055040,4.38,
2026-02-06T14:57:40.2614029Z06-02-2026 15:57:37.736,36055040,4.38,
2026-02-06T14:57:40.2614029Z06-02-2026 15:57:37.736,36055040,4.38,
2026-02-06T14:57:40.2670840Z06-02-2026 15:57:37.992,36057088,4.38,
2026-02-06T14:57:40.2670840Z06-02-2026 15:57:37.992,36057088,4.38,
2026-02-06T14:57:40.2670840Z06-02-2026 15:57:37.992,36057088,4.44,
2026-02-06T14:57:40.2670840Z06-02-2026 15:57:37.992,36057088,4.44,
2026-02-06T14:57:40.2670840Z06-02-2026 15:57:37.992,36057088,4.44,
2026-02-06T14:57:40.2670840Z06-02-2026 15:57:37.992,36057088,4.38,
2026-02-06T14:57:40.2670840Z06-02-2026 15:57:37.992,36057088,4.38,
2026-02-06T14:57:40.2670840Z06-02-2026 15:57:37.992,36057088,4.31,
2026-02-06T14:57:40.2670840Z06-02-2026 15:57:37.992,36057088,4.31,
2026-02-06T14:57:40.2670840Z06-02-2026 15:57:37.992,36057088,4.38,
2026-02-06T14:57:40.2670840Z06-02-2026 15:57:37.992,36057088,4.44,
2026-02-06T14:57:40.2670840Z06-02-2026 15:57:37.992,36057088,4.44,
2026-02-06T14:57:40.2670840Z06-02-2026 15:57:37.992,36057088,4.44,
2026-02-06T14:57:40.2670840Z06-02-2026 15:57:37.992,36057088,4.44,
2026-02-06T14:57:40.2670840Z06-02-2026 15:57:37.992,36057088,4.44,
2026-02-06T14:57:40.2670840Z06-02-2026 15:57:37.992,36057088,4.44,
2026-02-06T14:57:40.2670840Z06-02-2026 15:57:37.992,36057088,4.44,
2026-02-06T14:57:40.2670840Z06-02-2026 15:57:37.992,36057088,4.38,
2026-02-06T14:57:40.2670840Z06-02-2026 15:57:37.992,36057088,4.38,
2026-02-06T14:57:40.2670840Z06-02-2026 15:57:37.992,36057088,4.31,
2026-02-06T14:57:40.2670840Z06-02-2026 15:57:37.992,36057088,4.38,
2026-02-06T14:57:40.2670840Z06-02-2026 15:57:37.992,36057088,4.38,
2026-02-06T14:57:40.2670840Z06-02-2026 15:57:37.992,36057088,4.38,
2026-02-06T14:57:40.2670840Z06-02-2026 15:57:37.992,36057088,4.38,
2026-02-06T14:57:40.2670840Z06-02-2026 15:57:37.992,36057088,4.31,
2026-02-06T14:57:40.2670840Z06-02-2026 15:57:37.992,36057088,4.31,
2026-02-06T14:57:40.2670840Z06-02-2026 15:57:37.992,36057088,4.38,
2026-02-06T14:57:40.2670840Z06-02-2026 15:57:37.992,36057088,4.38,
2026-02-06T14:57:40.2670840Z06-02-2026 15:57:37.992,36057088,4.38,
2026-02-06T14:57:40.2670840Z06-02-2026 15:57:37.992,36057088,4.38,
2026-02-06T14:57:40.2670840Z06-02-2026 15:57:37.992,36057088,4.38,
2026-02-06T14:57:40.2670840Z06-02-2026 15:57:37.992,36057088,4.38,
2026-02-06T14:57:40.2767155Z06-02-2026 15:57:38.248,36059136,4.38,
2026-02-06T14:57:40.2767155Z06-02-2026 15:57:38.248,36059136,4.38,
2026-02-06T14:57:40.2767155Z06-02-2026 15:57:38.248,36059136,4.38,
2026-02-06T14:57:40.2767155Z06-02-2026 15:57:38.248,36059136,4.38,
2026-02-06T14:57:40.2767155Z06-02-2026 15:57:38.248,36059136,4.38,
2026-02-06T14:57:40.2767155Z06-02-2026 15:57:38.248,36059136,4.38,
2026-02-06T14:57:40.2767155Z06-02-2026 15:57:38.248,36059136,4.38,
2026-02-06T14:57:40.2767155Z06-02-2026 15:57:38.248,36059136,4.38,
2026-02-06T14:57:40.2767155Z06-02-2026 15:57:38.248,36059136,4.38,
2026-02-06T14:57:40.2767155Z06-02-2026 15:57:38.248,36059136,4.38,
2026-02-06T14:57:40.2767155Z06-02-2026 15:57:38.248,36059136,4.38,
2026-02-06T14:57:40.2767155Z06-02-2026 15:57:38.248,36059136,4.44,
2026-02-06T14:57:40.2767155Z06-02-2026 15:57:38.248,36059136,4.44,
2026-02-06T14:57:40.2767155Z06-02-2026 15:57:38.248,36059136,4.44,
2026-02-06T14:57:40.2767155Z06-02-2026 15:57:38.248,36059136,4.38,
2026-02-06T14:57:40.2767155Z06-02-2026 15:57:38.248,36059136,4.38,
2026-02-06T14:57:40.2767155Z06-02-2026 15:57:38.248,36059136,4.31,
2026-02-06T14:57:40.2767155Z06-02-2026 15:57:38.248,36059136,4.31,
2026-02-06T14:57:40.2767155Z06-02-2026 15:57:38.248,36059136,4.31,
2026-02-06T14:57:40.2767155Z06-02-2026 15:57:38.248,36059136,4.31,
2026-02-06T14:57:40.2767155Z06-02-2026 15:57:38.248,36059136,4.31,
2026-02-06T14:57:40.2767155Z06-02-2026 15:57:38.248,36059136,4.31,
2026-02-06T14:57:40.2767155Z06-02-2026 15:57:38.248,36059136,4.31,
2026-02-06T14:57:40.2767155Z06-02-2026 15:57:38.248,36059136,4.31,
2026-02-06T14:57:40.2767155Z06-02-2026 15:57:38.248,36059136,4.38,
2026-02-06T14:57:40.2767155Z06-02-2026 15:57:38.248,36059136,4.38,
2026-02-06T14:57:40.2767155Z06-02-2026 15:57:38.248,36059136,4.38,
2026-02-06T14:57:40.2767155Z06-02-2026 15:57:38.248,36059136,4.31,
2026-02-06T14:57:40.2767155Z06-02-2026 15:57:38.248,36059136,4.31,
2026-02-06T14:57:40.2767155Z06-02-2026 15:57:38.248,36059136,4.31,
2026-02-06T14:57:40.2767155Z06-02-2026 15:57:38.248,36059136,4.31,
2026-02-06T14:57:40.2767155Z06-02-2026 15:57:38.248,36059136,4.31,
2026-02-06T14:57:41.2555374Z06-02-2026 15:57:38.504,36061184,4.31,
2026-02-06T14:57:41.2555374Z06-02-2026 15:57:38.504,36061184,4.31,
2026-02-06T14:57:41.2555374Z06-02-2026 15:57:38.504,36061184,4.38,
2026-02-06T14:57:41.2555374Z06-02-2026 15:57:38.504,36061184,4.38,
2026-02-06T14:57:41.2555374Z06-02-2026 15:57:38.504,36061184,4.44,
2026-02-06T14:57:41.2555374Z06-02-2026 15:57:38.504,36061184,4.44,
2026-02-06T14:57:41.2555374Z06-02-2026 15:57:38.504,36061184,4.38,
2026-02-06T14:57:41.2555374Z06-02-2026 15:57:38.504,36061184,4.38,
2026-02-06T14:57:41.2555374Z06-02-2026 15:57:38.504,36061184,4.38,
2026-02-06T14:57:41.2555374Z06-02-2026 15:57:38.504,36061184,4.38,
2026-02-06T14:57:41.2555374Z06-02-2026 15:57:38.504,36061184,4.38,
2026-02-06T14:57:41.2555374Z06-02-2026 15:57:38.504,36061184,4.38,
2026-02-06T14:57:41.2555374Z06-02-2026 15:57:38.504,36061184,4.38,
2026-02-06T14:57:41.2555374Z06-02-2026 15:57:38.504,36061184,4.38,
2026-02-06T14:57:41.2555374Z06-02-2026 15:57:38.504,36061184,4.38,
2026-02-06T14:57:41.2555374Z06-02-2026 15:57:38.504,36061184,4.38,
2026-02-06T14:57:41.2555374Z06-02-2026 15:57:38.504,36061184,4.38,
2026-02-06T14:57:41.2555374Z06-02-2026 15:57:38.504,36061184,4.38,
2026-02-06T14:57:41.2555374Z06-02-2026 15:57:38.504,36061184,4.44,
2026-02-06T14:57:41.2555374Z06-02-2026 15:57:38.504,36061184,4.38,
2026-02-06T14:57:41.2555374Z06-02-2026 15:57:38.504,36061184,4.38,
2026-02-06T14:57:41.2555374Z06-02-2026 15:57:38.504,36061184,4.31,
2026-02-06T14:57:41.2555374Z06-02-2026 15:57:38.504,36061184,4.31,
2026-02-06T14:57:41.2555374Z06-02-2026 15:57:38.504,36061184,4.31,
2026-02-06T14:57:41.2555374Z06-02-2026 15:57:38.504,36061184,4.38,
2026-02-06T14:57:41.2555374Z06-02-2026 15:57:38.504,36061184,4.38,
2026-02-06T14:57:41.2555374Z06-02-2026 15:57:38.504,36061184,4.38,
2026-02-06T14:57:41.2555374Z06-02-2026 15:57:38.504,36061184,4.38,
2026-02-06T14:57:41.2555374Z06-02-2026 15:57:38.504,36061184,4.38,
2026-02-06T14:57:41.2555374Z06-02-2026 15:57:38.504,36061184,4.38,
2026-02-06T14:57:41.2555374Z06-02-2026 15:57:38.504,36061184,4.38,
2026-02-06T14:57:41.2555374Z06-02-2026 15:57:38.504,36061184,4.38,
2026-02-06T14:57:41.2966038Z06-02-2026 15:57:38.760,36063232,4.31,
2026-02-06T14:57:41.2966038Z06-02-2026 15:57:38.760,36063232,4.31,
2026-02-06T14:57:41.2966038Z06-02-2026 15:57:38.760,36063232,4.31,
2026-02-06T14:57:41.2966038Z06-02-2026 15:57:38.760,36063232,4.38,
2026-02-06T14:57:41.2966038Z06-02-2026 15:57:38.760,36063232,4.38,
2026-02-06T14:57:41.2966038Z06-02-2026 15:57:38.760,36063232,4.38,
2026-02-06T14:57:41.2966038Z06-02-2026 15:57:38.760,36063232,4.38,
2026-02-06T14:57:41.2966038Z06-02-2026 15:57:38.760,36063232,4.38,
2026-02-06T14:57:41.2966038Z06-02-2026 15:57:38.760,36063232,4.38,
2026-02-06T14:57:41.2966038Z06-02-2026 15:57:38.760,36063232,4.38,
2026-02-06T14:57:41.2966038Z06-02-2026 15:57:38.760,36063232,4.38,
2026-02-06T14:57:41.2966038Z06-02-2026 15:57:38.760,36063232,4.38,
2026-02-06T14:57:41.2966038Z06-02-2026 15:57:38.760,36063232,4.38,
2026-02-06T14:57:41.2966038Z06-02-2026 15:57:38.760,36063232,4.38,
2026-02-06T14:57:41.2966038Z06-02-2026 15:57:38.760,36063232,4.38,
2026-02-06T14:57:41.2966038Z06-02-2026 15:57:38.760,36063232,4.38,
2026-02-06T14:57:41.2966038Z06-02-2026 15:57:38.760,36063232,4.38,
2026-02-06T14:57:41.2966038Z06-02-2026 15:57:38.760,36063232,4.38,
2026-02-06T14:57:41.2966038Z06-02-2026 15:57:38.760,36063232,4.38,
2026-02-06T14:57:41.2966038Z06-02-2026 15:57:38.760,36063232,4.38,
2026-02-06T14:57:41.2966038Z06-02-2026 15:57:38.760,36063232,4.38,
2026-02-06T14:57:41.2966038Z06-02-2026 15:57:38.760,36063232,4.38,
2026-02-06T14:57:41.2966038Z06-02-2026 15:57:38.760,36063232,4.38,
2026-02-06T14:57:41.2966038Z06-02-2026 15:57:38.760,36063232,4.38,
2026-02-06T14:57:41.2966038Z06-02-2026 15:57:38.760,36063232,4.31,
2026-02-06T14:57:41.2966038Z06-02-2026 15:57:38.760,36063232,4.31,
2026-02-06T14:57:41.2966038Z06-02-2026 15:57:38.760,36063232,4.38,
2026-02-06T14:57:41.2966038Z06-02-2026 15:57:38.760,36063232,4.38,
2026-02-06T14:57:41.2966038Z06-02-2026 15:57:38.760,36063232,4.38,
2026-02-06T14:57:41.2966038Z06-02-2026 15:57:38.760,36063232,4.38,
2026-02-06T14:57:41.2966038Z06-02-2026 15:57:38.760,36063232,4.31,
2026-02-06T14:57:41.2966038Z06-02-2026 15:57:38.760,36063232,4.31,
2026-02-06T14:57:41.3320106Z06-02-2026 15:57:39.016,36065280,4.31,
2026-02-06T14:57:41.3320106Z06-02-2026 15:57:39.016,36065280,4.31,
2026-02-06T14:57:41.3320106Z06-02-2026 15:57:39.016,36065280,4.38,
2026-02-06T14:57:41.3320106Z06-02-2026 15:57:39.016,36065280,4.38,
2026-02-06T14:57:41.3320106Z06-02-2026 15:57:39.016,36065280,4.38,
2026-02-06T14:57:41.3320106Z06-02-2026 15:57:39.016,36065280,4.38,
2026-02-06T14:57:41.3320106Z06-02-2026 15:57:39.016,36065280,4.38,
2026-02-06T14:57:41.3320106Z06-02-2026 15:57:39.016,36065280,4.38,
2026-02-06T14:57:41.3320106Z06-02-2026 15:57:39.016,36065280,4.38,
2026-02-06T14:57:41.3320106Z06-02-2026 15:57:39.016,36065280,4.38,
2026-02-06T14:57:41.3320106Z06-02-2026 15:57:39.016,36065280,4.38,
2026-02-06T14:57:41.3320106Z06-02-2026 15:57:39.016,36065280,4.38,
2026-02-06T14:57:41.3320106Z06-02-2026 15:57:39.016,36065280,4.38,
2026-02-06T14:57:41.3320106Z06-02-2026 15:57:39.016,36065280,4.44,
2026-02-06T14:57:41.3320106Z06-02-2026 15:57:39.016,36065280,4.44,
2026-02-06T14:57:41.3320106Z06-02-2026 15:57:39.016,36065280,4.44,
2026-02-06T14:57:41.3320106Z06-02-2026 15:57:39.016,36065280,4.44,
2026-02-06T14:57:41.3320106Z06-02-2026 15:57:39.016,36065280,4.5,
2026-02-06T14:57:41.3320106Z06-02-2026 15:57:39.016,36065280,4.5,
2026-02-06T14:57:41.3320106Z06-02-2026 15:57:39.016,36065280,4.5,
2026-02-06T14:57:41.3320106Z06-02-2026 15:57:39.016,36065280,4.5,
2026-02-06T14:57:41.3320106Z06-02-2026 15:57:39.016,36065280,4.5,
2026-02-06T14:57:41.3320106Z06-02-2026 15:57:39.016,36065280,4.44,
2026-02-06T14:57:41.3320106Z06-02-2026 15:57:39.016,36065280,4.44,
2026-02-06T14:57:41.3320106Z06-02-2026 15:57:39.016,36065280,4.44,
2026-02-06T14:57:41.3320106Z06-02-2026 15:57:39.016,36065280,4.44,
2026-02-06T14:57:41.3320106Z06-02-2026 15:57:39.016,36065280,4.44,
2026-02-06T14:57:41.3320106Z06-02-2026 15:57:39.016,36065280,4.44,
2026-02-06T14:57:41.3320106Z06-02-2026 15:57:39.016,36065280,4.44,
2026-02-06T14:57:41.3320106Z06-02-2026 15:57:39.016,36065280,4.44,
2026-02-06T14:57:41.3320106Z06-02-2026 15:57:39.016,36065280,4.38,
2026-02-06T14:57:41.3320106Z06-02-2026 15:57:39.016,36065280,4.38,
2026-02-06T14:57:41.4152852Z06-02-2026 15:57:39.272,36067328,4.31,
2026-02-06T14:57:41.4152852Z06-02-2026 15:57:39.272,36067328,4.38,
2026-02-06T14:57:41.4152852Z06-02-2026 15:57:39.272,36067328,4.38,
2026-02-06T14:57:41.4152852Z06-02-2026 15:57:39.272,36067328,4.38,
2026-02-06T14:57:41.4152852Z06-02-2026 15:57:39.272,36067328,4.38,
2026-02-06T14:57:41.4152852Z06-02-2026 15:57:39.272,36067328,4.38,
2026-02-06T14:57:41.4152852Z06-02-2026 15:57:39.272,36067328,4.31,
2026-02-06T14:57:41.4152852Z06-02-2026 15:57:39.272,36067328,4.31,
2026-02-06T14:57:41.4152852Z06-02-2026 15:57:39.272,36067328,4.31,
2026-02-06T14:57:41.4152852Z06-02-2026 15:57:39.272,36067328,4.38,
2026-02-06T14:57:41.4152852Z06-02-2026 15:57:39.272,36067328,4.38,
2026-02-06T14:57:41.4152852Z06-02-2026 15:57:39.272,36067328,4.38,
2026-02-06T14:57:41.4152852Z06-02-2026 15:57:39.272,36067328,4.38,
2026-02-06T14:57:41.4152852Z06-02-2026 15:57:39.272,36067328,4.38,
2026-02-06T14:57:41.4152852Z06-02-2026 15:57:39.272,36067328,4.44,
2026-02-06T14:57:41.4152852Z06-02-2026 15:57:39.272,36067328,4.44,
2026-02-06T14:57:41.4152852Z06-02-2026 15:57:39.272,36067328,4.44,
2026-02-06T14:57:41.4152852Z06-02-2026 15:57:39.272,36067328,4.44,
2026-02-06T14:57:41.4152852Z06-02-2026 15:57:39.272,36067328,4.38,
2026-02-06T14:57:41.4152852Z06-02-2026 15:57:39.272,36067328,4.38,
2026-02-06T14:57:41.4152852Z06-02-2026 15:57:39.272,36067328,4.38,
2026-02-06T14:57:41.4152852Z06-02-2026 15:57:39.272,36067328,4.38,
2026-02-06T14:57:41.4152852Z06-02-2026 15:57:39.272,36067328,4.38,
2026-02-06T14:57:41.4152852Z06-02-2026 15:57:39.272,36067328,4.38,
2026-02-06T14:57:41.4152852Z06-02-2026 15:57:39.272,36067328,4.38,
2026-02-06T14:57:41.4152852Z06-02-2026 15:57:39.272,36067328,4.44,
2026-02-06T14:57:41.4152852Z06-02-2026 15:57:39.272,36067328,4.44,
2026-02-06T14:57:41.4152852Z06-02-2026 15:57:39.272,36067328,4.38,
2026-02-06T14:57:41.4152852Z06-02-2026 15:57:39.272,36067328,4.38,
2026-02-06T14:57:41.4152852Z06-02-2026 15:57:39.272,36067328,4.38,
2026-02-06T14:57:41.4152852Z06-02-2026 15:57:39.272,36067328,4.44,
2026-02-06T14:57:41.4152852Z06-02-2026 15:57:39.272,36067328,4.44,
2026-02-06T14:57:42.2857340Z06-02-2026 15:57:39.528,36069376,4.38,
2026-02-06T14:57:42.2857340Z06-02-2026 15:57:39.528,36069376,4.38,
2026-02-06T14:57:42.2857340Z06-02-2026 15:57:39.528,36069376,4.38,
2026-02-06T14:57:42.2857340Z06-02-2026 15:57:39.528,36069376,4.38,
2026-02-06T14:57:42.2857340Z06-02-2026 15:57:39.528,36069376,4.38,
2026-02-06T14:57:42.2857340Z06-02-2026 15:57:39.528,36069376,4.31,
2026-02-06T14:57:42.2857340Z06-02-2026 15:57:39.528,36069376,4.31,
2026-02-06T14:57:42.2857340Z06-02-2026 15:57:39.528,36069376,4.31,
2026-02-06T14:57:42.2857340Z06-02-2026 15:57:39.528,36069376,4.31,
2026-02-06T14:57:42.2857340Z06-02-2026 15:57:39.528,36069376,4.31,
2026-02-06T14:57:42.2857340Z06-02-2026 15:57:39.528,36069376,4.38,
2026-02-06T14:57:42.2857340Z06-02-2026 15:57:39.528,36069376,4.38,
2026-02-06T14:57:42.2857340Z06-02-2026 15:57:39.528,36069376,4.44,
2026-02-06T14:57:42.2857340Z06-02-2026 15:57:39.528,36069376,4.44,
2026-02-06T14:57:42.2857340Z06-02-2026 15:57:39.528,36069376,4.44,
2026-02-06T14:57:42.2857340Z06-02-2026 15:57:39.528,36069376,4.44,
2026-02-06T14:57:42.2857340Z06-02-2026 15:57:39.528,36069376,4.44,
2026-02-06T14:57:42.2857340Z06-02-2026 15:57:39.528,36069376,4.44,
2026-02-06T14:57:42.2857340Z06-02-2026 15:57:39.528,36069376,4.44,
2026-02-06T14:57:42.2857340Z06-02-2026 15:57:39.528,36069376,4.38,
2026-02-06T14:57:42.2857340Z06-02-2026 15:57:39.528,36069376,4.38,
2026-02-06T14:57:42.2857340Z06-02-2026 15:57:39.528,36069376,4.31,
2026-02-06T14:57:42.2857340Z06-02-2026 15:57:39.528,36069376,4.31,
2026-02-06T14:57:42.2857340Z06-02-2026 15:57:39.528,36069376,4.38,
2026-02-06T14:57:42.2857340Z06-02-2026 15:57:39.528,36069376,4.38,
2026-02-06T14:57:42.2857340Z06-02-2026 15:57:39.528,36069376,4.38,
2026-02-06T14:57:42.2857340Z06-02-2026 15:57:39.528,36069376,4.38,
2026-02-06T14:57:42.2857340Z06-02-2026 15:57:39.528,36069376,4.38,
2026-02-06T14:57:42.2857340Z06-02-2026 15:57:39.528,36069376,4.38,
2026-02-06T14:57:42.2857340Z06-02-2026 15:57:39.528,36069376,4.38,
2026-02-06T14:57:42.2857340Z06-02-2026 15:57:39.528,36069376,4.38,
2026-02-06T14:57:42.2857340Z06-02-2026 15:57:39.528,36069376,4.38,
2026-02-06T14:57:42.2959118Z06-02-2026 15:57:39.784,36071424,4.38,
2026-02-06T14:57:42.2959118Z06-02-2026 15:57:39.784,36071424,4.38,
2026-02-06T14:57:42.2959118Z06-02-2026 15:57:39.784,36071424,4.31,
2026-02-06T14:57:42.2959118Z06-02-2026 15:57:39.784,36071424,4.31,
2026-02-06T14:57:42.2959118Z06-02-2026 15:57:39.784,36071424,4.38,
2026-02-06T14:57:42.2959118Z06-02-2026 15:57:39.784,36071424,4.38,
2026-02-06T14:57:42.2959118Z06-02-2026 15:57:39.784,36071424,4.38,
2026-02-06T14:57:42.2959118Z06-02-2026 15:57:39.784,36071424,4.38,
2026-02-06T14:57:42.2959118Z06-02-2026 15:57:39.784,36071424,4.44,
2026-02-06T14:57:42.2959118Z06-02-2026 15:57:39.784,36071424,4.38,
2026-02-06T14:57:42.2959118Z06-02-2026 15:57:39.784,36071424,4.38,
2026-02-06T14:57:42.2959118Z06-02-2026 15:57:39.784,36071424,4.38,
2026-02-06T14:57:42.2959118Z06-02-2026 15:57:39.784,36071424,4.38,
2026-02-06T14:57:42.2959118Z06-02-2026 15:57:39.784,36071424,4.38,
2026-02-06T14:57:42.2959118Z06-02-2026 15:57:39.784,36071424,4.38,
2026-02-06T14:57:42.2959118Z06-02-2026 15:57:39.784,36071424,4.44,
2026-02-06T14:57:42.2959118Z06-02-2026 15:57:39.784,36071424,4.44,
2026-02-06T14:57:42.2959118Z06-02-2026 15:57:39.784,36071424,4.44,
2026-02-06T14:57:42.2959118Z06-02-2026 15:57:39.784,36071424,4.38,
2026-02-06T14:57:42.2959118Z06-02-2026 15:57:39.784,36071424,4.38,
2026-02-06T14:57:42.2959118Z06-02-2026 15:57:39.784,36071424,4.38,
2026-02-06T14:57:42.2959118Z06-02-2026 15:57:39.784,36071424,4.38,
2026-02-06T14:57:42.2959118Z06-02-2026 15:57:39.784,36071424,4.38,
2026-02-06T14:57:42.2959118Z06-02-2026 15:57:39.784,36071424,4.38,
2026-02-06T14:57:42.2959118Z06-02-2026 15:57:39.784,36071424,4.38,
2026-02-06T14:57:42.2959118Z06-02-2026 15:57:39.784,36071424,4.38,
2026-02-06T14:57:42.2959118Z06-02-2026 15:57:39.784,36071424,4.44,
2026-02-06T14:57:42.2959118Z06-02-2026 15:57:39.784,36071424,4.44,
2026-02-06T14:57:42.2959118Z06-02-2026 15:57:39.784,36071424,4.44,
2026-02-06T14:57:42.2959118Z06-02-2026 15:57:39.784,36071424,4.44,
2026-02-06T14:57:42.2959118Z06-02-2026 15:57:39.784,36071424,4.44,
2026-02-06T14:57:42.2959118Z06-02-2026 15:57:39.784,36071424,4.38,
2026-02-06T14:57:42.3039121Z06-02-2026 15:57:40.040,36073472,4.38,
2026-02-06T14:57:42.3039121Z06-02-2026 15:57:40.040,36073472,4.38,
2026-02-06T14:57:42.3039121Z06-02-2026 15:57:40.040,36073472,4.38,
2026-02-06T14:57:42.3039121Z06-02-2026 15:57:40.040,36073472,4.44,
2026-02-06T14:57:42.3039121Z06-02-2026 15:57:40.040,36073472,4.5,
2026-02-06T14:57:42.3039121Z06-02-2026 15:57:40.040,36073472,4.5,
2026-02-06T14:57:42.3039121Z06-02-2026 15:57:40.040,36073472,4.44,
2026-02-06T14:57:42.3039121Z06-02-2026 15:57:40.040,36073472,4.44,
2026-02-06T14:57:42.3039121Z06-02-2026 15:57:40.040,36073472,4.38,
2026-02-06T14:57:42.3039121Z06-02-2026 15:57:40.040,36073472,4.38,
2026-02-06T14:57:42.3039121Z06-02-2026 15:57:40.040,36073472,4.38,
2026-02-06T14:57:42.3039121Z06-02-2026 15:57:40.040,36073472,4.44,
2026-02-06T14:57:42.3039121Z06-02-2026 15:57:40.040,36073472,4.38,
2026-02-06T14:57:42.3039121Z06-02-2026 15:57:40.040,36073472,4.38,
2026-02-06T14:57:42.3039121Z06-02-2026 15:57:40.040,36073472,4.38,
2026-02-06T14:57:42.3039121Z06-02-2026 15:57:40.040,36073472,4.44,
2026-02-06T14:57:42.3039121Z06-02-2026 15:57:40.040,36073472,4.44,
2026-02-06T14:57:42.3039121Z06-02-2026 15:57:40.040,36073472,4.44,
2026-02-06T14:57:42.3039121Z06-02-2026 15:57:40.040,36073472,4.44,
2026-02-06T14:57:42.3039121Z06-02-2026 15:57:40.040,36073472,4.38,
2026-02-06T14:57:42.3039121Z06-02-2026 15:57:40.040,36073472,4.38,
2026-02-06T14:57:42.3039121Z06-02-2026 15:57:40.040,36073472,4.38,
2026-02-06T14:57:42.3039121Z06-02-2026 15:57:40.040,36073472,4.38,
2026-02-06T14:57:42.3039121Z06-02-2026 15:57:40.040,36073472,4.38,
2026-02-06T14:57:42.3039121Z06-02-2026 15:57:40.040,36073472,4.38,
2026-02-06T14:57:42.3039121Z06-02-2026 15:57:40.040,36073472,4.44,
2026-02-06T14:57:42.3039121Z06-02-2026 15:57:40.040,36073472,4.44,
2026-02-06T14:57:42.3039121Z06-02-2026 15:57:40.040,36073472,4.44,
2026-02-06T14:57:42.3039121Z06-02-2026 15:57:40.040,36073472,4.38,
2026-02-06T14:57:42.3039121Z06-02-2026 15:57:40.040,36073472,4.38,
2026-02-06T14:57:42.3039121Z06-02-2026 15:57:40.040,36073472,4.38,
2026-02-06T14:57:42.3039121Z06-02-2026 15:57:40.040,36073472,4.38,
2026-02-06T14:57:42.3139494Z06-02-2026 15:57:40.296,36075520,4.38,
2026-02-06T14:57:42.3139494Z06-02-2026 15:57:40.296,36075520,4.44,
2026-02-06T14:57:42.3139494Z06-02-2026 15:57:40.296,36075520,4.44,
2026-02-06T14:57:42.3139494Z06-02-2026 15:57:40.296,36075520,4.44,
2026-02-06T14:57:42.3139494Z06-02-2026 15:57:40.296,36075520,4.44,
2026-02-06T14:57:42.3139494Z06-02-2026 15:57:40.296,36075520,4.44,
2026-02-06T14:57:42.3139494Z06-02-2026 15:57:40.296,36075520,4.38,
2026-02-06T14:57:42.3139494Z06-02-2026 15:57:40.296,36075520,4.38,
2026-02-06T14:57:42.3139494Z06-02-2026 15:57:40.296,36075520,4.38,
2026-02-06T14:57:42.3139494Z06-02-2026 15:57:40.296,36075520,4.44,
2026-02-06T14:57:42.3139494Z06-02-2026 15:57:40.296,36075520,4.44,
2026-02-06T14:57:42.3139494Z06-02-2026 15:57:40.296,36075520,4.44,
2026-02-06T14:57:42.3139494Z06-02-2026 15:57:40.296,36075520,4.44,
2026-02-06T14:57:42.3139494Z06-02-2026 15:57:40.296,36075520,4.44,
2026-02-06T14:57:42.3139494Z06-02-2026 15:57:40.296,36075520,4.44,
2026-02-06T14:57:42.3139494Z06-02-2026 15:57:40.296,36075520,4.44,
2026-02-06T14:57:42.3139494Z06-02-2026 15:57:40.296,36075520,4.44,
2026-02-06T14:57:42.3139494Z06-02-2026 15:57:40.296,36075520,4.44,
2026-02-06T14:57:42.3139494Z06-02-2026 15:57:40.296,36075520,4.44,
2026-02-06T14:57:42.3139494Z06-02-2026 15:57:40.296,36075520,4.38,
2026-02-06T14:57:42.3139494Z06-02-2026 15:57:40.296,36075520,4.31,
2026-02-06T14:57:42.3139494Z06-02-2026 15:57:40.296,36075520,4.31,
2026-02-06T14:57:42.3139494Z06-02-2026 15:57:40.296,36075520,4.38,
2026-02-06T14:57:42.3139494Z06-02-2026 15:57:40.296,36075520,4.38,
2026-02-06T14:57:42.3139494Z06-02-2026 15:57:40.296,36075520,4.38,
2026-02-06T14:57:42.3139494Z06-02-2026 15:57:40.296,36075520,4.38,
2026-02-06T14:57:42.3139494Z06-02-2026 15:57:40.296,36075520,4.38,
2026-02-06T14:57:42.3139494Z06-02-2026 15:57:40.296,36075520,4.38,
2026-02-06T14:57:42.3139494Z06-02-2026 15:57:40.296,36075520,4.38,
2026-02-06T14:57:42.3139494Z06-02-2026 15:57:40.296,36075520,4.38,
2026-02-06T14:57:42.3139494Z06-02-2026 15:57:40.296,36075520,4.38,
2026-02-06T14:57:42.3139494Z06-02-2026 15:57:40.296,36075520,4.38,
2026-02-06T14:57:43.3170488Z06-02-2026 15:57:40.552,36077568,4.38,
2026-02-06T14:57:43.3170488Z06-02-2026 15:57:40.552,36077568,4.38,
2026-02-06T14:57:43.3170488Z06-02-2026 15:57:40.552,36077568,4.38,
2026-02-06T14:57:43.3170488Z06-02-2026 15:57:40.552,36077568,4.31,
2026-02-06T14:57:43.3170488Z06-02-2026 15:57:40.552,36077568,4.31,
2026-02-06T14:57:43.3170488Z06-02-2026 15:57:40.552,36077568,4.31,
2026-02-06T14:57:43.3170488Z06-02-2026 15:57:40.552,36077568,4.38,
2026-02-06T14:57:43.3170488Z06-02-2026 15:57:40.552,36077568,4.38,
2026-02-06T14:57:43.3170488Z06-02-2026 15:57:40.552,36077568,4.31,
2026-02-06T14:57:43.3170488Z06-02-2026 15:57:40.552,36077568,4.31,
2026-02-06T14:57:43.3170488Z06-02-2026 15:57:40.552,36077568,4.31,
2026-02-06T14:57:43.3170488Z06-02-2026 15:57:40.552,36077568,4.38,
2026-02-06T14:57:43.3170488Z06-02-2026 15:57:40.552,36077568,4.38,
2026-02-06T14:57:43.3170488Z06-02-2026 15:57:40.552,36077568,4.38,
2026-02-06T14:57:43.3170488Z06-02-2026 15:57:40.552,36077568,4.38,
2026-02-06T14:57:43.3170488Z06-02-2026 15:57:40.552,36077568,4.38,
2026-02-06T14:57:43.3170488Z06-02-2026 15:57:40.552,36077568,4.38,
2026-02-06T14:57:43.3170488Z06-02-2026 15:57:40.552,36077568,4.31,
2026-02-06T14:57:43.3170488Z06-02-2026 15:57:40.552,36077568,4.31,
2026-02-06T14:57:43.3170488Z06-02-2026 15:57:40.552,36077568,4.31,
2026-02-06T14:57:43.3170488Z06-02-2026 15:57:40.552,36077568,4.38,
2026-02-06T14:57:43.3170488Z06-02-2026 15:57:40.552,36077568,4.38,
2026-02-06T14:57:43.3170488Z06-02-2026 15:57:40.552,36077568,4.38,
2026-02-06T14:57:43.3170488Z06-02-2026 15:57:40.552,36077568,4.38,
2026-02-06T14:57:43.3170488Z06-02-2026 15:57:40.552,36077568,4.38,
2026-02-06T14:57:43.3170488Z06-02-2026 15:57:40.552,36077568,4.38,
2026-02-06T14:57:43.3170488Z06-02-2026 15:57:40.552,36077568,4.38,
2026-02-06T14:57:43.3170488Z06-02-2026 15:57:40.552,36077568,4.38,
2026-02-06T14:57:43.3170488Z06-02-2026 15:57:40.552,36077568,4.38,
2026-02-06T14:57:43.3170488Z06-02-2026 15:57:40.552,36077568,4.38,
2026-02-06T14:57:43.3170488Z06-02-2026 15:57:40.552,36077568,4.38,
2026-02-06T14:57:43.3170488Z06-02-2026 15:57:40.552,36077568,4.38,
2026-02-06T14:57:43.3251646Z06-02-2026 15:57:40.808,36079616,4.38,
2026-02-06T14:57:43.3251646Z06-02-2026 15:57:40.808,36079616,4.38,
2026-02-06T14:57:43.3251646Z06-02-2026 15:57:40.808,36079616,4.38,
2026-02-06T14:57:43.3251646Z06-02-2026 15:57:40.808,36079616,4.31,
2026-02-06T14:57:43.3251646Z06-02-2026 15:57:40.808,36079616,4.38,
2026-02-06T14:57:43.3251646Z06-02-2026 15:57:40.808,36079616,4.38,
2026-02-06T14:57:43.3251646Z06-02-2026 15:57:40.808,36079616,4.44,
2026-02-06T14:57:43.3251646Z06-02-2026 15:57:40.808,36079616,4.44,
2026-02-06T14:57:43.3251646Z06-02-2026 15:57:40.808,36079616,4.44,
2026-02-06T14:57:43.3251646Z06-02-2026 15:57:40.808,36079616,4.38,
2026-02-06T14:57:43.3251646Z06-02-2026 15:57:40.808,36079616,4.38,
2026-02-06T14:57:43.3251646Z06-02-2026 15:57:40.808,36079616,4.38,
2026-02-06T14:57:43.3251646Z06-02-2026 15:57:40.808,36079616,4.38,
2026-02-06T14:57:43.3251646Z06-02-2026 15:57:40.808,36079616,4.31,
2026-02-06T14:57:43.3251646Z06-02-2026 15:57:40.808,36079616,4.31,
2026-02-06T14:57:43.3251646Z06-02-2026 15:57:40.808,36079616,4.38,
2026-02-06T14:57:43.3251646Z06-02-2026 15:57:40.808,36079616,4.38,
2026-02-06T14:57:43.3251646Z06-02-2026 15:57:40.808,36079616,4.38,
2026-02-06T14:57:43.3251646Z06-02-2026 15:57:40.808,36079616,4.38,
2026-02-06T14:57:43.3251646Z06-02-2026 15:57:40.808,36079616,4.38,
2026-02-06T14:57:43.3251646Z06-02-2026 15:57:40.808,36079616,4.38,
2026-02-06T14:57:43.3251646Z06-02-2026 15:57:40.808,36079616,4.38,
2026-02-06T14:57:43.3251646Z06-02-2026 15:57:40.808,36079616,4.38,
2026-02-06T14:57:43.3251646Z06-02-2026 15:57:40.808,36079616,4.38,
2026-02-06T14:57:43.3251646Z06-02-2026 15:57:40.808,36079616,4.38,
2026-02-06T14:57:43.3251646Z06-02-2026 15:57:40.808,36079616,4.38,
2026-02-06T14:57:43.3251646Z06-02-2026 15:57:40.808,36079616,4.38,
2026-02-06T14:57:43.3251646Z06-02-2026 15:57:40.808,36079616,4.38,
2026-02-06T14:57:43.3251646Z06-02-2026 15:57:40.808,36079616,4.38,
2026-02-06T14:57:43.3251646Z06-02-2026 15:57:40.808,36079616,4.38,
2026-02-06T14:57:43.3251646Z06-02-2026 15:57:40.808,36079616,4.38,
2026-02-06T14:57:43.3251646Z06-02-2026 15:57:40.808,36079616,4.31,
2026-02-06T14:57:43.3388399Z06-02-2026 15:57:41.064,36081664,4.31,
2026-02-06T14:57:43.3388399Z06-02-2026 15:57:41.064,36081664,4.31,
2026-02-06T14:57:43.3388399Z06-02-2026 15:57:41.064,36081664,4.31,
2026-02-06T14:57:43.3388399Z06-02-2026 15:57:41.064,36081664,4.31,
2026-02-06T14:57:43.3388399Z06-02-2026 15:57:41.064,36081664,4.31,
2026-02-06T14:57:43.3388399Z06-02-2026 15:57:41.064,36081664,4.38,
2026-02-06T14:57:43.3388399Z06-02-2026 15:57:41.064,36081664,4.38,
2026-02-06T14:57:43.3388399Z06-02-2026 15:57:41.064,36081664,4.38,
2026-02-06T14:57:43.3388399Z06-02-2026 15:57:41.064,36081664,4.38,
2026-02-06T14:57:43.3388399Z06-02-2026 15:57:41.064,36081664,4.38,
2026-02-06T14:57:43.3388399Z06-02-2026 15:57:41.064,36081664,4.38,
2026-02-06T14:57:43.3388399Z06-02-2026 15:57:41.064,36081664,4.38,
2026-02-06T14:57:43.3388399Z06-02-2026 15:57:41.064,36081664,4.44,
2026-02-06T14:57:43.3388399Z06-02-2026 15:57:41.064,36081664,4.44,
2026-02-06T14:57:43.3388399Z06-02-2026 15:57:41.064,36081664,4.44,
2026-02-06T14:57:43.3388399Z06-02-2026 15:57:41.064,36081664,4.38,
2026-02-06T14:57:43.3388399Z06-02-2026 15:57:41.064,36081664,4.38,
2026-02-06T14:57:43.3388399Z06-02-2026 15:57:41.064,36081664,4.38,
2026-02-06T14:57:43.3388399Z06-02-2026 15:57:41.064,36081664,4.38,
2026-02-06T14:57:43.3388399Z06-02-2026 15:57:41.064,36081664,4.38,
2026-02-06T14:57:43.3388399Z06-02-2026 15:57:41.064,36081664,4.31,
2026-02-06T14:57:43.3388399Z06-02-2026 15:57:41.064,36081664,4.38,
2026-02-06T14:57:43.3388399Z06-02-2026 15:57:41.064,36081664,4.38,
2026-02-06T14:57:43.3388399Z06-02-2026 15:57:41.064,36081664,4.44,
2026-02-06T14:57:43.3388399Z06-02-2026 15:57:41.064,36081664,4.44,
2026-02-06T14:57:43.3388399Z06-02-2026 15:57:41.064,36081664,4.44,
2026-02-06T14:57:43.3388399Z06-02-2026 15:57:41.064,36081664,4.5,
2026-02-06T14:57:43.3388399Z06-02-2026 15:57:41.064,36081664,4.5,
2026-02-06T14:57:43.3388399Z06-02-2026 15:57:41.064,36081664,4.5,
2026-02-06T14:57:43.3388399Z06-02-2026 15:57:41.064,36081664,4.44,
2026-02-06T14:57:43.3388399Z06-02-2026 15:57:41.064,36081664,4.44,
2026-02-06T14:57:43.3388399Z06-02-2026 15:57:41.064,36081664,4.44,
2026-02-06T14:57:43.3498371Z06-02-2026 15:57:41.320,36083712,4.38,
2026-02-06T14:57:43.3498371Z06-02-2026 15:57:41.320,36083712,4.38,
2026-02-06T14:57:43.3498371Z06-02-2026 15:57:41.320,36083712,4.31,
2026-02-06T14:57:43.3498371Z06-02-2026 15:57:41.320,36083712,4.38,
2026-02-06T14:57:43.3498371Z06-02-2026 15:57:41.320,36083712,4.38,
2026-02-06T14:57:43.3498371Z06-02-2026 15:57:41.320,36083712,4.31,
2026-02-06T14:57:43.3498371Z06-02-2026 15:57:41.320,36083712,4.31,
2026-02-06T14:57:43.3498371Z06-02-2026 15:57:41.320,36083712,4.31,
2026-02-06T14:57:43.3498371Z06-02-2026 15:57:41.320,36083712,4.31,
2026-02-06T14:57:43.3498371Z06-02-2026 15:57:41.320,36083712,4.38,
2026-02-06T14:57:43.3498371Z06-02-2026 15:57:41.320,36083712,4.38,
2026-02-06T14:57:43.3498371Z06-02-2026 15:57:41.320,36083712,4.38,
2026-02-06T14:57:43.3498371Z06-02-2026 15:57:41.320,36083712,4.38,
2026-02-06T14:57:43.3498371Z06-02-2026 15:57:41.320,36083712,4.38,
2026-02-06T14:57:43.3498371Z06-02-2026 15:57:41.320,36083712,4.44,
2026-02-06T14:57:43.3498371Z06-02-2026 15:57:41.320,36083712,4.44,
2026-02-06T14:57:43.3498371Z06-02-2026 15:57:41.320,36083712,4.44,
2026-02-06T14:57:43.3498371Z06-02-2026 15:57:41.320,36083712,4.44,
2026-02-06T14:57:43.3498371Z06-02-2026 15:57:41.320,36083712,4.44,
2026-02-06T14:57:43.3498371Z06-02-2026 15:57:41.320,36083712,4.38,
2026-02-06T14:57:43.3498371Z06-02-2026 15:57:41.320,36083712,4.38,
2026-02-06T14:57:43.3498371Z06-02-2026 15:57:41.320,36083712,4.38,
2026-02-06T14:57:43.3498371Z06-02-2026 15:57:41.320,36083712,4.38,
2026-02-06T14:57:43.3498371Z06-02-2026 15:57:41.320,36083712,4.38,
2026-02-06T14:57:43.3498371Z06-02-2026 15:57:41.320,36083712,4.38,
2026-02-06T14:57:43.3498371Z06-02-2026 15:57:41.320,36083712,4.44,
2026-02-06T14:57:43.3498371Z06-02-2026 15:57:41.320,36083712,4.44,
2026-02-06T14:57:43.3498371Z06-02-2026 15:57:41.320,36083712,4.44,
2026-02-06T14:57:43.3498371Z06-02-2026 15:57:41.320,36083712,4.38,
2026-02-06T14:57:43.3498371Z06-02-2026 15:57:41.320,36083712,4.38,
2026-02-06T14:57:43.3498371Z06-02-2026 15:57:41.320,36083712,4.38,
2026-02-06T14:57:43.3498371Z06-02-2026 15:57:41.320,36083712,4.38,
2026-02-06T14:57:44.3262343Z06-02-2026 15:57:41.576,36085760,4.44,
2026-02-06T14:57:44.3262343Z06-02-2026 15:57:41.576,36085760,4.44,
2026-02-06T14:57:44.3262343Z06-02-2026 15:57:41.576,36085760,4.44,
2026-02-06T14:57:44.3262343Z06-02-2026 15:57:41.576,36085760,4.44,
2026-02-06T14:57:44.3262343Z06-02-2026 15:57:41.576,36085760,4.44,
2026-02-06T14:57:44.3262343Z06-02-2026 15:57:41.576,36085760,4.38,
2026-02-06T14:57:44.3262343Z06-02-2026 15:57:41.576,36085760,4.38,
2026-02-06T14:57:44.3262343Z06-02-2026 15:57:41.576,36085760,4.38,
2026-02-06T14:57:44.3262343Z06-02-2026 15:57:41.576,36085760,4.38,
2026-02-06T14:57:44.3262343Z06-02-2026 15:57:41.576,36085760,4.44,
2026-02-06T14:57:44.3262343Z06-02-2026 15:57:41.576,36085760,4.44,
2026-02-06T14:57:44.3262343Z06-02-2026 15:57:41.576,36085760,4.38,
2026-02-06T14:57:44.3262343Z06-02-2026 15:57:41.576,36085760,4.38,
2026-02-06T14:57:44.3262343Z06-02-2026 15:57:41.576,36085760,4.31,
2026-02-06T14:57:44.3262343Z06-02-2026 15:57:41.576,36085760,4.38,
2026-02-06T14:57:44.3262343Z06-02-2026 15:57:41.576,36085760,4.38,
2026-02-06T14:57:44.3262343Z06-02-2026 15:57:41.576,36085760,4.38,
2026-02-06T14:57:44.3262343Z06-02-2026 15:57:41.576,36085760,4.38,
2026-02-06T14:57:44.3262343Z06-02-2026 15:57:41.576,36085760,4.38,
2026-02-06T14:57:44.3262343Z06-02-2026 15:57:41.576,36085760,4.38,
2026-02-06T14:57:44.3262343Z06-02-2026 15:57:41.576,36085760,4.38,
2026-02-06T14:57:44.3262343Z06-02-2026 15:57:41.576,36085760,4.38,
2026-02-06T14:57:44.3262343Z06-02-2026 15:57:41.576,36085760,4.38,
2026-02-06T14:57:44.3262343Z06-02-2026 15:57:41.576,36085760,4.38,
2026-02-06T14:57:44.3262343Z06-02-2026 15:57:41.576,36085760,4.38,
2026-02-06T14:57:44.3262343Z06-02-2026 15:57:41.576,36085760,4.38,
2026-02-06T14:57:44.3262343Z06-02-2026 15:57:41.576,36085760,4.38,
2026-02-06T14:57:44.3262343Z06-02-2026 15:57:41.576,36085760,4.38,
2026-02-06T14:57:44.3262343Z06-02-2026 15:57:41.576,36085760,4.38,
2026-02-06T14:57:44.3262343Z06-02-2026 15:57:41.576,36085760,4.38,
2026-02-06T14:57:44.3262343Z06-02-2026 15:57:41.576,36085760,4.38,
2026-02-06T14:57:44.3262343Z06-02-2026 15:57:41.576,36085760,4.38,
2026-02-06T14:57:44.3355244Z06-02-2026 15:57:41.832,36087808,4.31,
2026-02-06T14:57:44.3355244Z06-02-2026 15:57:41.832,36087808,4.31,
2026-02-06T14:57:44.3355244Z06-02-2026 15:57:41.832,36087808,4.31,
2026-02-06T14:57:44.3355244Z06-02-2026 15:57:41.832,36087808,4.31,
2026-02-06T14:57:44.3355244Z06-02-2026 15:57:41.832,36087808,4.38,
2026-02-06T14:57:44.3355244Z06-02-2026 15:57:41.832,36087808,4.38,
2026-02-06T14:57:44.3355244Z06-02-2026 15:57:41.832,36087808,4.38,
2026-02-06T14:57:44.3355244Z06-02-2026 15:57:41.832,36087808,4.38,
2026-02-06T14:57:44.3355244Z06-02-2026 15:57:41.832,36087808,4.38,
2026-02-06T14:57:44.3355244Z06-02-2026 15:57:41.832,36087808,4.38,
2026-02-06T14:57:44.3355244Z06-02-2026 15:57:41.832,36087808,4.38,
2026-02-06T14:57:44.3355244Z06-02-2026 15:57:41.832,36087808,4.38,
2026-02-06T14:57:44.3355244Z06-02-2026 15:57:41.832,36087808,4.38,
2026-02-06T14:57:44.3355244Z06-02-2026 15:57:41.832,36087808,4.38,
2026-02-06T14:57:44.3355244Z06-02-2026 15:57:41.832,36087808,4.38,
2026-02-06T14:57:44.3355244Z06-02-2026 15:57:41.832,36087808,4.38,
2026-02-06T14:57:44.3355244Z06-02-2026 15:57:41.832,36087808,4.38,
2026-02-06T14:57:44.3355244Z06-02-2026 15:57:41.832,36087808,4.38,
2026-02-06T14:57:44.3355244Z06-02-2026 15:57:41.832,36087808,4.31,
2026-02-06T14:57:44.3355244Z06-02-2026 15:57:41.832,36087808,4.38,
2026-02-06T14:57:44.3355244Z06-02-2026 15:57:41.832,36087808,4.38,
2026-02-06T14:57:44.3355244Z06-02-2026 15:57:41.832,36087808,4.44,
2026-02-06T14:57:44.3355244Z06-02-2026 15:57:41.832,36087808,4.44,
2026-02-06T14:57:44.3355244Z06-02-2026 15:57:41.832,36087808,4.44,
2026-02-06T14:57:44.3355244Z06-02-2026 15:57:41.832,36087808,4.44,
2026-02-06T14:57:44.3355244Z06-02-2026 15:57:41.832,36087808,4.44,
2026-02-06T14:57:44.3355244Z06-02-2026 15:57:41.832,36087808,4.38,
2026-02-06T14:57:44.3355244Z06-02-2026 15:57:41.832,36087808,4.38,
2026-02-06T14:57:44.3355244Z06-02-2026 15:57:41.832,36087808,4.38,
2026-02-06T14:57:44.3355244Z06-02-2026 15:57:41.832,36087808,4.38,
2026-02-06T14:57:44.3355244Z06-02-2026 15:57:41.832,36087808,4.38,
2026-02-06T14:57:44.3355244Z06-02-2026 15:57:41.832,36087808,4.38,
2026-02-06T14:57:44.3471613Z06-02-2026 15:57:42.088,36089856,4.38,
2026-02-06T14:57:44.3471613Z06-02-2026 15:57:42.088,36089856,4.38,
2026-02-06T14:57:44.3471613Z06-02-2026 15:57:42.088,36089856,4.38,
2026-02-06T14:57:44.3471613Z06-02-2026 15:57:42.088,36089856,4.44,
2026-02-06T14:57:44.3471613Z06-02-2026 15:57:42.088,36089856,4.44,
2026-02-06T14:57:44.3471613Z06-02-2026 15:57:42.088,36089856,4.44,
2026-02-06T14:57:44.3471613Z06-02-2026 15:57:42.088,36089856,4.44,
2026-02-06T14:57:44.3471613Z06-02-2026 15:57:42.088,36089856,4.44,
2026-02-06T14:57:44.3471613Z06-02-2026 15:57:42.088,36089856,4.5,
2026-02-06T14:57:44.3471613Z06-02-2026 15:57:42.088,36089856,4.5,
2026-02-06T14:57:44.3471613Z06-02-2026 15:57:42.088,36089856,4.44,
2026-02-06T14:57:44.3471613Z06-02-2026 15:57:42.088,36089856,4.44,
2026-02-06T14:57:44.3471613Z06-02-2026 15:57:42.088,36089856,4.44,
2026-02-06T14:57:44.3471613Z06-02-2026 15:57:42.088,36089856,4.44,
2026-02-06T14:57:44.3471613Z06-02-2026 15:57:42.088,36089856,4.44,
2026-02-06T14:57:44.3471613Z06-02-2026 15:57:42.088,36089856,4.44,
2026-02-06T14:57:44.3471613Z06-02-2026 15:57:42.088,36089856,4.38,
2026-02-06T14:57:44.3471613Z06-02-2026 15:57:42.088,36089856,4.38,
2026-02-06T14:57:44.3471613Z06-02-2026 15:57:42.088,36089856,4.38,
2026-02-06T14:57:44.3471613Z06-02-2026 15:57:42.088,36089856,4.38,
2026-02-06T14:57:44.3471613Z06-02-2026 15:57:42.088,36089856,4.44,
2026-02-06T14:57:44.3471613Z06-02-2026 15:57:42.088,36089856,4.38,
2026-02-06T14:57:44.3471613Z06-02-2026 15:57:42.088,36089856,4.38,
2026-02-06T14:57:44.3471613Z06-02-2026 15:57:42.088,36089856,4.38,
2026-02-06T14:57:44.3471613Z06-02-2026 15:57:42.088,36089856,4.38,
2026-02-06T14:57:44.3471613Z06-02-2026 15:57:42.088,36089856,4.38,
2026-02-06T14:57:44.3471613Z06-02-2026 15:57:42.088,36089856,4.38,
2026-02-06T14:57:44.3471613Z06-02-2026 15:57:42.088,36089856,4.38,
2026-02-06T14:57:44.3471613Z06-02-2026 15:57:42.088,36089856,4.44,
2026-02-06T14:57:44.3471613Z06-02-2026 15:57:42.088,36089856,4.44,
2026-02-06T14:57:44.3471613Z06-02-2026 15:57:42.088,36089856,4.44,
2026-02-06T14:57:44.3471613Z06-02-2026 15:57:42.088,36089856,4.44,
2026-02-06T14:57:44.3566381Z06-02-2026 15:57:42.344,36091904,4.44,
2026-02-06T14:57:44.3566381Z06-02-2026 15:57:42.344,36091904,4.38,
2026-02-06T14:57:44.3566381Z06-02-2026 15:57:42.344,36091904,4.38,
2026-02-06T14:57:44.3566381Z06-02-2026 15:57:42.344,36091904,4.44,
2026-02-06T14:57:44.3566381Z06-02-2026 15:57:42.344,36091904,4.38,
2026-02-06T14:57:44.3566381Z06-02-2026 15:57:42.344,36091904,4.38,
2026-02-06T14:57:44.3566381Z06-02-2026 15:57:42.344,36091904,4.38,
2026-02-06T14:57:44.3566381Z06-02-2026 15:57:42.344,36091904,4.38,
2026-02-06T14:57:44.3566381Z06-02-2026 15:57:42.344,36091904,4.44,
2026-02-06T14:57:44.3566381Z06-02-2026 15:57:42.344,36091904,4.38,
2026-02-06T14:57:44.3566381Z06-02-2026 15:57:42.344,36091904,4.38,
2026-02-06T14:57:44.3566381Z06-02-2026 15:57:42.344,36091904,4.44,
2026-02-06T14:57:44.3566381Z06-02-2026 15:57:42.344,36091904,4.44,
2026-02-06T14:57:44.3566381Z06-02-2026 15:57:42.344,36091904,4.44,
2026-02-06T14:57:44.3566381Z06-02-2026 15:57:42.344,36091904,4.44,
2026-02-06T14:57:44.3566381Z06-02-2026 15:57:42.344,36091904,4.44,
2026-02-06T14:57:44.3566381Z06-02-2026 15:57:42.344,36091904,4.44,
2026-02-06T14:57:44.3566381Z06-02-2026 15:57:42.344,36091904,4.38,
2026-02-06T14:57:44.3566381Z06-02-2026 15:57:42.344,36091904,4.38,
2026-02-06T14:57:44.3566381Z06-02-2026 15:57:42.344,36091904,4.38,
2026-02-06T14:57:44.3566381Z06-02-2026 15:57:42.344,36091904,4.38,
2026-02-06T14:57:44.3566381Z06-02-2026 15:57:42.344,36091904,4.38,
2026-02-06T14:57:44.3566381Z06-02-2026 15:57:42.344,36091904,4.38,
2026-02-06T14:57:44.3566381Z06-02-2026 15:57:42.344,36091904,4.38,
2026-02-06T14:57:44.3566381Z06-02-2026 15:57:42.344,36091904,4.38,
2026-02-06T14:57:44.3566381Z06-02-2026 15:57:42.344,36091904,4.38,
2026-02-06T14:57:44.3566381Z06-02-2026 15:57:42.344,36091904,4.38,
2026-02-06T14:57:44.3566381Z06-02-2026 15:57:42.344,36091904,4.38,
2026-02-06T14:57:44.3566381Z06-02-2026 15:57:42.344,36091904,4.38,
2026-02-06T14:57:44.3566381Z06-02-2026 15:57:42.344,36091904,4.38,
2026-02-06T14:57:44.3566381Z06-02-2026 15:57:42.344,36091904,4.38,
2026-02-06T14:57:44.3566381Z06-02-2026 15:57:42.344,36091904,4.31,
2026-02-06T14:57:45.3545252Z06-02-2026 15:57:42.600,36093952,4.38,
2026-02-06T14:57:45.3545252Z06-02-2026 15:57:42.600,36093952,4.38,
2026-02-06T14:57:45.3545252Z06-02-2026 15:57:42.600,36093952,4.38,
2026-02-06T14:57:45.3545252Z06-02-2026 15:57:42.600,36093952,4.38,
2026-02-06T14:57:45.3545252Z06-02-2026 15:57:42.600,36093952,4.31,
2026-02-06T14:57:45.3545252Z06-02-2026 15:57:42.600,36093952,4.31,
2026-02-06T14:57:45.3545252Z06-02-2026 15:57:42.600,36093952,4.31,
2026-02-06T14:57:45.3545252Z06-02-2026 15:57:42.600,36093952,4.31,
2026-02-06T14:57:45.3545252Z06-02-2026 15:57:42.600,36093952,4.31,
2026-02-06T14:57:45.3545252Z06-02-2026 15:57:42.600,36093952,4.31,
2026-02-06T14:57:45.3545252Z06-02-2026 15:57:42.600,36093952,4.31,
2026-02-06T14:57:45.3545252Z06-02-2026 15:57:42.600,36093952,4.31,
2026-02-06T14:57:45.3545252Z06-02-2026 15:57:42.600,36093952,4.25,
2026-02-06T14:57:45.3545252Z06-02-2026 15:57:42.600,36093952,4.31,
2026-02-06T14:57:45.3545252Z06-02-2026 15:57:42.600,36093952,4.31,
2026-02-06T14:57:45.3545252Z06-02-2026 15:57:42.600,36093952,4.38,
2026-02-06T14:57:45.3545252Z06-02-2026 15:57:42.600,36093952,4.38,
2026-02-06T14:57:45.3545252Z06-02-2026 15:57:42.600,36093952,4.38,
2026-02-06T14:57:45.3545252Z06-02-2026 15:57:42.600,36093952,4.31,
2026-02-06T14:57:45.3545252Z06-02-2026 15:57:42.600,36093952,4.38,
2026-02-06T14:57:45.3545252Z06-02-2026 15:57:42.600,36093952,4.38,
2026-02-06T14:57:45.3545252Z06-02-2026 15:57:42.600,36093952,4.38,
2026-02-06T14:57:45.3545252Z06-02-2026 15:57:42.600,36093952,4.38,
2026-02-06T14:57:45.3545252Z06-02-2026 15:57:42.600,36093952,4.38,
2026-02-06T14:57:45.3545252Z06-02-2026 15:57:42.600,36093952,4.38,
2026-02-06T14:57:45.3545252Z06-02-2026 15:57:42.600,36093952,4.31,
2026-02-06T14:57:45.3545252Z06-02-2026 15:57:42.600,36093952,4.38,
2026-02-06T14:57:45.3545252Z06-02-2026 15:57:42.600,36093952,4.38,
2026-02-06T14:57:45.3545252Z06-02-2026 15:57:42.600,36093952,4.38,
2026-02-06T14:57:45.3545252Z06-02-2026 15:57:42.600,36093952,4.38,
2026-02-06T14:57:45.3545252Z06-02-2026 15:57:42.600,36093952,4.38,
2026-02-06T14:57:45.3545252Z06-02-2026 15:57:42.600,36093952,4.38,
2026-02-06T14:57:45.3664691Z06-02-2026 15:57:42.856,36096000,4.38,
2026-02-06T14:57:45.3664691Z06-02-2026 15:57:42.856,36096000,4.38,
2026-02-06T14:57:45.3664691Z06-02-2026 15:57:42.856,36096000,4.38,
2026-02-06T14:57:45.3664691Z06-02-2026 15:57:42.856,36096000,4.38,
2026-02-06T14:57:45.3664691Z06-02-2026 15:57:42.856,36096000,4.38,
2026-02-06T14:57:45.3664691Z06-02-2026 15:57:42.856,36096000,4.31,
2026-02-06T14:57:45.3664691Z06-02-2026 15:57:42.856,36096000,4.31,
2026-02-06T14:57:45.3664691Z06-02-2026 15:57:42.856,36096000,4.31,
2026-02-06T14:57:45.3664691Z06-02-2026 15:57:42.856,36096000,4.38,
2026-02-06T14:57:45.3664691Z06-02-2026 15:57:42.856,36096000,4.38,
2026-02-06T14:57:45.3664691Z06-02-2026 15:57:42.856,36096000,4.38,
2026-02-06T14:57:45.3664691Z06-02-2026 15:57:42.856,36096000,4.38,
2026-02-06T14:57:45.3664691Z06-02-2026 15:57:42.856,36096000,4.38,
2026-02-06T14:57:45.3664691Z06-02-2026 15:57:42.856,36096000,4.38,
2026-02-06T14:57:45.3664691Z06-02-2026 15:57:42.856,36096000,4.38,
2026-02-06T14:57:45.3664691Z06-02-2026 15:57:42.856,36096000,4.38,
2026-02-06T14:57:45.3664691Z06-02-2026 15:57:42.856,36096000,4.38,
2026-02-06T14:57:45.3664691Z06-02-2026 15:57:42.856,36096000,4.38,
2026-02-06T14:57:45.3664691Z06-02-2026 15:57:42.856,36096000,4.38,
2026-02-06T14:57:45.3664691Z06-02-2026 15:57:42.856,36096000,4.38,
2026-02-06T14:57:45.3664691Z06-02-2026 15:57:42.856,36096000,4.38,
2026-02-06T14:57:45.3664691Z06-02-2026 15:57:42.856,36096000,4.38,
2026-02-06T14:57:45.3664691Z06-02-2026 15:57:42.856,36096000,4.38,
2026-02-06T14:57:45.3664691Z06-02-2026 15:57:42.856,36096000,4.38,
2026-02-06T14:57:45.3664691Z06-02-2026 15:57:42.856,36096000,4.38,
2026-02-06T14:57:45.3664691Z06-02-2026 15:57:42.856,36096000,4.38,
2026-02-06T14:57:45.3664691Z06-02-2026 15:57:42.856,36096000,4.31,
2026-02-06T14:57:45.3664691Z06-02-2026 15:57:42.856,36096000,4.31,
2026-02-06T14:57:45.3664691Z06-02-2026 15:57:42.856,36096000,4.31,
2026-02-06T14:57:45.3664691Z06-02-2026 15:57:42.856,36096000,4.38,
2026-02-06T14:57:45.3664691Z06-02-2026 15:57:42.856,36096000,4.38,
2026-02-06T14:57:45.3664691Z06-02-2026 15:57:42.856,36096000,4.38,
2026-02-06T14:57:45.3823866Z06-02-2026 15:57:43.112,36098048,4.44,
2026-02-06T14:57:45.3823866Z06-02-2026 15:57:43.112,36098048,4.44,
2026-02-06T14:57:45.3823866Z06-02-2026 15:57:43.112,36098048,4.38,
2026-02-06T14:57:45.3823866Z06-02-2026 15:57:43.112,36098048,4.38,
2026-02-06T14:57:45.3823866Z06-02-2026 15:57:43.112,36098048,4.38,
2026-02-06T14:57:45.3823866Z06-02-2026 15:57:43.112,36098048,4.38,
2026-02-06T14:57:45.3823866Z06-02-2026 15:57:43.112,36098048,4.44,
2026-02-06T14:57:45.3823866Z06-02-2026 15:57:43.112,36098048,4.44,
2026-02-06T14:57:45.3823866Z06-02-2026 15:57:43.112,36098048,4.44,
2026-02-06T14:57:45.3823866Z06-02-2026 15:57:43.112,36098048,4.38,
2026-02-06T14:57:45.3823866Z06-02-2026 15:57:43.112,36098048,4.44,
2026-02-06T14:57:45.3823866Z06-02-2026 15:57:43.112,36098048,4.44,
2026-02-06T14:57:45.3823866Z06-02-2026 15:57:43.112,36098048,4.44,
2026-02-06T14:57:45.3823866Z06-02-2026 15:57:43.112,36098048,4.38,
2026-02-06T14:57:45.3823866Z06-02-2026 15:57:43.112,36098048,4.38,
2026-02-06T14:57:45.3823866Z06-02-2026 15:57:43.112,36098048,4.31,
2026-02-06T14:57:45.3823866Z06-02-2026 15:57:43.112,36098048,4.31,
2026-02-06T14:57:45.3823866Z06-02-2026 15:57:43.112,36098048,4.31,
2026-02-06T14:57:45.3823866Z06-02-2026 15:57:43.112,36098048,4.38,
2026-02-06T14:57:45.3823866Z06-02-2026 15:57:43.112,36098048,4.38,
2026-02-06T14:57:45.3823866Z06-02-2026 15:57:43.112,36098048,4.38,
2026-02-06T14:57:45.3823866Z06-02-2026 15:57:43.112,36098048,4.38,
2026-02-06T14:57:45.3823866Z06-02-2026 15:57:43.112,36098048,4.38,
2026-02-06T14:57:45.3823866Z06-02-2026 15:57:43.112,36098048,4.38,
2026-02-06T14:57:45.3823866Z06-02-2026 15:57:43.112,36098048,4.38,
2026-02-06T14:57:45.3823866Z06-02-2026 15:57:43.112,36098048,4.38,
2026-02-06T14:57:45.3823866Z06-02-2026 15:57:43.112,36098048,4.38,
2026-02-06T14:57:45.3823866Z06-02-2026 15:57:43.112,36098048,4.38,
2026-02-06T14:57:45.3823866Z06-02-2026 15:57:43.112,36098048,4.38,
2026-02-06T14:57:45.3823866Z06-02-2026 15:57:43.112,36098048,4.44,
2026-02-06T14:57:45.3823866Z06-02-2026 15:57:43.112,36098048,4.44,
2026-02-06T14:57:45.3823866Z06-02-2026 15:57:43.112,36098048,4.44,
2026-02-06T14:57:45.3911525Z06-02-2026 15:57:43.368,36100096,4.38,
2026-02-06T14:57:45.3911525Z06-02-2026 15:57:43.368,36100096,4.38,
2026-02-06T14:57:45.3911525Z06-02-2026 15:57:43.368,36100096,4.31,
2026-02-06T14:57:45.3911525Z06-02-2026 15:57:43.368,36100096,4.38,
2026-02-06T14:57:45.3911525Z06-02-2026 15:57:43.368,36100096,4.38,
2026-02-06T14:57:45.3911525Z06-02-2026 15:57:43.368,36100096,4.38,
2026-02-06T14:57:45.3911525Z06-02-2026 15:57:43.368,36100096,4.38,
2026-02-06T14:57:45.3911525Z06-02-2026 15:57:43.368,36100096,4.38,
2026-02-06T14:57:45.3911525Z06-02-2026 15:57:43.368,36100096,4.38,
2026-02-06T14:57:45.3911525Z06-02-2026 15:57:43.368,36100096,4.38,
2026-02-06T14:57:45.3911525Z06-02-2026 15:57:43.368,36100096,4.38,
2026-02-06T14:57:45.3911525Z06-02-2026 15:57:43.368,36100096,4.44,
2026-02-06T14:57:45.3911525Z06-02-2026 15:57:43.368,36100096,4.44,
2026-02-06T14:57:45.3911525Z06-02-2026 15:57:43.368,36100096,4.44,
2026-02-06T14:57:45.3911525Z06-02-2026 15:57:43.368,36100096,4.44,
2026-02-06T14:57:45.3911525Z06-02-2026 15:57:43.368,36100096,4.44,
2026-02-06T14:57:45.3911525Z06-02-2026 15:57:43.368,36100096,4.44,
2026-02-06T14:57:45.3911525Z06-02-2026 15:57:43.368,36100096,4.44,
2026-02-06T14:57:45.3911525Z06-02-2026 15:57:43.368,36100096,4.44,
2026-02-06T14:57:45.3911525Z06-02-2026 15:57:43.368,36100096,4.44,
2026-02-06T14:57:45.3911525Z06-02-2026 15:57:43.368,36100096,4.44,
2026-02-06T14:57:45.3911525Z06-02-2026 15:57:43.368,36100096,4.44,
2026-02-06T14:57:45.3911525Z06-02-2026 15:57:43.368,36100096,4.44,
2026-02-06T14:57:45.3911525Z06-02-2026 15:57:43.368,36100096,4.44,
2026-02-06T14:57:45.3911525Z06-02-2026 15:57:43.368,36100096,4.38,
2026-02-06T14:57:45.3911525Z06-02-2026 15:57:43.368,36100096,4.38,
2026-02-06T14:57:45.3911525Z06-02-2026 15:57:43.368,36100096,4.38,
2026-02-06T14:57:45.3911525Z06-02-2026 15:57:43.368,36100096,4.44,
2026-02-06T14:57:45.3911525Z06-02-2026 15:57:43.368,36100096,4.44,
2026-02-06T14:57:45.3911525Z06-02-2026 15:57:43.368,36100096,4.44,
2026-02-06T14:57:45.3911525Z06-02-2026 15:57:43.368,36100096,4.44,
2026-02-06T14:57:45.3911525Z06-02-2026 15:57:43.368,36100096,4.44,
2026-02-06T14:59:40.1179485Z06-02-2026 15:59:37.528,37015552,870,
2026-02-06T14:59:40.1179485Z06-02-2026 15:59:37.528,37015552,870,
2026-02-06T14:59:40.1179485Z06-02-2026 15:59:37.528,37015552,870,
2026-02-06T14:59:40.1179485Z06-02-2026 15:59:37.528,37015552,870,
2026-02-06T14:59:40.1179485Z06-02-2026 15:59:37.528,37015552,870,
2026-02-06T14:59:40.1179485Z06-02-2026 15:59:37.528,37015552,869,
2026-02-06T14:59:40.1179485Z06-02-2026 15:59:37.528,37015552,869,
2026-02-06T14:59:40.1179485Z06-02-2026 15:59:37.528,37015552,869,
2026-02-06T14:59:40.1179485Z06-02-2026 15:59:37.528,37015552,870,
2026-02-06T14:59:40.1179485Z06-02-2026 15:59:37.528,37015552,870,
2026-02-06T14:59:40.1179485Z06-02-2026 15:59:37.528,37015552,870,
2026-02-06T14:59:40.1179485Z06-02-2026 15:59:37.528,37015552,871,
2026-02-06T14:59:40.1179485Z06-02-2026 15:59:37.528,37015552,871,
2026-02-06T14:59:40.1179485Z06-02-2026 15:59:37.528,37015552,870,
2026-02-06T14:59:40.1179485Z06-02-2026 15:59:37.528,37015552,870,
2026-02-06T14:59:40.1179485Z06-02-2026 15:59:37.528,37015552,870,
2026-02-06T14:59:40.1179485Z06-02-2026 15:59:37.528,37015552,870,
2026-02-06T14:59:40.1179485Z06-02-2026 15:59:37.528,37015552,870,
2026-02-06T14:59:40.1179485Z06-02-2026 15:59:37.528,37015552,870,
2026-02-06T14:59:40.1179485Z06-02-2026 15:59:37.528,37015552,870,
2026-02-06T14:59:40.1179485Z06-02-2026 15:59:37.528,37015552,870,
2026-02-06T14:59:40.1179485Z06-02-2026 15:59:37.528,37015552,870,
2026-02-06T14:59:40.1179485Z06-02-2026 15:59:37.528,37015552,870,
2026-02-06T14:59:40.1179485Z06-02-2026 15:59:37.528,37015552,871,
2026-02-06T14:59:40.1179485Z06-02-2026 15:59:37.528,37015552,871,
2026-02-06T14:59:40.1179485Z06-02-2026 15:59:37.528,37015552,871,
2026-02-06T14:59:40.1179485Z06-02-2026 15:59:37.528,37015552,871,
2026-02-06T14:59:40.1179485Z06-02-2026 15:59:37.528,37015552,870,
2026-02-06T14:59:40.1179485Z06-02-2026 15:59:37.528,37015552,870,
2026-02-06T14:59:40.1179485Z06-02-2026 15:59:37.528,37015552,871,
2026-02-06T14:59:40.1179485Z06-02-2026 15:59:37.528,37015552,871,
2026-02-06T14:59:40.1179485Z06-02-2026 15:59:37.528,37015552,871,
2026-02-06T14:59:40.1306604Z06-02-2026 15:59:37.784,37017600,870,
2026-02-06T14:59:40.1306604Z06-02-2026 15:59:37.784,37017600,870,
2026-02-06T14:59:40.1306604Z06-02-2026 15:59:37.784,37017600,870,
2026-02-06T14:59:40.1306604Z06-02-2026 15:59:37.784,37017600,870,
2026-02-06T14:59:40.1306604Z06-02-2026 15:59:37.784,37017600,870,
2026-02-06T14:59:40.1306604Z06-02-2026 15:59:37.784,37017600,870,
2026-02-06T14:59:40.1306604Z06-02-2026 15:59:37.784,37017600,871,
2026-02-06T14:59:40.1306604Z06-02-2026 15:59:37.784,37017600,871,
2026-02-06T14:59:40.1306604Z06-02-2026 15:59:37.784,37017600,871,
2026-02-06T14:59:40.1306604Z06-02-2026 15:59:37.784,37017600,870,
2026-02-06T14:59:40.1306604Z06-02-2026 15:59:37.784,37017600,870,
2026-02-06T14:59:40.1306604Z06-02-2026 15:59:37.784,37017600,870,
2026-02-06T14:59:40.1306604Z06-02-2026 15:59:37.784,37017600,870,
2026-02-06T14:59:40.1306604Z06-02-2026 15:59:37.784,37017600,870,
2026-02-06T14:59:40.1306604Z06-02-2026 15:59:37.784,37017600,871,
2026-02-06T14:59:40.1306604Z06-02-2026 15:59:37.784,37017600,871,
2026-02-06T14:59:40.1306604Z06-02-2026 15:59:37.784,37017600,871,
2026-02-06T14:59:40.1306604Z06-02-2026 15:59:37.784,37017600,871,
2026-02-06T14:59:40.1306604Z06-02-2026 15:59:37.784,37017600,871,
2026-02-06T14:59:40.1306604Z06-02-2026 15:59:37.784,37017600,870,
2026-02-06T14:59:40.1306604Z06-02-2026 15:59:37.784,37017600,870,
2026-02-06T14:59:40.1306604Z06-02-2026 15:59:37.784,37017600,871,
2026-02-06T14:59:40.1306604Z06-02-2026 15:59:37.784,37017600,871,
2026-02-06T14:59:40.1306604Z06-02-2026 15:59:37.784,37017600,871,
2026-02-06T14:59:40.1306604Z06-02-2026 15:59:37.784,37017600,871,
2026-02-06T14:59:40.1306604Z06-02-2026 15:59:37.784,37017600,871,
2026-02-06T14:59:40.1306604Z06-02-2026 15:59:37.784,37017600,870,
2026-02-06T14:59:40.1306604Z06-02-2026 15:59:37.784,37017600,870,
2026-02-06T14:59:40.1306604Z06-02-2026 15:59:37.784,37017600,871,
2026-02-06T14:59:40.1306604Z06-02-2026 15:59:37.784,37017600,871,
2026-02-06T14:59:40.1306604Z06-02-2026 15:59:37.784,37017600,871,
2026-02-06T14:59:40.1306604Z06-02-2026 15:59:37.784,37017600,871,
2026-02-06T14:59:41.1343340Z06-02-2026 15:59:38.040,37019648,870,
2026-02-06T14:59:41.1343340Z06-02-2026 15:59:38.040,37019648,870,
2026-02-06T14:59:41.1343340Z06-02-2026 15:59:38.040,37019648,870,
2026-02-06T14:59:41.1343340Z06-02-2026 15:59:38.040,37019648,870,
2026-02-06T14:59:41.1343340Z06-02-2026 15:59:38.040,37019648,870,
2026-02-06T14:59:41.1343340Z06-02-2026 15:59:38.040,37019648,871,
2026-02-06T14:59:41.1343340Z06-02-2026 15:59:38.040,37019648,870,
2026-02-06T14:59:41.1343340Z06-02-2026 15:59:38.040,37019648,870,
2026-02-06T14:59:41.1343340Z06-02-2026 15:59:38.040,37019648,869,
2026-02-06T14:59:41.1343340Z06-02-2026 15:59:38.040,37019648,869,
2026-02-06T14:59:41.1343340Z06-02-2026 15:59:38.040,37019648,870,
2026-02-06T14:59:41.1343340Z06-02-2026 15:59:38.040,37019648,870,
2026-02-06T14:59:41.1343340Z06-02-2026 15:59:38.040,37019648,870,
2026-02-06T14:59:41.1343340Z06-02-2026 15:59:38.040,37019648,870,
2026-02-06T14:59:41.1343340Z06-02-2026 15:59:38.040,37019648,870,
2026-02-06T14:59:41.1343340Z06-02-2026 15:59:38.040,37019648,870,
2026-02-06T14:59:41.1343340Z06-02-2026 15:59:38.040,37019648,870,
2026-02-06T14:59:41.1343340Z06-02-2026 15:59:38.040,37019648,870,
2026-02-06T14:59:41.1343340Z06-02-2026 15:59:38.040,37019648,870,
2026-02-06T14:59:41.1343340Z06-02-2026 15:59:38.040,37019648,870,
2026-02-06T14:59:41.1343340Z06-02-2026 15:59:38.040,37019648,871,
2026-02-06T14:59:41.1343340Z06-02-2026 15:59:38.040,37019648,871,
2026-02-06T14:59:41.1343340Z06-02-2026 15:59:38.040,37019648,871,
2026-02-06T14:59:41.1343340Z06-02-2026 15:59:38.040,37019648,871,
2026-02-06T14:59:41.1343340Z06-02-2026 15:59:38.040,37019648,871,
2026-02-06T14:59:41.1343340Z06-02-2026 15:59:38.040,37019648,870,
2026-02-06T14:59:41.1343340Z06-02-2026 15:59:38.040,37019648,870,
2026-02-06T14:59:41.1343340Z06-02-2026 15:59:38.040,37019648,870,
2026-02-06T14:59:41.1343340Z06-02-2026 15:59:38.040,37019648,869,
2026-02-06T14:59:41.1343340Z06-02-2026 15:59:38.040,37019648,869,
2026-02-06T14:59:41.1343340Z06-02-2026 15:59:38.040,37019648,870,
2026-02-06T14:59:41.1343340Z06-02-2026 15:59:38.040,37019648,870,
2026-02-06T14:59:41.1668298Z06-02-2026 15:59:38.296,37021696,870,
2026-02-06T14:59:41.1668298Z06-02-2026 15:59:38.296,37021696,870,
2026-02-06T14:59:41.1668298Z06-02-2026 15:59:38.296,37021696,870,
2026-02-06T14:59:41.1668298Z06-02-2026 15:59:38.296,37021696,869,
2026-02-06T14:59:41.1668298Z06-02-2026 15:59:38.296,37021696,869,
2026-02-06T14:59:41.1668298Z06-02-2026 15:59:38.296,37021696,870,
2026-02-06T14:59:41.1668298Z06-02-2026 15:59:38.296,37021696,870,
2026-02-06T14:59:41.1668298Z06-02-2026 15:59:38.296,37021696,870,
2026-02-06T14:59:41.1668298Z06-02-2026 15:59:38.296,37021696,870,
2026-02-06T14:59:41.1668298Z06-02-2026 15:59:38.296,37021696,870,
2026-02-06T14:59:41.1668298Z06-02-2026 15:59:38.296,37021696,870,
2026-02-06T14:59:41.1668298Z06-02-2026 15:59:38.296,37021696,870,
2026-02-06T14:59:41.1668298Z06-02-2026 15:59:38.296,37021696,870,
2026-02-06T14:59:41.1668298Z06-02-2026 15:59:38.296,37021696,870,
2026-02-06T14:59:41.1668298Z06-02-2026 15:59:38.296,37021696,870,
2026-02-06T14:59:41.1668298Z06-02-2026 15:59:38.296,37021696,870,
2026-02-06T14:59:41.1668298Z06-02-2026 15:59:38.296,37021696,870,
2026-02-06T14:59:41.1668298Z06-02-2026 15:59:38.296,37021696,870,
2026-02-06T14:59:41.1668298Z06-02-2026 15:59:38.296,37021696,871,
2026-02-06T14:59:41.1668298Z06-02-2026 15:59:38.296,37021696,871,
2026-02-06T14:59:41.1668298Z06-02-2026 15:59:38.296,37021696,872,
2026-02-06T14:59:41.1668298Z06-02-2026 15:59:38.296,37021696,872,
2026-02-06T14:59:41.1668298Z06-02-2026 15:59:38.296,37021696,872,
2026-02-06T14:59:41.1668298Z06-02-2026 15:59:38.296,37021696,872,
2026-02-06T14:59:41.1668298Z06-02-2026 15:59:38.296,37021696,871,
2026-02-06T14:59:41.1668298Z06-02-2026 15:59:38.296,37021696,871,
2026-02-06T14:59:41.1668298Z06-02-2026 15:59:38.296,37021696,871,
2026-02-06T14:59:41.1668298Z06-02-2026 15:59:38.296,37021696,870,
2026-02-06T14:59:41.1668298Z06-02-2026 15:59:38.296,37021696,870,
2026-02-06T14:59:41.1668298Z06-02-2026 15:59:38.296,37021696,871,
2026-02-06T14:59:41.1668298Z06-02-2026 15:59:38.296,37021696,871,
2026-02-06T14:59:41.1668298Z06-02-2026 15:59:38.296,37021696,871,
2026-02-06T14:59:41.2030645Z06-02-2026 15:59:38.552,37023744,870,
2026-02-06T14:59:41.2030645Z06-02-2026 15:59:38.552,37023744,870,
2026-02-06T14:59:41.2030645Z06-02-2026 15:59:38.552,37023744,871,
2026-02-06T14:59:41.2030645Z06-02-2026 15:59:38.552,37023744,871,
2026-02-06T14:59:41.2030645Z06-02-2026 15:59:38.552,37023744,871,
2026-02-06T14:59:41.2030645Z06-02-2026 15:59:38.552,37023744,871,
2026-02-06T14:59:41.2030645Z06-02-2026 15:59:38.552,37023744,871,
2026-02-06T14:59:41.2030645Z06-02-2026 15:59:38.552,37023744,870,
2026-02-06T14:59:41.2030645Z06-02-2026 15:59:38.552,37023744,870,
2026-02-06T14:59:41.2030645Z06-02-2026 15:59:38.552,37023744,871,
2026-02-06T14:59:41.2030645Z06-02-2026 15:59:38.552,37023744,871,
2026-02-06T14:59:41.2030645Z06-02-2026 15:59:38.552,37023744,872,
2026-02-06T14:59:41.2030645Z06-02-2026 15:59:38.552,37023744,872,
2026-02-06T14:59:41.2030645Z06-02-2026 15:59:38.552,37023744,871,
2026-02-06T14:59:41.2030645Z06-02-2026 15:59:38.552,37023744,871,
2026-02-06T14:59:41.2030645Z06-02-2026 15:59:38.552,37023744,871,
2026-02-06T14:59:41.2030645Z06-02-2026 15:59:38.552,37023744,871,
2026-02-06T14:59:41.2030645Z06-02-2026 15:59:38.552,37023744,871,
2026-02-06T14:59:41.2030645Z06-02-2026 15:59:38.552,37023744,870,
2026-02-06T14:59:41.2030645Z06-02-2026 15:59:38.552,37023744,870,
2026-02-06T14:59:41.2030645Z06-02-2026 15:59:38.552,37023744,869,
2026-02-06T14:59:41.2030645Z06-02-2026 15:59:38.552,37023744,869,
2026-02-06T14:59:41.2030645Z06-02-2026 15:59:38.552,37023744,870,
2026-02-06T14:59:41.2030645Z06-02-2026 15:59:38.552,37023744,870,
2026-02-06T14:59:41.2030645Z06-02-2026 15:59:38.552,37023744,871,
2026-02-06T14:59:41.2030645Z06-02-2026 15:59:38.552,37023744,871,
2026-02-06T14:59:41.2030645Z06-02-2026 15:59:38.552,37023744,871,
2026-02-06T14:59:41.2030645Z06-02-2026 15:59:38.552,37023744,871,
2026-02-06T14:59:41.2030645Z06-02-2026 15:59:38.552,37023744,871,
2026-02-06T14:59:41.2030645Z06-02-2026 15:59:38.552,37023744,871,
2026-02-06T14:59:41.2030645Z06-02-2026 15:59:38.552,37023744,871,
2026-02-06T14:59:41.2030645Z06-02-2026 15:59:38.552,37023744,871,
2026-02-06T14:59:41.2726286Z06-02-2026 15:59:38.808,37025792,871,
2026-02-06T14:59:41.2726286Z06-02-2026 15:59:38.808,37025792,871,
2026-02-06T14:59:41.2726286Z06-02-2026 15:59:38.808,37025792,871,
2026-02-06T14:59:41.2726286Z06-02-2026 15:59:38.808,37025792,870,
2026-02-06T14:59:41.2726286Z06-02-2026 15:59:38.808,37025792,870,
2026-02-06T14:59:41.2726286Z06-02-2026 15:59:38.808,37025792,870,
2026-02-06T14:59:41.2726286Z06-02-2026 15:59:38.808,37025792,871,
2026-02-06T14:59:41.2726286Z06-02-2026 15:59:38.808,37025792,871,
2026-02-06T14:59:41.2726286Z06-02-2026 15:59:38.808,37025792,870,
2026-02-06T14:59:41.2726286Z06-02-2026 15:59:38.808,37025792,870,
2026-02-06T14:59:41.2726286Z06-02-2026 15:59:38.808,37025792,870,
2026-02-06T14:59:41.2726286Z06-02-2026 15:59:38.808,37025792,869,
2026-02-06T14:59:41.2726286Z06-02-2026 15:59:38.808,37025792,869,
2026-02-06T14:59:41.2726286Z06-02-2026 15:59:38.808,37025792,870,
2026-02-06T14:59:41.2726286Z06-02-2026 15:59:38.808,37025792,870,
2026-02-06T14:59:41.2726286Z06-02-2026 15:59:38.808,37025792,870,
2026-02-06T14:59:41.2726286Z06-02-2026 15:59:38.808,37025792,870,
2026-02-06T14:59:41.2726286Z06-02-2026 15:59:38.808,37025792,870,
2026-02-06T14:59:41.2726286Z06-02-2026 15:59:38.808,37025792,870,
2026-02-06T14:59:41.2726286Z06-02-2026 15:59:38.808,37025792,870,
2026-02-06T14:59:41.2726286Z06-02-2026 15:59:38.808,37025792,870,
2026-02-06T14:59:41.2726286Z06-02-2026 15:59:38.808,37025792,871,
2026-02-06T14:59:41.2726286Z06-02-2026 15:59:38.808,37025792,871,
2026-02-06T14:59:41.2726286Z06-02-2026 15:59:38.808,37025792,871,
2026-02-06T14:59:41.2726286Z06-02-2026 15:59:38.808,37025792,871,
2026-02-06T14:59:41.2726286Z06-02-2026 15:59:38.808,37025792,871,
2026-02-06T14:59:41.2726286Z06-02-2026 15:59:38.808,37025792,871,
2026-02-06T14:59:41.2726286Z06-02-2026 15:59:38.808,37025792,870,
2026-02-06T14:59:41.2726286Z06-02-2026 15:59:38.808,37025792,870,
2026-02-06T14:59:41.2726286Z06-02-2026 15:59:38.808,37025792,870,
2026-02-06T14:59:41.2726286Z06-02-2026 15:59:38.808,37025792,870,
2026-02-06T14:59:41.2726286Z06-02-2026 15:59:38.808,37025792,870,
2026-02-06T14:59:42.1305076Z06-02-2026 15:59:39.064,37027840,870,
2026-02-06T14:59:42.1305076Z06-02-2026 15:59:39.064,37027840,870,
2026-02-06T14:59:42.1305076Z06-02-2026 15:59:39.064,37027840,870,
2026-02-06T14:59:42.1305076Z06-02-2026 15:59:39.064,37027840,870,
2026-02-06T14:59:42.1305076Z06-02-2026 15:59:39.064,37027840,870,
2026-02-06T14:59:42.1305076Z06-02-2026 15:59:39.064,37027840,870,
2026-02-06T14:59:42.1305076Z06-02-2026 15:59:39.064,37027840,870,
2026-02-06T14:59:42.1305076Z06-02-2026 15:59:39.064,37027840,869,
2026-02-06T14:59:42.1305076Z06-02-2026 15:59:39.064,37027840,869,
2026-02-06T14:59:42.1305076Z06-02-2026 15:59:39.064,37027840,869,
2026-02-06T14:59:42.1305076Z06-02-2026 15:59:39.064,37027840,869,
2026-02-06T14:59:42.1305076Z06-02-2026 15:59:39.064,37027840,870,
2026-02-06T14:59:42.1305076Z06-02-2026 15:59:39.064,37027840,870,
2026-02-06T14:59:42.1305076Z06-02-2026 15:59:39.064,37027840,871,
2026-02-06T14:59:42.1305076Z06-02-2026 15:59:39.064,37027840,871,
2026-02-06T14:59:42.1305076Z06-02-2026 15:59:39.064,37027840,870,
2026-02-06T14:59:42.1305076Z06-02-2026 15:59:39.064,37027840,870,
2026-02-06T14:59:42.1305076Z06-02-2026 15:59:39.064,37027840,869,
2026-02-06T14:59:42.1305076Z06-02-2026 15:59:39.064,37027840,869,
2026-02-06T14:59:42.1305076Z06-02-2026 15:59:39.064,37027840,870,
2026-02-06T14:59:42.1305076Z06-02-2026 15:59:39.064,37027840,870,
2026-02-06T14:59:42.1305076Z06-02-2026 15:59:39.064,37027840,871,
2026-02-06T14:59:42.1305076Z06-02-2026 15:59:39.064,37027840,871,
2026-02-06T14:59:42.1305076Z06-02-2026 15:59:39.064,37027840,871,
2026-02-06T14:59:42.1305076Z06-02-2026 15:59:39.064,37027840,871,
2026-02-06T14:59:42.1305076Z06-02-2026 15:59:39.064,37027840,871,
2026-02-06T14:59:42.1305076Z06-02-2026 15:59:39.064,37027840,870,
2026-02-06T14:59:42.1305076Z06-02-2026 15:59:39.064,37027840,870,
2026-02-06T14:59:42.1305076Z06-02-2026 15:59:39.064,37027840,869,
2026-02-06T14:59:42.1305076Z06-02-2026 15:59:39.064,37027840,870,
2026-02-06T14:59:42.1305076Z06-02-2026 15:59:39.064,37027840,870,
2026-02-06T14:59:42.1305076Z06-02-2026 15:59:39.064,37027840,870,
2026-02-06T14:59:42.1383017Z06-02-2026 15:59:39.320,37029888,870,
2026-02-06T14:59:42.1383017Z06-02-2026 15:59:39.320,37029888,870,
2026-02-06T14:59:42.1383017Z06-02-2026 15:59:39.320,37029888,869,
2026-02-06T14:59:42.1383017Z06-02-2026 15:59:39.320,37029888,870,
2026-02-06T14:59:42.1383017Z06-02-2026 15:59:39.320,37029888,870,
2026-02-06T14:59:42.1383017Z06-02-2026 15:59:39.320,37029888,870,
2026-02-06T14:59:42.1383017Z06-02-2026 15:59:39.320,37029888,869,
2026-02-06T14:59:42.1383017Z06-02-2026 15:59:39.320,37029888,869,
2026-02-06T14:59:42.1383017Z06-02-2026 15:59:39.320,37029888,870,
2026-02-06T14:59:42.1383017Z06-02-2026 15:59:39.320,37029888,870,
2026-02-06T14:59:42.1383017Z06-02-2026 15:59:39.320,37029888,870,
2026-02-06T14:59:42.1383017Z06-02-2026 15:59:39.320,37029888,871,
2026-02-06T14:59:42.1383017Z06-02-2026 15:59:39.320,37029888,870,
2026-02-06T14:59:42.1383017Z06-02-2026 15:59:39.320,37029888,870,
2026-02-06T14:59:42.1383017Z06-02-2026 15:59:39.320,37029888,869,
2026-02-06T14:59:42.1383017Z06-02-2026 15:59:39.320,37029888,869,
2026-02-06T14:59:42.1383017Z06-02-2026 15:59:39.320,37029888,869,
2026-02-06T14:59:42.1383017Z06-02-2026 15:59:39.320,37029888,869,
2026-02-06T14:59:42.1383017Z06-02-2026 15:59:39.320,37029888,869,
2026-02-06T14:59:42.1383017Z06-02-2026 15:59:39.320,37029888,870,
2026-02-06T14:59:42.1383017Z06-02-2026 15:59:39.320,37029888,870,
2026-02-06T14:59:42.1383017Z06-02-2026 15:59:39.320,37029888,870,
2026-02-06T14:59:42.1383017Z06-02-2026 15:59:39.320,37029888,870,
2026-02-06T14:59:42.1383017Z06-02-2026 15:59:39.320,37029888,870,
2026-02-06T14:59:42.1383017Z06-02-2026 15:59:39.320,37029888,870,
2026-02-06T14:59:42.1383017Z06-02-2026 15:59:39.320,37029888,870,
2026-02-06T14:59:42.1383017Z06-02-2026 15:59:39.320,37029888,870,
2026-02-06T14:59:42.1383017Z06-02-2026 15:59:39.320,37029888,869,
2026-02-06T14:59:42.1383017Z06-02-2026 15:59:39.320,37029888,869,
2026-02-06T14:59:42.1383017Z06-02-2026 15:59:39.320,37029888,869,
2026-02-06T14:59:42.1383017Z06-02-2026 15:59:39.320,37029888,870,
2026-02-06T14:59:42.1383017Z06-02-2026 15:59:39.320,37029888,870,
2026-02-06T14:59:42.1462982Z06-02-2026 15:59:39.576,37031936,871,
2026-02-06T14:59:42.1462982Z06-02-2026 15:59:39.576,37031936,870,
2026-02-06T14:59:42.1462982Z06-02-2026 15:59:39.576,37031936,870,
2026-02-06T14:59:42.1462982Z06-02-2026 15:59:39.576,37031936,870,
2026-02-06T14:59:42.1462982Z06-02-2026 15:59:39.576,37031936,870,
2026-02-06T14:59:42.1462982Z06-02-2026 15:59:39.576,37031936,870,
2026-02-06T14:59:42.1462982Z06-02-2026 15:59:39.576,37031936,870,
2026-02-06T14:59:42.1462982Z06-02-2026 15:59:39.576,37031936,870,
2026-02-06T14:59:42.1462982Z06-02-2026 15:59:39.576,37031936,870,
2026-02-06T14:59:42.1462982Z06-02-2026 15:59:39.576,37031936,870,
2026-02-06T14:59:42.1462982Z06-02-2026 15:59:39.576,37031936,870,
2026-02-06T14:59:42.1462982Z06-02-2026 15:59:39.576,37031936,870,
2026-02-06T14:59:42.1462982Z06-02-2026 15:59:39.576,37031936,870,
2026-02-06T14:59:42.1462982Z06-02-2026 15:59:39.576,37031936,870,
2026-02-06T14:59:42.1462982Z06-02-2026 15:59:39.576,37031936,870,
2026-02-06T14:59:42.1462982Z06-02-2026 15:59:39.576,37031936,870,
2026-02-06T14:59:42.1462982Z06-02-2026 15:59:39.576,37031936,870,
2026-02-06T14:59:42.1462982Z06-02-2026 15:59:39.576,37031936,869,
2026-02-06T14:59:42.1462982Z06-02-2026 15:59:39.576,37031936,869,
2026-02-06T14:59:42.1462982Z06-02-2026 15:59:39.576,37031936,870,
2026-02-06T14:59:42.1462982Z06-02-2026 15:59:39.576,37031936,870,
2026-02-06T14:59:42.1462982Z06-02-2026 15:59:39.576,37031936,871,
2026-02-06T14:59:42.1462982Z06-02-2026 15:59:39.576,37031936,871,
2026-02-06T14:59:42.1462982Z06-02-2026 15:59:39.576,37031936,871,
2026-02-06T14:59:42.1462982Z06-02-2026 15:59:39.576,37031936,870,
2026-02-06T14:59:42.1462982Z06-02-2026 15:59:39.576,37031936,870,
2026-02-06T14:59:42.1462982Z06-02-2026 15:59:39.576,37031936,870,
2026-02-06T14:59:42.1462982Z06-02-2026 15:59:39.576,37031936,870,
2026-02-06T14:59:42.1462982Z06-02-2026 15:59:39.576,37031936,870,
2026-02-06T14:59:42.1462982Z06-02-2026 15:59:39.576,37031936,870,
2026-02-06T14:59:42.1462982Z06-02-2026 15:59:39.576,37031936,870,
2026-02-06T14:59:42.1462982Z06-02-2026 15:59:39.576,37031936,870,
2026-02-06T14:59:42.1538150Z06-02-2026 15:59:39.832,37033984,870,
2026-02-06T14:59:42.1538150Z06-02-2026 15:59:39.832,37033984,870,
2026-02-06T14:59:42.1538150Z06-02-2026 15:59:39.832,37033984,870,
2026-02-06T14:59:42.1538150Z06-02-2026 15:59:39.832,37033984,870,
2026-02-06T14:59:42.1538150Z06-02-2026 15:59:39.832,37033984,870,
2026-02-06T14:59:42.1538150Z06-02-2026 15:59:39.832,37033984,870,
2026-02-06T14:59:42.1538150Z06-02-2026 15:59:39.832,37033984,870,
2026-02-06T14:59:42.1538150Z06-02-2026 15:59:39.832,37033984,870,
2026-02-06T14:59:42.1538150Z06-02-2026 15:59:39.832,37033984,870,
2026-02-06T14:59:42.1538150Z06-02-2026 15:59:39.832,37033984,870,
2026-02-06T14:59:42.1538150Z06-02-2026 15:59:39.832,37033984,870,
2026-02-06T14:59:42.1538150Z06-02-2026 15:59:39.832,37033984,870,
2026-02-06T14:59:42.1538150Z06-02-2026 15:59:39.832,37033984,870,
2026-02-06T14:59:42.1538150Z06-02-2026 15:59:39.832,37033984,871,
2026-02-06T14:59:42.1538150Z06-02-2026 15:59:39.832,37033984,871,
2026-02-06T14:59:42.1538150Z06-02-2026 15:59:39.832,37033984,872,
2026-02-06T14:59:42.1538150Z06-02-2026 15:59:39.832,37033984,872,
2026-02-06T14:59:42.1538150Z06-02-2026 15:59:39.832,37033984,871,
2026-02-06T14:59:42.1538150Z06-02-2026 15:59:39.832,37033984,871,
2026-02-06T14:59:42.1538150Z06-02-2026 15:59:39.832,37033984,871,
2026-02-06T14:59:42.1538150Z06-02-2026 15:59:39.832,37033984,871,
2026-02-06T14:59:42.1538150Z06-02-2026 15:59:39.832,37033984,872,
2026-02-06T14:59:42.1538150Z06-02-2026 15:59:39.832,37033984,871,
2026-02-06T14:59:42.1538150Z06-02-2026 15:59:39.832,37033984,871,
2026-02-06T14:59:42.1538150Z06-02-2026 15:59:39.832,37033984,871,
2026-02-06T14:59:42.1538150Z06-02-2026 15:59:39.832,37033984,871,
2026-02-06T14:59:42.1538150Z06-02-2026 15:59:39.832,37033984,871,
2026-02-06T14:59:42.1538150Z06-02-2026 15:59:39.832,37033984,871,
2026-02-06T14:59:42.1538150Z06-02-2026 15:59:39.832,37033984,871,
2026-02-06T14:59:42.1538150Z06-02-2026 15:59:39.832,37033984,871,
2026-02-06T14:59:42.1538150Z06-02-2026 15:59:39.832,37033984,871,
2026-02-06T14:59:42.1538150Z06-02-2026 15:59:39.832,37033984,870,
2026-02-06T14:59:43.1696791Z06-02-2026 15:59:40.088,37036032,870,
2026-02-06T14:59:43.1696791Z06-02-2026 15:59:40.088,37036032,870,
2026-02-06T14:59:43.1696791Z06-02-2026 15:59:40.088,37036032,871,
2026-02-06T14:59:43.1696791Z06-02-2026 15:59:40.088,37036032,871,
2026-02-06T14:59:43.1696791Z06-02-2026 15:59:40.088,37036032,871,
2026-02-06T14:59:43.1696791Z06-02-2026 15:59:40.088,37036032,870,
2026-02-06T14:59:43.1696791Z06-02-2026 15:59:40.088,37036032,869,
2026-02-06T14:59:43.1696791Z06-02-2026 15:59:40.088,37036032,869,
2026-02-06T14:59:43.1696791Z06-02-2026 15:59:40.088,37036032,869,
2026-02-06T14:59:43.1696791Z06-02-2026 15:59:40.088,37036032,870,
2026-02-06T14:59:43.1696791Z06-02-2026 15:59:40.088,37036032,870,
2026-02-06T14:59:43.1696791Z06-02-2026 15:59:40.088,37036032,870,
2026-02-06T14:59:43.1696791Z06-02-2026 15:59:40.088,37036032,870,
2026-02-06T14:59:43.1696791Z06-02-2026 15:59:40.088,37036032,870,
2026-02-06T14:59:43.1696791Z06-02-2026 15:59:40.088,37036032,870,
2026-02-06T14:59:43.1696791Z06-02-2026 15:59:40.088,37036032,871,
2026-02-06T14:59:43.1696791Z06-02-2026 15:59:40.088,37036032,871,
2026-02-06T14:59:43.1696791Z06-02-2026 15:59:40.088,37036032,870,
2026-02-06T14:59:43.1696791Z06-02-2026 15:59:40.088,37036032,870,
2026-02-06T14:59:43.1696791Z06-02-2026 15:59:40.088,37036032,870,
2026-02-06T14:59:43.1696791Z06-02-2026 15:59:40.088,37036032,870,
2026-02-06T14:59:43.1696791Z06-02-2026 15:59:40.088,37036032,871,
2026-02-06T14:59:43.1696791Z06-02-2026 15:59:40.088,37036032,871,
2026-02-06T14:59:43.1696791Z06-02-2026 15:59:40.088,37036032,870,
2026-02-06T14:59:43.1696791Z06-02-2026 15:59:40.088,37036032,870,
2026-02-06T14:59:43.1696791Z06-02-2026 15:59:40.088,37036032,870,
2026-02-06T14:59:43.1696791Z06-02-2026 15:59:40.088,37036032,870,
2026-02-06T14:59:43.1696791Z06-02-2026 15:59:40.088,37036032,870,
2026-02-06T14:59:43.1696791Z06-02-2026 15:59:40.088,37036032,871,
2026-02-06T14:59:43.1696791Z06-02-2026 15:59:40.088,37036032,871,
2026-02-06T14:59:43.1696791Z06-02-2026 15:59:40.088,37036032,870,
2026-02-06T14:59:43.1696791Z06-02-2026 15:59:40.088,37036032,870,
2026-02-06T14:59:43.1839694Z06-02-2026 15:59:40.344,37038080,870,
2026-02-06T14:59:43.1839694Z06-02-2026 15:59:40.344,37038080,870,
2026-02-06T14:59:43.1839694Z06-02-2026 15:59:40.344,37038080,870,
2026-02-06T14:59:43.1839694Z06-02-2026 15:59:40.344,37038080,870,
2026-02-06T14:59:43.1839694Z06-02-2026 15:59:40.344,37038080,870,
2026-02-06T14:59:43.1839694Z06-02-2026 15:59:40.344,37038080,870,
2026-02-06T14:59:43.1839694Z06-02-2026 15:59:40.344,37038080,870,
2026-02-06T14:59:43.1839694Z06-02-2026 15:59:40.344,37038080,870,
2026-02-06T14:59:43.1839694Z06-02-2026 15:59:40.344,37038080,870,
2026-02-06T14:59:43.1839694Z06-02-2026 15:59:40.344,37038080,870,
2026-02-06T14:59:43.1839694Z06-02-2026 15:59:40.344,37038080,870,
2026-02-06T14:59:43.1839694Z06-02-2026 15:59:40.344,37038080,870,
2026-02-06T14:59:43.1839694Z06-02-2026 15:59:40.344,37038080,870,
2026-02-06T14:59:43.1839694Z06-02-2026 15:59:40.344,37038080,871,
2026-02-06T14:59:43.1839694Z06-02-2026 15:59:40.344,37038080,871,
2026-02-06T14:59:43.1839694Z06-02-2026 15:59:40.344,37038080,871,
2026-02-06T14:59:43.1839694Z06-02-2026 15:59:40.344,37038080,870,
2026-02-06T14:59:43.1839694Z06-02-2026 15:59:40.344,37038080,870,
2026-02-06T14:59:43.1839694Z06-02-2026 15:59:40.344,37038080,870,
2026-02-06T14:59:43.1839694Z06-02-2026 15:59:40.344,37038080,870,
2026-02-06T14:59:43.1839694Z06-02-2026 15:59:40.344,37038080,870,
2026-02-06T14:59:43.1839694Z06-02-2026 15:59:40.344,37038080,870,
2026-02-06T14:59:43.1839694Z06-02-2026 15:59:40.344,37038080,871,
2026-02-06T14:59:43.1839694Z06-02-2026 15:59:40.344,37038080,871,
2026-02-06T14:59:43.1839694Z06-02-2026 15:59:40.344,37038080,871,
2026-02-06T14:59:43.1839694Z06-02-2026 15:59:40.344,37038080,871,
2026-02-06T14:59:43.1839694Z06-02-2026 15:59:40.344,37038080,871,
2026-02-06T14:59:43.1839694Z06-02-2026 15:59:40.344,37038080,871,
2026-02-06T14:59:43.1839694Z06-02-2026 15:59:40.344,37038080,871,
2026-02-06T14:59:43.1839694Z06-02-2026 15:59:40.344,37038080,871,
2026-02-06T14:59:43.1839694Z06-02-2026 15:59:40.344,37038080,871,
2026-02-06T14:59:43.1839694Z06-02-2026 15:59:40.344,37038080,871,
2026-02-06T14:59:43.2037412Z06-02-2026 15:59:40.600,37040128,871,
2026-02-06T14:59:43.2037412Z06-02-2026 15:59:40.600,37040128,871,
2026-02-06T14:59:43.2037412Z06-02-2026 15:59:40.600,37040128,871,
2026-02-06T14:59:43.2037412Z06-02-2026 15:59:40.600,37040128,871,
2026-02-06T14:59:43.2037412Z06-02-2026 15:59:40.600,37040128,870,
2026-02-06T14:59:43.2037412Z06-02-2026 15:59:40.600,37040128,870,
2026-02-06T14:59:43.2037412Z06-02-2026 15:59:40.600,37040128,870,
2026-02-06T14:59:43.2037412Z06-02-2026 15:59:40.600,37040128,870,
2026-02-06T14:59:43.2037412Z06-02-2026 15:59:40.600,37040128,870,
2026-02-06T14:59:43.2037412Z06-02-2026 15:59:40.600,37040128,870,
2026-02-06T14:59:43.2037412Z06-02-2026 15:59:40.600,37040128,870,
2026-02-06T14:59:43.2037412Z06-02-2026 15:59:40.600,37040128,870,
2026-02-06T14:59:43.2037412Z06-02-2026 15:59:40.600,37040128,870,
2026-02-06T14:59:43.2037412Z06-02-2026 15:59:40.600,37040128,870,
2026-02-06T14:59:43.2037412Z06-02-2026 15:59:40.600,37040128,870,
2026-02-06T14:59:43.2037412Z06-02-2026 15:59:40.600,37040128,870,
2026-02-06T14:59:43.2037412Z06-02-2026 15:59:40.600,37040128,870,
2026-02-06T14:59:43.2037412Z06-02-2026 15:59:40.600,37040128,870,
2026-02-06T14:59:43.2037412Z06-02-2026 15:59:40.600,37040128,870,
2026-02-06T14:59:43.2037412Z06-02-2026 15:59:40.600,37040128,870,
2026-02-06T14:59:43.2037412Z06-02-2026 15:59:40.600,37040128,870,
2026-02-06T14:59:43.2037412Z06-02-2026 15:59:40.600,37040128,870,
2026-02-06T14:59:43.2037412Z06-02-2026 15:59:40.600,37040128,870,
2026-02-06T14:59:43.2037412Z06-02-2026 15:59:40.600,37040128,870,
2026-02-06T14:59:43.2037412Z06-02-2026 15:59:40.600,37040128,870,
2026-02-06T14:59:43.2037412Z06-02-2026 15:59:40.600,37040128,870,
2026-02-06T14:59:43.2037412Z06-02-2026 15:59:40.600,37040128,871,
2026-02-06T14:59:43.2037412Z06-02-2026 15:59:40.600,37040128,871,
2026-02-06T14:59:43.2037412Z06-02-2026 15:59:40.600,37040128,871,
2026-02-06T14:59:43.2037412Z06-02-2026 15:59:40.600,37040128,871,
2026-02-06T14:59:43.2037412Z06-02-2026 15:59:40.600,37040128,871,
2026-02-06T14:59:43.2037412Z06-02-2026 15:59:40.600,37040128,870,
2026-02-06T14:59:43.2236318Z06-02-2026 15:59:40.856,37042176,870,
2026-02-06T14:59:43.2236318Z06-02-2026 15:59:40.856,37042176,870,
2026-02-06T14:59:43.2236318Z06-02-2026 15:59:40.856,37042176,870,
2026-02-06T14:59:43.2236318Z06-02-2026 15:59:40.856,37042176,870,
2026-02-06T14:59:43.2236318Z06-02-2026 15:59:40.856,37042176,870,
2026-02-06T14:59:43.2236318Z06-02-2026 15:59:40.856,37042176,870,
2026-02-06T14:59:43.2236318Z06-02-2026 15:59:40.856,37042176,871,
2026-02-06T14:59:43.2236318Z06-02-2026 15:59:40.856,37042176,871,
2026-02-06T14:59:43.2236318Z06-02-2026 15:59:40.856,37042176,871,
2026-02-06T14:59:43.2236318Z06-02-2026 15:59:40.856,37042176,871,
2026-02-06T14:59:43.2236318Z06-02-2026 15:59:40.856,37042176,871,
2026-02-06T14:59:43.2236318Z06-02-2026 15:59:40.856,37042176,871,
2026-02-06T14:59:43.2236318Z06-02-2026 15:59:40.856,37042176,871,
2026-02-06T14:59:43.2236318Z06-02-2026 15:59:40.856,37042176,870,
2026-02-06T14:59:43.2236318Z06-02-2026 15:59:40.856,37042176,870,
2026-02-06T14:59:43.2236318Z06-02-2026 15:59:40.856,37042176,870,
2026-02-06T14:59:43.2236318Z06-02-2026 15:59:40.856,37042176,870,
2026-02-06T14:59:43.2236318Z06-02-2026 15:59:40.856,37042176,870,
2026-02-06T14:59:43.2236318Z06-02-2026 15:59:40.856,37042176,870,
2026-02-06T14:59:43.2236318Z06-02-2026 15:59:40.856,37042176,869,
2026-02-06T14:59:43.2236318Z06-02-2026 15:59:40.856,37042176,870,
2026-02-06T14:59:43.2236318Z06-02-2026 15:59:40.856,37042176,870,
2026-02-06T14:59:43.2236318Z06-02-2026 15:59:40.856,37042176,870,
2026-02-06T14:59:43.2236318Z06-02-2026 15:59:40.856,37042176,870,
2026-02-06T14:59:43.2236318Z06-02-2026 15:59:40.856,37042176,870,
2026-02-06T14:59:43.2236318Z06-02-2026 15:59:40.856,37042176,870,
2026-02-06T14:59:43.2236318Z06-02-2026 15:59:40.856,37042176,870,
2026-02-06T14:59:43.2236318Z06-02-2026 15:59:40.856,37042176,870,
2026-02-06T14:59:43.2236318Z06-02-2026 15:59:40.856,37042176,870,
2026-02-06T14:59:43.2236318Z06-02-2026 15:59:40.856,37042176,870,
2026-02-06T14:59:43.2236318Z06-02-2026 15:59:40.856,37042176,870,
2026-02-06T14:59:43.2236318Z06-02-2026 15:59:40.856,37042176,870,
2026-02-06T14:59:44.2385154Z06-02-2026 15:59:41.112,37044224,870,
2026-02-06T14:59:44.2385154Z06-02-2026 15:59:41.112,37044224,870,
2026-02-06T14:59:44.2385154Z06-02-2026 15:59:41.112,37044224,870,
2026-02-06T14:59:44.2385154Z06-02-2026 15:59:41.112,37044224,870,
2026-02-06T14:59:44.2385154Z06-02-2026 15:59:41.112,37044224,870,
2026-02-06T14:59:44.2385154Z06-02-2026 15:59:41.112,37044224,870,
2026-02-06T14:59:44.2385154Z06-02-2026 15:59:41.112,37044224,870,
2026-02-06T14:59:44.2385154Z06-02-2026 15:59:41.112,37044224,870,
2026-02-06T14:59:44.2385154Z06-02-2026 15:59:41.112,37044224,870,
2026-02-06T14:59:44.2385154Z06-02-2026 15:59:41.112,37044224,869,
2026-02-06T14:59:44.2385154Z06-02-2026 15:59:41.112,37044224,869,
2026-02-06T14:59:44.2385154Z06-02-2026 15:59:41.112,37044224,869,
2026-02-06T14:59:44.2385154Z06-02-2026 15:59:41.112,37044224,870,
2026-02-06T14:59:44.2385154Z06-02-2026 15:59:41.112,37044224,870,
2026-02-06T14:59:44.2385154Z06-02-2026 15:59:41.112,37044224,870,
2026-02-06T14:59:44.2385154Z06-02-2026 15:59:41.112,37044224,869,
2026-02-06T14:59:44.2385154Z06-02-2026 15:59:41.112,37044224,869,
2026-02-06T14:59:44.2385154Z06-02-2026 15:59:41.112,37044224,868,
2026-02-06T14:59:44.2385154Z06-02-2026 15:59:41.112,37044224,869,
2026-02-06T14:59:44.2385154Z06-02-2026 15:59:41.112,37044224,869,
2026-02-06T14:59:44.2385154Z06-02-2026 15:59:41.112,37044224,870,
2026-02-06T14:59:44.2385154Z06-02-2026 15:59:41.112,37044224,870,
2026-02-06T14:59:44.2385154Z06-02-2026 15:59:41.112,37044224,870,
2026-02-06T14:59:44.2385154Z06-02-2026 15:59:41.112,37044224,870,
2026-02-06T14:59:44.2385154Z06-02-2026 15:59:41.112,37044224,870,
2026-02-06T14:59:44.2385154Z06-02-2026 15:59:41.112,37044224,870,
2026-02-06T14:59:44.2385154Z06-02-2026 15:59:41.112,37044224,870,
2026-02-06T14:59:44.2385154Z06-02-2026 15:59:41.112,37044224,871,
2026-02-06T14:59:44.2385154Z06-02-2026 15:59:41.112,37044224,871,
2026-02-06T14:59:44.2385154Z06-02-2026 15:59:41.112,37044224,871,
2026-02-06T14:59:44.2385154Z06-02-2026 15:59:41.112,37044224,870,
2026-02-06T14:59:44.2385154Z06-02-2026 15:59:41.112,37044224,870,
2026-02-06T14:59:44.2536852Z06-02-2026 15:59:41.368,37046272,870,
2026-02-06T14:59:44.2536852Z06-02-2026 15:59:41.368,37046272,870,
2026-02-06T14:59:44.2536852Z06-02-2026 15:59:41.368,37046272,870,
2026-02-06T14:59:44.2536852Z06-02-2026 15:59:41.368,37046272,870,
2026-02-06T14:59:44.2536852Z06-02-2026 15:59:41.368,37046272,869,
2026-02-06T14:59:44.2536852Z06-02-2026 15:59:41.368,37046272,869,
2026-02-06T14:59:44.2536852Z06-02-2026 15:59:41.368,37046272,870,
2026-02-06T14:59:44.2536852Z06-02-2026 15:59:41.368,37046272,869,
2026-02-06T14:59:44.2536852Z06-02-2026 15:59:41.368,37046272,869,
2026-02-06T14:59:44.2536852Z06-02-2026 15:59:41.368,37046272,868,
2026-02-06T14:59:44.2536852Z06-02-2026 15:59:41.368,37046272,868,
2026-02-06T14:59:44.2536852Z06-02-2026 15:59:41.368,37046272,869,
2026-02-06T14:59:44.2536852Z06-02-2026 15:59:41.368,37046272,869,
2026-02-06T14:59:44.2536852Z06-02-2026 15:59:41.368,37046272,869,
2026-02-06T14:59:44.2536852Z06-02-2026 15:59:41.368,37046272,869,
2026-02-06T14:59:44.2536852Z06-02-2026 15:59:41.368,37046272,870,
2026-02-06T14:59:44.2536852Z06-02-2026 15:59:41.368,37046272,870,
2026-02-06T14:59:44.2536852Z06-02-2026 15:59:41.368,37046272,870,
2026-02-06T14:59:44.2536852Z06-02-2026 15:59:41.368,37046272,869,
2026-02-06T14:59:44.2536852Z06-02-2026 15:59:41.368,37046272,869,
2026-02-06T14:59:44.2536852Z06-02-2026 15:59:41.368,37046272,869,
2026-02-06T14:59:44.2536852Z06-02-2026 15:59:41.368,37046272,870,
2026-02-06T14:59:44.2536852Z06-02-2026 15:59:41.368,37046272,870,
2026-02-06T14:59:44.2536852Z06-02-2026 15:59:41.368,37046272,870,
2026-02-06T14:59:44.2536852Z06-02-2026 15:59:41.368,37046272,870,
2026-02-06T14:59:44.2536852Z06-02-2026 15:59:41.368,37046272,869,
2026-02-06T14:59:44.2536852Z06-02-2026 15:59:41.368,37046272,869,
2026-02-06T14:59:44.2536852Z06-02-2026 15:59:41.368,37046272,869,
2026-02-06T14:59:44.2536852Z06-02-2026 15:59:41.368,37046272,869,
2026-02-06T14:59:44.2536852Z06-02-2026 15:59:41.368,37046272,869,
2026-02-06T14:59:44.2536852Z06-02-2026 15:59:41.368,37046272,869,
2026-02-06T14:59:44.2536852Z06-02-2026 15:59:41.368,37046272,870,
2026-02-06T14:59:44.2896129Z06-02-2026 15:59:41.624,37048320,870,
2026-02-06T14:59:44.2896129Z06-02-2026 15:59:41.624,37048320,870,
2026-02-06T14:59:44.2896129Z06-02-2026 15:59:41.624,37048320,870,
2026-02-06T14:59:44.2896129Z06-02-2026 15:59:41.624,37048320,870,
2026-02-06T14:59:44.2896129Z06-02-2026 15:59:41.624,37048320,870,
2026-02-06T14:59:44.2896129Z06-02-2026 15:59:41.624,37048320,870,
2026-02-06T14:59:44.2896129Z06-02-2026 15:59:41.624,37048320,870,
2026-02-06T14:59:44.2896129Z06-02-2026 15:59:41.624,37048320,869,
2026-02-06T14:59:44.2896129Z06-02-2026 15:59:41.624,37048320,869,
2026-02-06T14:59:44.2896129Z06-02-2026 15:59:41.624,37048320,869,
2026-02-06T14:59:44.2896129Z06-02-2026 15:59:41.624,37048320,869,
2026-02-06T14:59:44.2896129Z06-02-2026 15:59:41.624,37048320,870,
2026-02-06T14:59:44.2896129Z06-02-2026 15:59:41.624,37048320,870,
2026-02-06T14:59:44.2896129Z06-02-2026 15:59:41.624,37048320,870,
2026-02-06T14:59:44.2896129Z06-02-2026 15:59:41.624,37048320,870,
2026-02-06T14:59:44.2896129Z06-02-2026 15:59:41.624,37048320,869,
2026-02-06T14:59:44.2896129Z06-02-2026 15:59:41.624,37048320,869,
2026-02-06T14:59:44.2896129Z06-02-2026 15:59:41.624,37048320,869,
2026-02-06T14:59:44.2896129Z06-02-2026 15:59:41.624,37048320,869,
2026-02-06T14:59:44.2896129Z06-02-2026 15:59:41.624,37048320,869,
2026-02-06T14:59:44.2896129Z06-02-2026 15:59:41.624,37048320,869,
2026-02-06T14:59:44.2896129Z06-02-2026 15:59:41.624,37048320,870,
2026-02-06T14:59:44.2896129Z06-02-2026 15:59:41.624,37048320,870,
2026-02-06T14:59:44.2896129Z06-02-2026 15:59:41.624,37048320,870,
2026-02-06T14:59:44.2896129Z06-02-2026 15:59:41.624,37048320,870,
2026-02-06T14:59:44.2896129Z06-02-2026 15:59:41.624,37048320,870,
2026-02-06T14:59:44.2896129Z06-02-2026 15:59:41.624,37048320,870,
2026-02-06T14:59:44.2896129Z06-02-2026 15:59:41.624,37048320,870,
2026-02-06T14:59:44.2896129Z06-02-2026 15:59:41.624,37048320,870,
2026-02-06T14:59:44.2896129Z06-02-2026 15:59:41.624,37048320,871,
2026-02-06T14:59:44.2896129Z06-02-2026 15:59:41.624,37048320,871,
2026-02-06T14:59:44.2896129Z06-02-2026 15:59:41.624,37048320,871,
2026-02-06T14:59:44.3153876Z06-02-2026 15:59:41.880,37050368,870,
2026-02-06T14:59:44.3153876Z06-02-2026 15:59:41.880,37050368,870,
2026-02-06T14:59:44.3153876Z06-02-2026 15:59:41.880,37050368,870,
2026-02-06T14:59:44.3153876Z06-02-2026 15:59:41.880,37050368,870,
2026-02-06T14:59:44.3153876Z06-02-2026 15:59:41.880,37050368,870,
2026-02-06T14:59:44.3153876Z06-02-2026 15:59:41.880,37050368,870,
2026-02-06T14:59:44.3153876Z06-02-2026 15:59:41.880,37050368,870,
2026-02-06T14:59:44.3153876Z06-02-2026 15:59:41.880,37050368,870,
2026-02-06T14:59:44.3153876Z06-02-2026 15:59:41.880,37050368,870,
2026-02-06T14:59:44.3153876Z06-02-2026 15:59:41.880,37050368,870,
2026-02-06T14:59:44.3153876Z06-02-2026 15:59:41.880,37050368,870,
2026-02-06T14:59:44.3153876Z06-02-2026 15:59:41.880,37050368,870,
2026-02-06T14:59:44.3153876Z06-02-2026 15:59:41.880,37050368,870,
2026-02-06T14:59:44.3153876Z06-02-2026 15:59:41.880,37050368,870,
2026-02-06T14:59:44.3153876Z06-02-2026 15:59:41.880,37050368,870,
2026-02-06T14:59:44.3153876Z06-02-2026 15:59:41.880,37050368,870,
2026-02-06T14:59:44.3153876Z06-02-2026 15:59:41.880,37050368,870,
2026-02-06T14:59:44.3153876Z06-02-2026 15:59:41.880,37050368,871,
2026-02-06T14:59:44.3153876Z06-02-2026 15:59:41.880,37050368,871,
2026-02-06T14:59:44.3153876Z06-02-2026 15:59:41.880,37050368,871,
2026-02-06T14:59:44.3153876Z06-02-2026 15:59:41.880,37050368,871,
2026-02-06T14:59:44.3153876Z06-02-2026 15:59:41.880,37050368,871,
2026-02-06T14:59:44.3153876Z06-02-2026 15:59:41.880,37050368,870,
2026-02-06T14:59:44.3153876Z06-02-2026 15:59:41.880,37050368,870,
2026-02-06T14:59:44.3153876Z06-02-2026 15:59:41.880,37050368,870,
2026-02-06T14:59:44.3153876Z06-02-2026 15:59:41.880,37050368,870,
2026-02-06T14:59:44.3153876Z06-02-2026 15:59:41.880,37050368,870,
2026-02-06T14:59:44.3153876Z06-02-2026 15:59:41.880,37050368,871,
2026-02-06T14:59:44.3153876Z06-02-2026 15:59:41.880,37050368,871,
2026-02-06T14:59:44.3153876Z06-02-2026 15:59:41.880,37050368,871,
2026-02-06T14:59:44.3153876Z06-02-2026 15:59:41.880,37050368,871,
2026-02-06T14:59:44.3153876Z06-02-2026 15:59:41.880,37050368,871,
2026-02-06T14:59:45.2166877Z06-02-2026 15:59:42.136,37052416,4.44,
2026-02-06T14:59:45.2166877Z06-02-2026 15:59:42.136,37052416,4.44,
2026-02-06T14:59:45.2166877Z06-02-2026 15:59:42.136,37052416,4.44,
2026-02-06T14:59:45.2166877Z06-02-2026 15:59:42.136,37052416,4.44,
2026-02-06T14:59:45.2166877Z06-02-2026 15:59:42.136,37052416,4.44,
2026-02-06T14:59:45.2166877Z06-02-2026 15:59:42.136,37052416,4.44,
2026-02-06T14:59:45.2166877Z06-02-2026 15:59:42.136,37052416,4.5,
2026-02-06T14:59:45.2166877Z06-02-2026 15:59:42.136,37052416,4.5,
2026-02-06T14:59:45.2166877Z06-02-2026 15:59:42.136,37052416,4.5,
2026-02-06T14:59:45.2166877Z06-02-2026 15:59:42.136,37052416,4.5,
2026-02-06T14:59:45.2166877Z06-02-2026 15:59:42.136,37052416,4.44,
2026-02-06T14:59:45.2166877Z06-02-2026 15:59:42.136,37052416,4.44,
2026-02-06T14:59:45.2166877Z06-02-2026 15:59:42.136,37052416,4.44,
2026-02-06T14:59:45.2166877Z06-02-2026 15:59:42.136,37052416,4.44,
2026-02-06T14:59:45.2166877Z06-02-2026 15:59:42.136,37052416,4.38,
2026-02-06T14:59:45.2166877Z06-02-2026 15:59:42.136,37052416,4.38,
2026-02-06T14:59:45.2166877Z06-02-2026 15:59:42.136,37052416,4.38,
2026-02-06T14:59:45.2166877Z06-02-2026 15:59:42.136,37052416,4.38,
2026-02-06T14:59:45.2166877Z06-02-2026 15:59:42.136,37052416,4.38,
2026-02-06T14:59:45.2166877Z06-02-2026 15:59:42.136,37052416,4.38,
2026-02-06T14:59:45.2166877Z06-02-2026 15:59:42.136,37052416,4.38,
2026-02-06T14:59:45.2166877Z06-02-2026 15:59:42.136,37052416,4.38,
2026-02-06T14:59:45.2166877Z06-02-2026 15:59:42.136,37052416,4.38,
2026-02-06T14:59:45.2166877Z06-02-2026 15:59:42.136,37052416,4.38,
2026-02-06T14:59:45.2166877Z06-02-2026 15:59:42.136,37052416,4.38,
2026-02-06T14:59:45.2166877Z06-02-2026 15:59:42.136,37052416,4.38,
2026-02-06T14:59:45.2166877Z06-02-2026 15:59:42.136,37052416,4.38,
2026-02-06T14:59:45.2166877Z06-02-2026 15:59:42.136,37052416,4.38,
2026-02-06T14:59:45.2166877Z06-02-2026 15:59:42.136,37052416,4.38,
2026-02-06T14:59:45.2166877Z06-02-2026 15:59:42.136,37052416,4.38,
2026-02-06T14:59:45.2166877Z06-02-2026 15:59:42.136,37052416,4.31,
2026-02-06T14:59:45.2166877Z06-02-2026 15:59:42.136,37052416,4.38,
2026-02-06T14:59:45.2281373Z06-02-2026 15:59:42.392,37054464,4.38,
2026-02-06T14:59:45.2281373Z06-02-2026 15:59:42.392,37054464,4.38,
2026-02-06T14:59:45.2281373Z06-02-2026 15:59:42.392,37054464,4.44,
2026-02-06T14:59:45.2281373Z06-02-2026 15:59:42.392,37054464,4.44,
2026-02-06T14:59:45.2281373Z06-02-2026 15:59:42.392,37054464,4.44,
2026-02-06T14:59:45.2281373Z06-02-2026 15:59:42.392,37054464,4.38,
2026-02-06T14:59:45.2281373Z06-02-2026 15:59:42.392,37054464,4.38,
2026-02-06T14:59:45.2281373Z06-02-2026 15:59:42.392,37054464,4.38,
2026-02-06T14:59:45.2281373Z06-02-2026 15:59:42.392,37054464,4.38,
2026-02-06T14:59:45.2281373Z06-02-2026 15:59:42.392,37054464,4.38,
2026-02-06T14:59:45.2281373Z06-02-2026 15:59:42.392,37054464,4.38,
2026-02-06T14:59:45.2281373Z06-02-2026 15:59:42.392,37054464,4.38,
2026-02-06T14:59:45.2281373Z06-02-2026 15:59:42.392,37054464,4.38,
2026-02-06T14:59:45.2281373Z06-02-2026 15:59:42.392,37054464,4.38,
2026-02-06T14:59:45.2281373Z06-02-2026 15:59:42.392,37054464,4.38,
2026-02-06T14:59:45.2281373Z06-02-2026 15:59:42.392,37054464,4.38,
2026-02-06T14:59:45.2281373Z06-02-2026 15:59:42.392,37054464,4.38,
2026-02-06T14:59:45.2281373Z06-02-2026 15:59:42.392,37054464,4.38,
2026-02-06T14:59:45.2281373Z06-02-2026 15:59:42.392,37054464,4.38,
2026-02-06T14:59:45.2281373Z06-02-2026 15:59:42.392,37054464,4.38,
2026-02-06T14:59:45.2281373Z06-02-2026 15:59:42.392,37054464,4.38,
2026-02-06T14:59:45.2281373Z06-02-2026 15:59:42.392,37054464,4.38,
2026-02-06T14:59:45.2281373Z06-02-2026 15:59:42.392,37054464,4.31,
2026-02-06T14:59:45.2281373Z06-02-2026 15:59:42.392,37054464,4.31,
2026-02-06T14:59:45.2281373Z06-02-2026 15:59:42.392,37054464,4.31,
2026-02-06T14:59:45.2281373Z06-02-2026 15:59:42.392,37054464,4.38,
2026-02-06T14:59:45.2281373Z06-02-2026 15:59:42.392,37054464,4.38,
2026-02-06T14:59:45.2281373Z06-02-2026 15:59:42.392,37054464,4.44,
2026-02-06T14:59:45.2281373Z06-02-2026 15:59:42.392,37054464,4.44,
2026-02-06T14:59:45.2281373Z06-02-2026 15:59:42.392,37054464,4.38,
2026-02-06T14:59:45.2281373Z06-02-2026 15:59:42.392,37054464,4.38,
2026-02-06T14:59:45.2281373Z06-02-2026 15:59:42.392,37054464,4.38,
2026-02-06T14:59:45.2380200Z06-02-2026 15:59:42.648,37056512,4.38,
2026-02-06T14:59:45.2380200Z06-02-2026 15:59:42.648,37056512,4.38,
2026-02-06T14:59:45.2380200Z06-02-2026 15:59:42.648,37056512,4.44,
2026-02-06T14:59:45.2380200Z06-02-2026 15:59:42.648,37056512,4.44,
2026-02-06T14:59:45.2380200Z06-02-2026 15:59:42.648,37056512,4.44,
2026-02-06T14:59:45.2380200Z06-02-2026 15:59:42.648,37056512,4.44,
2026-02-06T14:59:45.2380200Z06-02-2026 15:59:42.648,37056512,4.38,
2026-02-06T14:59:45.2380200Z06-02-2026 15:59:42.648,37056512,4.38,
2026-02-06T14:59:45.2380200Z06-02-2026 15:59:42.648,37056512,4.38,
2026-02-06T14:59:45.2380200Z06-02-2026 15:59:42.648,37056512,4.38,
2026-02-06T14:59:45.2380200Z06-02-2026 15:59:42.648,37056512,4.44,
2026-02-06T14:59:45.2380200Z06-02-2026 15:59:42.648,37056512,4.38,
2026-02-06T14:59:45.2380200Z06-02-2026 15:59:42.648,37056512,4.38,
2026-02-06T14:59:45.2380200Z06-02-2026 15:59:42.648,37056512,4.38,
2026-02-06T14:59:45.2380200Z06-02-2026 15:59:42.648,37056512,4.38,
2026-02-06T14:59:45.2380200Z06-02-2026 15:59:42.648,37056512,4.38,
2026-02-06T14:59:45.2380200Z06-02-2026 15:59:42.648,37056512,4.44,
2026-02-06T14:59:45.2380200Z06-02-2026 15:59:42.648,37056512,4.44,
2026-02-06T14:59:45.2380200Z06-02-2026 15:59:42.648,37056512,4.44,
2026-02-06T14:59:45.2380200Z06-02-2026 15:59:42.648,37056512,4.44,
2026-02-06T14:59:45.2380200Z06-02-2026 15:59:42.648,37056512,4.38,
2026-02-06T14:59:45.2380200Z06-02-2026 15:59:42.648,37056512,4.38,
2026-02-06T14:59:45.2380200Z06-02-2026 15:59:42.648,37056512,4.38,
2026-02-06T14:59:45.2380200Z06-02-2026 15:59:42.648,37056512,4.38,
2026-02-06T14:59:45.2380200Z06-02-2026 15:59:42.648,37056512,4.38,
2026-02-06T14:59:45.2380200Z06-02-2026 15:59:42.648,37056512,4.38,
2026-02-06T14:59:45.2380200Z06-02-2026 15:59:42.648,37056512,4.38,
2026-02-06T14:59:45.2380200Z06-02-2026 15:59:42.648,37056512,4.38,
2026-02-06T14:59:45.2380200Z06-02-2026 15:59:42.648,37056512,4.38,
2026-02-06T14:59:45.2380200Z06-02-2026 15:59:42.648,37056512,4.38,
2026-02-06T14:59:45.2380200Z06-02-2026 15:59:42.648,37056512,4.44,
2026-02-06T14:59:45.2380200Z06-02-2026 15:59:42.648,37056512,4.44,
2026-02-06T14:59:45.2712343Z06-02-2026 15:59:42.904,37058560,4.44,
2026-02-06T14:59:45.2712343Z06-02-2026 15:59:42.904,37058560,4.38,
2026-02-06T14:59:45.2712343Z06-02-2026 15:59:42.904,37058560,4.38,
2026-02-06T14:59:45.2712343Z06-02-2026 15:59:42.904,37058560,4.38,
2026-02-06T14:59:45.2712343Z06-02-2026 15:59:42.904,37058560,4.38,
2026-02-06T14:59:45.2712343Z06-02-2026 15:59:42.904,37058560,4.44,
2026-02-06T14:59:45.2712343Z06-02-2026 15:59:42.904,37058560,4.44,
2026-02-06T14:59:45.2712343Z06-02-2026 15:59:42.904,37058560,4.44,
2026-02-06T14:59:45.2712343Z06-02-2026 15:59:42.904,37058560,4.38,
2026-02-06T14:59:45.2712343Z06-02-2026 15:59:42.904,37058560,4.38,
2026-02-06T14:59:45.2712343Z06-02-2026 15:59:42.904,37058560,4.38,
2026-02-06T14:59:45.2712343Z06-02-2026 15:59:42.904,37058560,4.38,
2026-02-06T14:59:45.2712343Z06-02-2026 15:59:42.904,37058560,4.38,
2026-02-06T14:59:45.2712343Z06-02-2026 15:59:42.904,37058560,4.38,
2026-02-06T14:59:45.2712343Z06-02-2026 15:59:42.904,37058560,4.38,
2026-02-06T14:59:45.2712343Z06-02-2026 15:59:42.904,37058560,4.44,
2026-02-06T14:59:45.2712343Z06-02-2026 15:59:42.904,37058560,4.44,
2026-02-06T14:59:45.2712343Z06-02-2026 15:59:42.904,37058560,4.5,
2026-02-06T14:59:45.2712343Z06-02-2026 15:59:42.904,37058560,4.44,
2026-02-06T14:59:45.2712343Z06-02-2026 15:59:42.904,37058560,4.44,
2026-02-06T14:59:45.2712343Z06-02-2026 15:59:42.904,37058560,4.38,
2026-02-06T14:59:45.2712343Z06-02-2026 15:59:42.904,37058560,4.38,
2026-02-06T14:59:45.2712343Z06-02-2026 15:59:42.904,37058560,4.44,
2026-02-06T14:59:45.2712343Z06-02-2026 15:59:42.904,37058560,4.44,
2026-02-06T14:59:45.2712343Z06-02-2026 15:59:42.904,37058560,4.44,
2026-02-06T14:59:45.2712343Z06-02-2026 15:59:42.904,37058560,4.44,
2026-02-06T14:59:45.2712343Z06-02-2026 15:59:42.904,37058560,4.44,
2026-02-06T14:59:45.2712343Z06-02-2026 15:59:42.904,37058560,4.44,
2026-02-06T14:59:45.2712343Z06-02-2026 15:59:42.904,37058560,4.38,
2026-02-06T14:59:45.2712343Z06-02-2026 15:59:42.904,37058560,4.38,
2026-02-06T14:59:45.2712343Z06-02-2026 15:59:42.904,37058560,4.38,
2026-02-06T14:59:45.2712343Z06-02-2026 15:59:42.904,37058560,4.38,
2026-02-06T14:59:46.2332889Z06-02-2026 15:59:43.160,37060608,4.38,
2026-02-06T14:59:46.2332889Z06-02-2026 15:59:43.160,37060608,4.38,
2026-02-06T14:59:46.2332889Z06-02-2026 15:59:43.160,37060608,4.38,
2026-02-06T14:59:46.2332889Z06-02-2026 15:59:43.160,37060608,4.38,
2026-02-06T14:59:46.2332889Z06-02-2026 15:59:43.160,37060608,4.38,
2026-02-06T14:59:46.2332889Z06-02-2026 15:59:43.160,37060608,4.31,
2026-02-06T14:59:46.2332889Z06-02-2026 15:59:43.160,37060608,4.38,
2026-02-06T14:59:46.2332889Z06-02-2026 15:59:43.160,37060608,4.38,
2026-02-06T14:59:46.2332889Z06-02-2026 15:59:43.160,37060608,4.38,
2026-02-06T14:59:46.2332889Z06-02-2026 15:59:43.160,37060608,4.38,
2026-02-06T14:59:46.2332889Z06-02-2026 15:59:43.160,37060608,4.38,
2026-02-06T14:59:46.2332889Z06-02-2026 15:59:43.160,37060608,4.31,
2026-02-06T14:59:46.2332889Z06-02-2026 15:59:43.160,37060608,4.31,
2026-02-06T14:59:46.2332889Z06-02-2026 15:59:43.160,37060608,4.31,
2026-02-06T14:59:46.2332889Z06-02-2026 15:59:43.160,37060608,4.31,
2026-02-06T14:59:46.2332889Z06-02-2026 15:59:43.160,37060608,4.31,
2026-02-06T14:59:46.2332889Z06-02-2026 15:59:43.160,37060608,4.31,
2026-02-06T14:59:46.2332889Z06-02-2026 15:59:43.160,37060608,4.38,
2026-02-06T14:59:46.2332889Z06-02-2026 15:59:43.160,37060608,4.38,
2026-02-06T14:59:46.2332889Z06-02-2026 15:59:43.160,37060608,4.38,
2026-02-06T14:59:46.2332889Z06-02-2026 15:59:43.160,37060608,4.38,
2026-02-06T14:59:46.2332889Z06-02-2026 15:59:43.160,37060608,4.38,
2026-02-06T14:59:46.2332889Z06-02-2026 15:59:43.160,37060608,4.44,
2026-02-06T14:59:46.2332889Z06-02-2026 15:59:43.160,37060608,4.44,
2026-02-06T14:59:46.2332889Z06-02-2026 15:59:43.160,37060608,4.44,
2026-02-06T14:59:46.2332889Z06-02-2026 15:59:43.160,37060608,4.44,
2026-02-06T14:59:46.2332889Z06-02-2026 15:59:43.160,37060608,4.38,
2026-02-06T14:59:46.2332889Z06-02-2026 15:59:43.160,37060608,4.38,
2026-02-06T14:59:46.2332889Z06-02-2026 15:59:43.160,37060608,4.38,
2026-02-06T14:59:46.2332889Z06-02-2026 15:59:43.160,37060608,4.31,
2026-02-06T14:59:46.2332889Z06-02-2026 15:59:43.160,37060608,4.31,
2026-02-06T14:59:46.2332889Z06-02-2026 15:59:43.160,37060608,4.31,
2026-02-06T14:59:46.2556157Z06-02-2026 15:59:43.416,37062656,4.31,
2026-02-06T14:59:46.2556157Z06-02-2026 15:59:43.416,37062656,4.31,
2026-02-06T14:59:46.2556157Z06-02-2026 15:59:43.416,37062656,4.38,
2026-02-06T14:59:46.2556157Z06-02-2026 15:59:43.416,37062656,4.38,
2026-02-06T14:59:46.2556157Z06-02-2026 15:59:43.416,37062656,4.38,
2026-02-06T14:59:46.2556157Z06-02-2026 15:59:43.416,37062656,4.38,
2026-02-06T14:59:46.2556157Z06-02-2026 15:59:43.416,37062656,4.38,
2026-02-06T14:59:46.2556157Z06-02-2026 15:59:43.416,37062656,4.31,
2026-02-06T14:59:46.2556157Z06-02-2026 15:59:43.416,37062656,4.31,
2026-02-06T14:59:46.2556157Z06-02-2026 15:59:43.416,37062656,4.31,
2026-02-06T14:59:46.2556157Z06-02-2026 15:59:43.416,37062656,4.31,
2026-02-06T14:59:46.2556157Z06-02-2026 15:59:43.416,37062656,4.31,
2026-02-06T14:59:46.2556157Z06-02-2026 15:59:43.416,37062656,4.38,
2026-02-06T14:59:46.2556157Z06-02-2026 15:59:43.416,37062656,4.38,
2026-02-06T14:59:46.2556157Z06-02-2026 15:59:43.416,37062656,4.44,
2026-02-06T14:59:46.2556157Z06-02-2026 15:59:43.416,37062656,4.38,
2026-02-06T14:59:46.2556157Z06-02-2026 15:59:43.416,37062656,4.38,
2026-02-06T14:59:46.2556157Z06-02-2026 15:59:43.416,37062656,4.31,
2026-02-06T14:59:46.2556157Z06-02-2026 15:59:43.416,37062656,4.31,
2026-02-06T14:59:46.2556157Z06-02-2026 15:59:43.416,37062656,4.31,
2026-02-06T14:59:46.2556157Z06-02-2026 15:59:43.416,37062656,4.25,
2026-02-06T14:59:46.2556157Z06-02-2026 15:59:43.416,37062656,4.25,
2026-02-06T14:59:46.2556157Z06-02-2026 15:59:43.416,37062656,4.25,
2026-02-06T14:59:46.2556157Z06-02-2026 15:59:43.416,37062656,4.31,
2026-02-06T14:59:46.2556157Z06-02-2026 15:59:43.416,37062656,4.31,
2026-02-06T14:59:46.2556157Z06-02-2026 15:59:43.416,37062656,4.31,
2026-02-06T14:59:46.2556157Z06-02-2026 15:59:43.416,37062656,4.31,
2026-02-06T14:59:46.2556157Z06-02-2026 15:59:43.416,37062656,4.31,
2026-02-06T14:59:46.2556157Z06-02-2026 15:59:43.416,37062656,4.31,
2026-02-06T14:59:46.2556157Z06-02-2026 15:59:43.416,37062656,4.38,
2026-02-06T14:59:46.2556157Z06-02-2026 15:59:43.416,37062656,4.44,
2026-02-06T14:59:46.2556157Z06-02-2026 15:59:43.416,37062656,4.44,
2026-02-06T14:59:46.3011400Z06-02-2026 15:59:43.672,37064704,4.44,
2026-02-06T14:59:46.3011400Z06-02-2026 15:59:43.672,37064704,4.38,
2026-02-06T14:59:46.3011400Z06-02-2026 15:59:43.672,37064704,4.38,
2026-02-06T14:59:46.3011400Z06-02-2026 15:59:43.672,37064704,4.38,
2026-02-06T14:59:46.3011400Z06-02-2026 15:59:43.672,37064704,4.38,
2026-02-06T14:59:46.3011400Z06-02-2026 15:59:43.672,37064704,4.38,
2026-02-06T14:59:46.3011400Z06-02-2026 15:59:43.672,37064704,4.38,
2026-02-06T14:59:46.3011400Z06-02-2026 15:59:43.672,37064704,4.38,
2026-02-06T14:59:46.3011400Z06-02-2026 15:59:43.672,37064704,4.31,
2026-02-06T14:59:46.3011400Z06-02-2026 15:59:43.672,37064704,4.31,
2026-02-06T14:59:46.3011400Z06-02-2026 15:59:43.672,37064704,4.31,
2026-02-06T14:59:46.3011400Z06-02-2026 15:59:43.672,37064704,4.38,
2026-02-06T14:59:46.3011400Z06-02-2026 15:59:43.672,37064704,4.38,
2026-02-06T14:59:46.3011400Z06-02-2026 15:59:43.672,37064704,4.38,
2026-02-06T14:59:46.3011400Z06-02-2026 15:59:43.672,37064704,4.38,
2026-02-06T14:59:46.3011400Z06-02-2026 15:59:43.672,37064704,4.38,
2026-02-06T14:59:46.3011400Z06-02-2026 15:59:43.672,37064704,4.38,
2026-02-06T14:59:46.3011400Z06-02-2026 15:59:43.672,37064704,4.38,
2026-02-06T14:59:46.3011400Z06-02-2026 15:59:43.672,37064704,4.38,
2026-02-06T14:59:46.3011400Z06-02-2026 15:59:43.672,37064704,4.38,
2026-02-06T14:59:46.3011400Z06-02-2026 15:59:43.672,37064704,4.31,
2026-02-06T14:59:46.3011400Z06-02-2026 15:59:43.672,37064704,4.31,
2026-02-06T14:59:46.3011400Z06-02-2026 15:59:43.672,37064704,4.38,
2026-02-06T14:59:46.3011400Z06-02-2026 15:59:43.672,37064704,4.38,
2026-02-06T14:59:46.3011400Z06-02-2026 15:59:43.672,37064704,4.44,
2026-02-06T14:59:46.3011400Z06-02-2026 15:59:43.672,37064704,4.38,
2026-02-06T14:59:46.3011400Z06-02-2026 15:59:43.672,37064704,4.38,
2026-02-06T14:59:46.3011400Z06-02-2026 15:59:43.672,37064704,4.38,
2026-02-06T14:59:46.3011400Z06-02-2026 15:59:43.672,37064704,4.38,
2026-02-06T14:59:46.3011400Z06-02-2026 15:59:43.672,37064704,4.38,
2026-02-06T14:59:46.3011400Z06-02-2026 15:59:43.672,37064704,4.38,
2026-02-06T14:59:46.3011400Z06-02-2026 15:59:43.672,37064704,4.38,
2026-02-06T14:59:46.3546918Z06-02-2026 15:59:43.928,37066752,4.38,
2026-02-06T14:59:46.3546918Z06-02-2026 15:59:43.928,37066752,4.44,
2026-02-06T14:59:46.3546918Z06-02-2026 15:59:43.928,37066752,4.44,
2026-02-06T14:59:46.3546918Z06-02-2026 15:59:43.928,37066752,4.44,
2026-02-06T14:59:46.3546918Z06-02-2026 15:59:43.928,37066752,4.44,
2026-02-06T14:59:46.3546918Z06-02-2026 15:59:43.928,37066752,4.44,
2026-02-06T14:59:46.3546918Z06-02-2026 15:59:43.928,37066752,4.44,
2026-02-06T14:59:46.3546918Z06-02-2026 15:59:43.928,37066752,4.44,
2026-02-06T14:59:46.3546918Z06-02-2026 15:59:43.928,37066752,4.44,
2026-02-06T14:59:46.3546918Z06-02-2026 15:59:43.928,37066752,4.44,
2026-02-06T14:59:46.3546918Z06-02-2026 15:59:43.928,37066752,4.44,
2026-02-06T14:59:46.3546918Z06-02-2026 15:59:43.928,37066752,4.44,
2026-02-06T14:59:46.3546918Z06-02-2026 15:59:43.928,37066752,4.44,
2026-02-06T14:59:46.3546918Z06-02-2026 15:59:43.928,37066752,4.44,
2026-02-06T14:59:46.3546918Z06-02-2026 15:59:43.928,37066752,4.44,
2026-02-06T14:59:46.3546918Z06-02-2026 15:59:43.928,37066752,4.44,
2026-02-06T14:59:46.3546918Z06-02-2026 15:59:43.928,37066752,4.44,
2026-02-06T14:59:46.3546918Z06-02-2026 15:59:43.928,37066752,4.44,
2026-02-06T14:59:46.3546918Z06-02-2026 15:59:43.928,37066752,4.38,
2026-02-06T14:59:46.3546918Z06-02-2026 15:59:43.928,37066752,4.38,
2026-02-06T14:59:46.3546918Z06-02-2026 15:59:43.928,37066752,4.38,
2026-02-06T14:59:46.3546918Z06-02-2026 15:59:43.928,37066752,4.38,
2026-02-06T14:59:46.3546918Z06-02-2026 15:59:43.928,37066752,4.38,
2026-02-06T14:59:46.3546918Z06-02-2026 15:59:43.928,37066752,4.31,
2026-02-06T14:59:46.3546918Z06-02-2026 15:59:43.928,37066752,4.31,
2026-02-06T14:59:46.3546918Z06-02-2026 15:59:43.928,37066752,4.38,
2026-02-06T14:59:46.3546918Z06-02-2026 15:59:43.928,37066752,4.38,
2026-02-06T14:59:46.3546918Z06-02-2026 15:59:43.928,37066752,4.38,
2026-02-06T14:59:46.3546918Z06-02-2026 15:59:43.928,37066752,4.38,
2026-02-06T14:59:46.3546918Z06-02-2026 15:59:43.928,37066752,4.38,
2026-02-06T14:59:46.3546918Z06-02-2026 15:59:43.928,37066752,4.38,
2026-02-06T14:59:46.3546918Z06-02-2026 15:59:43.928,37066752,4.38,
2026-02-06T14:59:47.2505309Z06-02-2026 15:59:44.184,37068800,4.38,
2026-02-06T14:59:47.2505309Z06-02-2026 15:59:44.184,37068800,4.38,
2026-02-06T14:59:47.2505309Z06-02-2026 15:59:44.184,37068800,4.38,
2026-02-06T14:59:47.2505309Z06-02-2026 15:59:44.184,37068800,4.38,
2026-02-06T14:59:47.2505309Z06-02-2026 15:59:44.184,37068800,4.38,
2026-02-06T14:59:47.2505309Z06-02-2026 15:59:44.184,37068800,4.38,
2026-02-06T14:59:47.2505309Z06-02-2026 15:59:44.184,37068800,4.38,
2026-02-06T14:59:47.2505309Z06-02-2026 15:59:44.184,37068800,4.38,
2026-02-06T14:59:47.2505309Z06-02-2026 15:59:44.184,37068800,4.38,
2026-02-06T14:59:47.2505309Z06-02-2026 15:59:44.184,37068800,4.38,
2026-02-06T14:59:47.2505309Z06-02-2026 15:59:44.184,37068800,4.38,
2026-02-06T14:59:47.2505309Z06-02-2026 15:59:44.184,37068800,4.38,
2026-02-06T14:59:47.2505309Z06-02-2026 15:59:44.184,37068800,4.38,
2026-02-06T14:59:47.2505309Z06-02-2026 15:59:44.184,37068800,4.44,
2026-02-06T14:59:47.2505309Z06-02-2026 15:59:44.184,37068800,4.44,
2026-02-06T14:59:47.2505309Z06-02-2026 15:59:44.184,37068800,4.44,
2026-02-06T14:59:47.2505309Z06-02-2026 15:59:44.184,37068800,4.38,
2026-02-06T14:59:47.2505309Z06-02-2026 15:59:44.184,37068800,4.38,
2026-02-06T14:59:47.2505309Z06-02-2026 15:59:44.184,37068800,4.38,
2026-02-06T14:59:47.2505309Z06-02-2026 15:59:44.184,37068800,4.38,
2026-02-06T14:59:47.2505309Z06-02-2026 15:59:44.184,37068800,4.38,
2026-02-06T14:59:47.2505309Z06-02-2026 15:59:44.184,37068800,4.44,
2026-02-06T14:59:47.2505309Z06-02-2026 15:59:44.184,37068800,4.44,
2026-02-06T14:59:47.2505309Z06-02-2026 15:59:44.184,37068800,4.44,
2026-02-06T14:59:47.2505309Z06-02-2026 15:59:44.184,37068800,4.38,
2026-02-06T14:59:47.2505309Z06-02-2026 15:59:44.184,37068800,4.38,
2026-02-06T14:59:47.2505309Z06-02-2026 15:59:44.184,37068800,4.38,
2026-02-06T14:59:47.2505309Z06-02-2026 15:59:44.184,37068800,4.38,
2026-02-06T14:59:47.2505309Z06-02-2026 15:59:44.184,37068800,4.44,
2026-02-06T14:59:47.2505309Z06-02-2026 15:59:44.184,37068800,4.44,
2026-02-06T14:59:47.2505309Z06-02-2026 15:59:44.184,37068800,4.44,
2026-02-06T14:59:47.2505309Z06-02-2026 15:59:44.184,37068800,4.44,
2026-02-06T14:59:47.2591934Z06-02-2026 15:59:44.440,37070848,4.44,
2026-02-06T14:59:47.2591934Z06-02-2026 15:59:44.440,37070848,4.38,
2026-02-06T14:59:47.2591934Z06-02-2026 15:59:44.440,37070848,4.38,
2026-02-06T14:59:47.2591934Z06-02-2026 15:59:44.440,37070848,4.38,
2026-02-06T14:59:47.2591934Z06-02-2026 15:59:44.440,37070848,4.38,
2026-02-06T14:59:47.2591934Z06-02-2026 15:59:44.440,37070848,4.31,
2026-02-06T14:59:47.2591934Z06-02-2026 15:59:44.440,37070848,4.38,
2026-02-06T14:59:47.2591934Z06-02-2026 15:59:44.440,37070848,4.38,
2026-02-06T14:59:47.2591934Z06-02-2026 15:59:44.440,37070848,4.38,
2026-02-06T14:59:47.2591934Z06-02-2026 15:59:44.440,37070848,4.31,
2026-02-06T14:59:47.2591934Z06-02-2026 15:59:44.440,37070848,4.38,
2026-02-06T14:59:47.2591934Z06-02-2026 15:59:44.440,37070848,4.38,
2026-02-06T14:59:47.2591934Z06-02-2026 15:59:44.440,37070848,4.44,
2026-02-06T14:59:47.2591934Z06-02-2026 15:59:44.440,37070848,4.44,
2026-02-06T14:59:47.2591934Z06-02-2026 15:59:44.440,37070848,4.38,
2026-02-06T14:59:47.2591934Z06-02-2026 15:59:44.440,37070848,4.38,
2026-02-06T14:59:47.2591934Z06-02-2026 15:59:44.440,37070848,4.38,
2026-02-06T14:59:47.2591934Z06-02-2026 15:59:44.440,37070848,4.38,
2026-02-06T14:59:47.2591934Z06-02-2026 15:59:44.440,37070848,4.38,
2026-02-06T14:59:47.2591934Z06-02-2026 15:59:44.440,37070848,4.31,
2026-02-06T14:59:47.2591934Z06-02-2026 15:59:44.440,37070848,4.31,
2026-02-06T14:59:47.2591934Z06-02-2026 15:59:44.440,37070848,4.38,
2026-02-06T14:59:47.2591934Z06-02-2026 15:59:44.440,37070848,4.38,
2026-02-06T14:59:47.2591934Z06-02-2026 15:59:44.440,37070848,4.38,
2026-02-06T14:59:47.2591934Z06-02-2026 15:59:44.440,37070848,4.38,
2026-02-06T14:59:47.2591934Z06-02-2026 15:59:44.440,37070848,4.38,
2026-02-06T14:59:47.2591934Z06-02-2026 15:59:44.440,37070848,4.38,
2026-02-06T14:59:47.2591934Z06-02-2026 15:59:44.440,37070848,4.38,
2026-02-06T14:59:47.2591934Z06-02-2026 15:59:44.440,37070848,4.38,
2026-02-06T14:59:47.2591934Z06-02-2026 15:59:44.440,37070848,4.38,
2026-02-06T14:59:47.2591934Z06-02-2026 15:59:44.440,37070848,4.44,
2026-02-06T14:59:47.2591934Z06-02-2026 15:59:44.440,37070848,4.44,
2026-02-06T14:59:47.2754022Z06-02-2026 15:59:44.696,37072896,4.44,
2026-02-06T14:59:47.2754022Z06-02-2026 15:59:44.696,37072896,4.44,
2026-02-06T14:59:47.2754022Z06-02-2026 15:59:44.696,37072896,4.44,
2026-02-06T14:59:47.2754022Z06-02-2026 15:59:44.696,37072896,4.44,
2026-02-06T14:59:47.2754022Z06-02-2026 15:59:44.696,37072896,4.44,
2026-02-06T14:59:47.2754022Z06-02-2026 15:59:44.696,37072896,4.44,
2026-02-06T14:59:47.2754022Z06-02-2026 15:59:44.696,37072896,4.44,
2026-02-06T14:59:47.2754022Z06-02-2026 15:59:44.696,37072896,4.44,
2026-02-06T14:59:47.2754022Z06-02-2026 15:59:44.696,37072896,4.44,
2026-02-06T14:59:47.2754022Z06-02-2026 15:59:44.696,37072896,4.44,
2026-02-06T14:59:47.2754022Z06-02-2026 15:59:44.696,37072896,4.44,
2026-02-06T14:59:47.2754022Z06-02-2026 15:59:44.696,37072896,4.44,
2026-02-06T14:59:47.2754022Z06-02-2026 15:59:44.696,37072896,4.44,
2026-02-06T14:59:47.2754022Z06-02-2026 15:59:44.696,37072896,4.44,
2026-02-06T14:59:47.2754022Z06-02-2026 15:59:44.696,37072896,4.44,
2026-02-06T14:59:47.2754022Z06-02-2026 15:59:44.696,37072896,4.5,
2026-02-06T14:59:47.2754022Z06-02-2026 15:59:44.696,37072896,4.5,
2026-02-06T14:59:47.2754022Z06-02-2026 15:59:44.696,37072896,4.44,
2026-02-06T14:59:47.2754022Z06-02-2026 15:59:44.696,37072896,4.38,
2026-02-06T14:59:47.2754022Z06-02-2026 15:59:44.696,37072896,4.38,
2026-02-06T14:59:47.2754022Z06-02-2026 15:59:44.696,37072896,4.38,
2026-02-06T14:59:47.2754022Z06-02-2026 15:59:44.696,37072896,4.38,
2026-02-06T14:59:47.2754022Z06-02-2026 15:59:44.696,37072896,4.44,
2026-02-06T14:59:47.2754022Z06-02-2026 15:59:44.696,37072896,4.44,
2026-02-06T14:59:47.2754022Z06-02-2026 15:59:44.696,37072896,4.38,
2026-02-06T14:59:47.2754022Z06-02-2026 15:59:44.696,37072896,4.38,
2026-02-06T14:59:47.2754022Z06-02-2026 15:59:44.696,37072896,4.44,
2026-02-06T14:59:47.2754022Z06-02-2026 15:59:44.696,37072896,4.44,
2026-02-06T14:59:47.2754022Z06-02-2026 15:59:44.696,37072896,4.38,
2026-02-06T14:59:47.2754022Z06-02-2026 15:59:44.696,37072896,4.38,
2026-02-06T14:59:47.2754022Z06-02-2026 15:59:44.696,37072896,4.38,
2026-02-06T14:59:47.2754022Z06-02-2026 15:59:44.696,37072896,4.38,
2026-02-06T14:59:47.2903660Z06-02-2026 15:59:44.952,37074944,4.44,
2026-02-06T14:59:47.2903660Z06-02-2026 15:59:44.952,37074944,4.44,
2026-02-06T14:59:47.2903660Z06-02-2026 15:59:44.952,37074944,4.44,
2026-02-06T14:59:47.2903660Z06-02-2026 15:59:44.952,37074944,4.44,
2026-02-06T14:59:47.2903660Z06-02-2026 15:59:44.952,37074944,4.44,
2026-02-06T14:59:47.2903660Z06-02-2026 15:59:44.952,37074944,4.44,
2026-02-06T14:59:47.2903660Z06-02-2026 15:59:44.952,37074944,4.38,
2026-02-06T14:59:47.2903660Z06-02-2026 15:59:44.952,37074944,4.44,
2026-02-06T14:59:47.2903660Z06-02-2026 15:59:44.952,37074944,4.44,
2026-02-06T14:59:47.2903660Z06-02-2026 15:59:44.952,37074944,4.44,
2026-02-06T14:59:47.2903660Z06-02-2026 15:59:44.952,37074944,4.44,
2026-02-06T14:59:47.2903660Z06-02-2026 15:59:44.952,37074944,4.38,
2026-02-06T14:59:47.2903660Z06-02-2026 15:59:44.952,37074944,4.38,
2026-02-06T14:59:47.2903660Z06-02-2026 15:59:44.952,37074944,4.38,
2026-02-06T14:59:47.2903660Z06-02-2026 15:59:44.952,37074944,4.44,
2026-02-06T14:59:47.2903660Z06-02-2026 15:59:44.952,37074944,4.5,
2026-02-06T14:59:47.2903660Z06-02-2026 15:59:44.952,37074944,4.5,
2026-02-06T14:59:47.2903660Z06-02-2026 15:59:44.952,37074944,4.5,
2026-02-06T14:59:47.2903660Z06-02-2026 15:59:44.952,37074944,4.44,
2026-02-06T14:59:47.2903660Z06-02-2026 15:59:44.952,37074944,4.38,
2026-02-06T14:59:47.2903660Z06-02-2026 15:59:44.952,37074944,4.38,
2026-02-06T14:59:47.2903660Z06-02-2026 15:59:44.952,37074944,4.44,
2026-02-06T14:59:47.2903660Z06-02-2026 15:59:44.952,37074944,4.44,
2026-02-06T14:59:47.2903660Z06-02-2026 15:59:44.952,37074944,4.38,
2026-02-06T14:59:47.2903660Z06-02-2026 15:59:44.952,37074944,4.31,
2026-02-06T14:59:47.2903660Z06-02-2026 15:59:44.952,37074944,4.31,
2026-02-06T14:59:47.2903660Z06-02-2026 15:59:44.952,37074944,4.31,
2026-02-06T14:59:47.2903660Z06-02-2026 15:59:44.952,37074944,4.31,
2026-02-06T14:59:47.2903660Z06-02-2026 15:59:44.952,37074944,4.31,
2026-02-06T14:59:47.2903660Z06-02-2026 15:59:44.952,37074944,4.31,
2026-02-06T14:59:47.2903660Z06-02-2026 15:59:44.952,37074944,4.31,
2026-02-06T14:59:47.2903660Z06-02-2026 15:59:44.952,37074944,4.31,
2026-02-06T14:59:48.2946388Z06-02-2026 15:59:45.208,37076992,4.38,
2026-02-06T14:59:48.2946388Z06-02-2026 15:59:45.208,37076992,4.38,
2026-02-06T14:59:48.2946388Z06-02-2026 15:59:45.208,37076992,4.38,
2026-02-06T14:59:48.2946388Z06-02-2026 15:59:45.208,37076992,4.38,
2026-02-06T14:59:48.2946388Z06-02-2026 15:59:45.208,37076992,4.44,
2026-02-06T14:59:48.2946388Z06-02-2026 15:59:45.208,37076992,4.38,
2026-02-06T14:59:48.2946388Z06-02-2026 15:59:45.208,37076992,4.38,
2026-02-06T14:59:48.2946388Z06-02-2026 15:59:45.208,37076992,4.38,
2026-02-06T14:59:48.2946388Z06-02-2026 15:59:45.208,37076992,4.44,
2026-02-06T14:59:48.2946388Z06-02-2026 15:59:45.208,37076992,4.44,
2026-02-06T14:59:48.2946388Z06-02-2026 15:59:45.208,37076992,4.5,
2026-02-06T14:59:48.2946388Z06-02-2026 15:59:45.208,37076992,4.5,
2026-02-06T14:59:48.2946388Z06-02-2026 15:59:45.208,37076992,4.44,
2026-02-06T14:59:48.2946388Z06-02-2026 15:59:45.208,37076992,4.44,
2026-02-06T14:59:48.2946388Z06-02-2026 15:59:45.208,37076992,4.44,
2026-02-06T14:59:48.2946388Z06-02-2026 15:59:45.208,37076992,4.38,
2026-02-06T14:59:48.2946388Z06-02-2026 15:59:45.208,37076992,4.38,
2026-02-06T14:59:48.2946388Z06-02-2026 15:59:45.208,37076992,4.38,
2026-02-06T14:59:48.2946388Z06-02-2026 15:59:45.208,37076992,4.38,
2026-02-06T14:59:48.2946388Z06-02-2026 15:59:45.208,37076992,4.44,
2026-02-06T14:59:48.2946388Z06-02-2026 15:59:45.208,37076992,4.44,
2026-02-06T14:59:48.2946388Z06-02-2026 15:59:45.208,37076992,4.44,
2026-02-06T14:59:48.2946388Z06-02-2026 15:59:45.208,37076992,4.44,
2026-02-06T14:59:48.2946388Z06-02-2026 15:59:45.208,37076992,4.44,
2026-02-06T14:59:48.2946388Z06-02-2026 15:59:45.208,37076992,4.44,
2026-02-06T14:59:48.2946388Z06-02-2026 15:59:45.208,37076992,4.44,
2026-02-06T14:59:48.2946388Z06-02-2026 15:59:45.208,37076992,4.38,
2026-02-06T14:59:48.2946388Z06-02-2026 15:59:45.208,37076992,4.44,
2026-02-06T14:59:48.2946388Z06-02-2026 15:59:45.208,37076992,4.44,
2026-02-06T14:59:48.2946388Z06-02-2026 15:59:45.208,37076992,4.44,
2026-02-06T14:59:48.2946388Z06-02-2026 15:59:45.208,37076992,4.44,
2026-02-06T14:59:48.2946388Z06-02-2026 15:59:45.208,37076992,4.38,
2026-02-06T14:59:48.3120690Z06-02-2026 15:59:45.464,37079040,4.38,
2026-02-06T14:59:48.3120690Z06-02-2026 15:59:45.464,37079040,4.38,
2026-02-06T14:59:48.3120690Z06-02-2026 15:59:45.464,37079040,4.38,
2026-02-06T14:59:48.3120690Z06-02-2026 15:59:45.464,37079040,4.38,
2026-02-06T14:59:48.3120690Z06-02-2026 15:59:45.464,37079040,4.38,
2026-02-06T14:59:48.3120690Z06-02-2026 15:59:45.464,37079040,4.38,
2026-02-06T14:59:48.3120690Z06-02-2026 15:59:45.464,37079040,4.31,
2026-02-06T14:59:48.3120690Z06-02-2026 15:59:45.464,37079040,4.31,
2026-02-06T14:59:48.3120690Z06-02-2026 15:59:45.464,37079040,4.31,
2026-02-06T14:59:48.3120690Z06-02-2026 15:59:45.464,37079040,4.31,
2026-02-06T14:59:48.3120690Z06-02-2026 15:59:45.464,37079040,4.31,
2026-02-06T14:59:48.3120690Z06-02-2026 15:59:45.464,37079040,4.31,
2026-02-06T14:59:48.3120690Z06-02-2026 15:59:45.464,37079040,4.31,
2026-02-06T14:59:48.3120690Z06-02-2026 15:59:45.464,37079040,4.38,
2026-02-06T14:59:48.3120690Z06-02-2026 15:59:45.464,37079040,4.38,
2026-02-06T14:59:48.3120690Z06-02-2026 15:59:45.464,37079040,4.44,
2026-02-06T14:59:48.3120690Z06-02-2026 15:59:45.464,37079040,4.38,
2026-02-06T14:59:48.3120690Z06-02-2026 15:59:45.464,37079040,4.38,
2026-02-06T14:59:48.3120690Z06-02-2026 15:59:45.464,37079040,4.38,
2026-02-06T14:59:48.3120690Z06-02-2026 15:59:45.464,37079040,4.31,
2026-02-06T14:59:48.3120690Z06-02-2026 15:59:45.464,37079040,4.31,
2026-02-06T14:59:48.3120690Z06-02-2026 15:59:45.464,37079040,4.31,
2026-02-06T14:59:48.3120690Z06-02-2026 15:59:45.464,37079040,4.31,
2026-02-06T14:59:48.3120690Z06-02-2026 15:59:45.464,37079040,4.31,
2026-02-06T14:59:48.3120690Z06-02-2026 15:59:45.464,37079040,4.38,
2026-02-06T14:59:48.3120690Z06-02-2026 15:59:45.464,37079040,4.38,
2026-02-06T14:59:48.3120690Z06-02-2026 15:59:45.464,37079040,4.38,
2026-02-06T14:59:48.3120690Z06-02-2026 15:59:45.464,37079040,4.38,
2026-02-06T14:59:48.3120690Z06-02-2026 15:59:45.464,37079040,4.38,
2026-02-06T14:59:48.3120690Z06-02-2026 15:59:45.464,37079040,4.38,
2026-02-06T14:59:48.3120690Z06-02-2026 15:59:45.464,37079040,4.38,
2026-02-06T14:59:48.3120690Z06-02-2026 15:59:45.464,37079040,4.38,
2026-02-06T14:59:48.3348283Z06-02-2026 15:59:45.720,37081088,4.38,
2026-02-06T14:59:48.3348283Z06-02-2026 15:59:45.720,37081088,4.38,
2026-02-06T14:59:48.3348283Z06-02-2026 15:59:45.720,37081088,4.38,
2026-02-06T14:59:48.3348283Z06-02-2026 15:59:45.720,37081088,4.38,
2026-02-06T14:59:48.3348283Z06-02-2026 15:59:45.720,37081088,4.38,
2026-02-06T14:59:48.3348283Z06-02-2026 15:59:45.720,37081088,4.38,
2026-02-06T14:59:48.3348283Z06-02-2026 15:59:45.720,37081088,4.38,
2026-02-06T14:59:48.3348283Z06-02-2026 15:59:45.720,37081088,4.38,
2026-02-06T14:59:48.3348283Z06-02-2026 15:59:45.720,37081088,4.38,
2026-02-06T14:59:48.3348283Z06-02-2026 15:59:45.720,37081088,4.38,
2026-02-06T14:59:48.3348283Z06-02-2026 15:59:45.720,37081088,4.38,
2026-02-06T14:59:48.3348283Z06-02-2026 15:59:45.720,37081088,4.38,
2026-02-06T14:59:48.3348283Z06-02-2026 15:59:45.720,37081088,4.31,
2026-02-06T14:59:48.3348283Z06-02-2026 15:59:45.720,37081088,4.31,
2026-02-06T14:59:48.3348283Z06-02-2026 15:59:45.720,37081088,4.31,
2026-02-06T14:59:48.3348283Z06-02-2026 15:59:45.720,37081088,4.31,
2026-02-06T14:59:48.3348283Z06-02-2026 15:59:45.720,37081088,4.31,
2026-02-06T14:59:48.3348283Z06-02-2026 15:59:45.720,37081088,4.38,
2026-02-06T14:59:48.3348283Z06-02-2026 15:59:45.720,37081088,4.38,
2026-02-06T14:59:48.3348283Z06-02-2026 15:59:45.720,37081088,4.38,
2026-02-06T14:59:48.3348283Z06-02-2026 15:59:45.720,37081088,4.38,
2026-02-06T14:59:48.3348283Z06-02-2026 15:59:45.720,37081088,4.38,
2026-02-06T14:59:48.3348283Z06-02-2026 15:59:45.720,37081088,4.38,
2026-02-06T14:59:48.3348283Z06-02-2026 15:59:45.720,37081088,4.38,
2026-02-06T14:59:48.3348283Z06-02-2026 15:59:45.720,37081088,4.38,
2026-02-06T14:59:48.3348283Z06-02-2026 15:59:45.720,37081088,4.31,
2026-02-06T14:59:48.3348283Z06-02-2026 15:59:45.720,37081088,4.31,
2026-02-06T14:59:48.3348283Z06-02-2026 15:59:45.720,37081088,4.38,
2026-02-06T14:59:48.3348283Z06-02-2026 15:59:45.720,37081088,4.38,
2026-02-06T14:59:48.3348283Z06-02-2026 15:59:45.720,37081088,4.38,
2026-02-06T14:59:48.3348283Z06-02-2026 15:59:45.720,37081088,4.38,
2026-02-06T14:59:48.3348283Z06-02-2026 15:59:45.720,37081088,4.38,
2026-02-06T14:59:48.3584804Z06-02-2026 15:59:45.976,37083136,4.38,
2026-02-06T14:59:48.3584804Z06-02-2026 15:59:45.976,37083136,4.38,
2026-02-06T14:59:48.3584804Z06-02-2026 15:59:45.976,37083136,4.38,
2026-02-06T14:59:48.3584804Z06-02-2026 15:59:45.976,37083136,4.38,
2026-02-06T14:59:48.3584804Z06-02-2026 15:59:45.976,37083136,4.44,
2026-02-06T14:59:48.3584804Z06-02-2026 15:59:45.976,37083136,4.44,
2026-02-06T14:59:48.3584804Z06-02-2026 15:59:45.976,37083136,4.44,
2026-02-06T14:59:48.3584804Z06-02-2026 15:59:45.976,37083136,4.44,
2026-02-06T14:59:48.3584804Z06-02-2026 15:59:45.976,37083136,4.44,
2026-02-06T14:59:48.3584804Z06-02-2026 15:59:45.976,37083136,4.44,
2026-02-06T14:59:48.3584804Z06-02-2026 15:59:45.976,37083136,4.44,
2026-02-06T14:59:48.3584804Z06-02-2026 15:59:45.976,37083136,4.38,
2026-02-06T14:59:48.3584804Z06-02-2026 15:59:45.976,37083136,4.38,
2026-02-06T14:59:48.3584804Z06-02-2026 15:59:45.976,37083136,4.38,
2026-02-06T14:59:48.3584804Z06-02-2026 15:59:45.976,37083136,4.38,
2026-02-06T14:59:48.3584804Z06-02-2026 15:59:45.976,37083136,4.38,
2026-02-06T14:59:48.3584804Z06-02-2026 15:59:45.976,37083136,4.38,
2026-02-06T14:59:48.3584804Z06-02-2026 15:59:45.976,37083136,4.38,
2026-02-06T14:59:48.3584804Z06-02-2026 15:59:45.976,37083136,4.38,
2026-02-06T14:59:48.3584804Z06-02-2026 15:59:45.976,37083136,4.38,
2026-02-06T14:59:48.3584804Z06-02-2026 15:59:45.976,37083136,4.38,
2026-02-06T14:59:48.3584804Z06-02-2026 15:59:45.976,37083136,4.38,
2026-02-06T14:59:48.3584804Z06-02-2026 15:59:45.976,37083136,4.38,
2026-02-06T14:59:48.3584804Z06-02-2026 15:59:45.976,37083136,4.38,
2026-02-06T14:59:48.3584804Z06-02-2026 15:59:45.976,37083136,4.31,
2026-02-06T14:59:48.3584804Z06-02-2026 15:59:45.976,37083136,4.38,
2026-02-06T14:59:48.3584804Z06-02-2026 15:59:45.976,37083136,4.38,
2026-02-06T14:59:48.3584804Z06-02-2026 15:59:45.976,37083136,4.38,
2026-02-06T14:59:48.3584804Z06-02-2026 15:59:45.976,37083136,4.38,
2026-02-06T14:59:48.3584804Z06-02-2026 15:59:45.976,37083136,4.38,
2026-02-06T14:59:48.3584804Z06-02-2026 15:59:45.976,37083136,4.38,
2026-02-06T14:59:48.3584804Z06-02-2026 15:59:45.976,37083136,4.38,
2026-02-06T14:59:49.3112969Z06-02-2026 15:59:46.232,37085184,4.38,
2026-02-06T14:59:49.3112969Z06-02-2026 15:59:46.232,37085184,4.44,
2026-02-06T14:59:49.3112969Z06-02-2026 15:59:46.232,37085184,4.44,
2026-02-06T14:59:49.3112969Z06-02-2026 15:59:46.232,37085184,4.38,
2026-02-06T14:59:49.3112969Z06-02-2026 15:59:46.232,37085184,4.38,
2026-02-06T14:59:49.3112969Z06-02-2026 15:59:46.232,37085184,4.38,
2026-02-06T14:59:49.3112969Z06-02-2026 15:59:46.232,37085184,4.38,
2026-02-06T14:59:49.3112969Z06-02-2026 15:59:46.232,37085184,4.38,
2026-02-06T14:59:49.3112969Z06-02-2026 15:59:46.232,37085184,4.44,
2026-02-06T14:59:49.3112969Z06-02-2026 15:59:46.232,37085184,4.44,
2026-02-06T14:59:49.3112969Z06-02-2026 15:59:46.232,37085184,4.38,
2026-02-06T14:59:49.3112969Z06-02-2026 15:59:46.232,37085184,4.44,
2026-02-06T14:59:49.3112969Z06-02-2026 15:59:46.232,37085184,4.44,
2026-02-06T14:59:49.3112969Z06-02-2026 15:59:46.232,37085184,4.44,
2026-02-06T14:59:49.3112969Z06-02-2026 15:59:46.232,37085184,4.44,
2026-02-06T14:59:49.3112969Z06-02-2026 15:59:46.232,37085184,4.44,
2026-02-06T14:59:49.3112969Z06-02-2026 15:59:46.232,37085184,4.44,
2026-02-06T14:59:49.3112969Z06-02-2026 15:59:46.232,37085184,4.44,
2026-02-06T14:59:49.3112969Z06-02-2026 15:59:46.232,37085184,4.44,
2026-02-06T14:59:49.3112969Z06-02-2026 15:59:46.232,37085184,4.44,
2026-02-06T14:59:49.3112969Z06-02-2026 15:59:46.232,37085184,4.44,
2026-02-06T14:59:49.3112969Z06-02-2026 15:59:46.232,37085184,4.38,
2026-02-06T14:59:49.3112969Z06-02-2026 15:59:46.232,37085184,4.44,
2026-02-06T14:59:49.3112969Z06-02-2026 15:59:46.232,37085184,4.44,
2026-02-06T14:59:49.3112969Z06-02-2026 15:59:46.232,37085184,4.44,
2026-02-06T14:59:49.3112969Z06-02-2026 15:59:46.232,37085184,4.38,
2026-02-06T14:59:49.3112969Z06-02-2026 15:59:46.232,37085184,4.38,
2026-02-06T14:59:49.3112969Z06-02-2026 15:59:46.232,37085184,4.31,
2026-02-06T14:59:49.3112969Z06-02-2026 15:59:46.232,37085184,4.38,
2026-02-06T14:59:49.3112969Z06-02-2026 15:59:46.232,37085184,4.38,
2026-02-06T14:59:49.3112969Z06-02-2026 15:59:46.232,37085184,4.44,
2026-02-06T14:59:49.3112969Z06-02-2026 15:59:46.232,37085184,4.44,
2026-02-06T14:59:49.3235269Z06-02-2026 15:59:46.488,37087232,4.44,
2026-02-06T14:59:49.3235269Z06-02-2026 15:59:46.488,37087232,4.44,
2026-02-06T14:59:49.3235269Z06-02-2026 15:59:46.488,37087232,4.44,
2026-02-06T14:59:49.3235269Z06-02-2026 15:59:46.488,37087232,4.44,
2026-02-06T14:59:49.3235269Z06-02-2026 15:59:46.488,37087232,4.44,
2026-02-06T14:59:49.3235269Z06-02-2026 15:59:46.488,37087232,4.44,
2026-02-06T14:59:49.3235269Z06-02-2026 15:59:46.488,37087232,4.44,
2026-02-06T14:59:49.3235269Z06-02-2026 15:59:46.488,37087232,4.38,
2026-02-06T14:59:49.3235269Z06-02-2026 15:59:46.488,37087232,4.38,
2026-02-06T14:59:49.3235269Z06-02-2026 15:59:46.488,37087232,4.44,
2026-02-06T14:59:49.3235269Z06-02-2026 15:59:46.488,37087232,4.44,
2026-02-06T14:59:49.3235269Z06-02-2026 15:59:46.488,37087232,4.38,
2026-02-06T14:59:49.3235269Z06-02-2026 15:59:46.488,37087232,4.38,
2026-02-06T14:59:49.3235269Z06-02-2026 15:59:46.488,37087232,4.38,
2026-02-06T14:59:49.3235269Z06-02-2026 15:59:46.488,37087232,4.38,
2026-02-06T14:59:49.3235269Z06-02-2026 15:59:46.488,37087232,4.38,
2026-02-06T14:59:49.3235269Z06-02-2026 15:59:46.488,37087232,4.38,
2026-02-06T14:59:49.3235269Z06-02-2026 15:59:46.488,37087232,4.38,
2026-02-06T14:59:49.3235269Z06-02-2026 15:59:46.488,37087232,4.31,
2026-02-06T14:59:49.3235269Z06-02-2026 15:59:46.488,37087232,4.31,
2026-02-06T14:59:49.3235269Z06-02-2026 15:59:46.488,37087232,4.38,
2026-02-06T14:59:49.3235269Z06-02-2026 15:59:46.488,37087232,4.38,
2026-02-06T14:59:49.3235269Z06-02-2026 15:59:46.488,37087232,4.38,
2026-02-06T14:59:49.3235269Z06-02-2026 15:59:46.488,37087232,4.38,
2026-02-06T14:59:49.3235269Z06-02-2026 15:59:46.488,37087232,4.38,
2026-02-06T14:59:49.3235269Z06-02-2026 15:59:46.488,37087232,4.38,
2026-02-06T14:59:49.3235269Z06-02-2026 15:59:46.488,37087232,4.38,
2026-02-06T14:59:49.3235269Z06-02-2026 15:59:46.488,37087232,4.38,
2026-02-06T14:59:49.3235269Z06-02-2026 15:59:46.488,37087232,4.38,
2026-02-06T14:59:49.3235269Z06-02-2026 15:59:46.488,37087232,4.38,
2026-02-06T14:59:49.3235269Z06-02-2026 15:59:46.488,37087232,4.38,
2026-02-06T14:59:49.3235269Z06-02-2026 15:59:46.488,37087232,4.38,
2026-02-06T14:59:49.3632823Z06-02-2026 15:59:46.744,37089280,4.44,
2026-02-06T14:59:49.3632823Z06-02-2026 15:59:46.744,37089280,4.38,
2026-02-06T14:59:49.3632823Z06-02-2026 15:59:46.744,37089280,4.38,
2026-02-06T14:59:49.3632823Z06-02-2026 15:59:46.744,37089280,4.38,
2026-02-06T14:59:49.3632823Z06-02-2026 15:59:46.744,37089280,4.31,
2026-02-06T14:59:49.3632823Z06-02-2026 15:59:46.744,37089280,4.38,
2026-02-06T14:59:49.3632823Z06-02-2026 15:59:46.744,37089280,4.38,
2026-02-06T14:59:49.3632823Z06-02-2026 15:59:46.744,37089280,4.44,
2026-02-06T14:59:49.3632823Z06-02-2026 15:59:46.744,37089280,4.44,
2026-02-06T14:59:49.3632823Z06-02-2026 15:59:46.744,37089280,4.44,
2026-02-06T14:59:49.3632823Z06-02-2026 15:59:46.744,37089280,4.44,
2026-02-06T14:59:49.3632823Z06-02-2026 15:59:46.744,37089280,4.44,
2026-02-06T14:59:49.3632823Z06-02-2026 15:59:46.744,37089280,4.5,
2026-02-06T14:59:49.3632823Z06-02-2026 15:59:46.744,37089280,4.5,
2026-02-06T14:59:49.3632823Z06-02-2026 15:59:46.744,37089280,4.5,
2026-02-06T14:59:49.3632823Z06-02-2026 15:59:46.744,37089280,4.44,
2026-02-06T14:59:49.3632823Z06-02-2026 15:59:46.744,37089280,4.38,
2026-02-06T14:59:49.3632823Z06-02-2026 15:59:46.744,37089280,4.38,
2026-02-06T14:59:49.3632823Z06-02-2026 15:59:46.744,37089280,4.38,
2026-02-06T14:59:49.3632823Z06-02-2026 15:59:46.744,37089280,4.44,
2026-02-06T14:59:49.3632823Z06-02-2026 15:59:46.744,37089280,4.44,
2026-02-06T14:59:49.3632823Z06-02-2026 15:59:46.744,37089280,4.44,
2026-02-06T14:59:49.3632823Z06-02-2026 15:59:46.744,37089280,4.38,
2026-02-06T14:59:49.3632823Z06-02-2026 15:59:46.744,37089280,4.38,
2026-02-06T14:59:49.3632823Z06-02-2026 15:59:46.744,37089280,4.38,
2026-02-06T14:59:49.3632823Z06-02-2026 15:59:46.744,37089280,4.38,
2026-02-06T14:59:49.3632823Z06-02-2026 15:59:46.744,37089280,4.38,
2026-02-06T14:59:49.3632823Z06-02-2026 15:59:46.744,37089280,4.38,
2026-02-06T14:59:49.3632823Z06-02-2026 15:59:46.744,37089280,4.38,
2026-02-06T14:59:49.3632823Z06-02-2026 15:59:46.744,37089280,4.38,
2026-02-06T14:59:49.3632823Z06-02-2026 15:59:46.744,37089280,4.38,
2026-02-06T14:59:49.3632823Z06-02-2026 15:59:46.744,37089280,4.38,
2026-02-06T14:59:49.3780827Z06-02-2026 15:59:47.000,37091328,4.38,
2026-02-06T14:59:49.3780827Z06-02-2026 15:59:47.000,37091328,4.38,
2026-02-06T14:59:49.3780827Z06-02-2026 15:59:47.000,37091328,4.38,
2026-02-06T14:59:49.3780827Z06-02-2026 15:59:47.000,37091328,4.38,
2026-02-06T14:59:49.3780827Z06-02-2026 15:59:47.000,37091328,4.44,
2026-02-06T14:59:49.3780827Z06-02-2026 15:59:47.000,37091328,4.44,
2026-02-06T14:59:49.3780827Z06-02-2026 15:59:47.000,37091328,4.44,
2026-02-06T14:59:49.3780827Z06-02-2026 15:59:47.000,37091328,4.44,
2026-02-06T14:59:49.3780827Z06-02-2026 15:59:47.000,37091328,4.44,
2026-02-06T14:59:49.3780827Z06-02-2026 15:59:47.000,37091328,4.44,
2026-02-06T14:59:49.3780827Z06-02-2026 15:59:47.000,37091328,4.5,
2026-02-06T14:59:49.3780827Z06-02-2026 15:59:47.000,37091328,4.5,
2026-02-06T14:59:49.3780827Z06-02-2026 15:59:47.000,37091328,4.5,
2026-02-06T14:59:49.3780827Z06-02-2026 15:59:47.000,37091328,4.5,
2026-02-06T14:59:49.3780827Z06-02-2026 15:59:47.000,37091328,4.44,
2026-02-06T14:59:49.3780827Z06-02-2026 15:59:47.000,37091328,4.44,
2026-02-06T14:59:49.3780827Z06-02-2026 15:59:47.000,37091328,4.44,
2026-02-06T14:59:49.3780827Z06-02-2026 15:59:47.000,37091328,4.44,
2026-02-06T14:59:49.3780827Z06-02-2026 15:59:47.000,37091328,4.44,
2026-02-06T14:59:49.3780827Z06-02-2026 15:59:47.000,37091328,4.38,
2026-02-06T14:59:49.3780827Z06-02-2026 15:59:47.000,37091328,4.38,
2026-02-06T14:59:49.3780827Z06-02-2026 15:59:47.000,37091328,4.38,
2026-02-06T14:59:49.3780827Z06-02-2026 15:59:47.000,37091328,4.38,
2026-02-06T14:59:49.3780827Z06-02-2026 15:59:47.000,37091328,4.44,
2026-02-06T14:59:49.3780827Z06-02-2026 15:59:47.000,37091328,4.38,
2026-02-06T14:59:49.3780827Z06-02-2026 15:59:47.000,37091328,4.38,
2026-02-06T14:59:49.3780827Z06-02-2026 15:59:47.000,37091328,4.38,
2026-02-06T14:59:49.3780827Z06-02-2026 15:59:47.000,37091328,4.38,
2026-02-06T14:59:49.3780827Z06-02-2026 15:59:47.000,37091328,4.44,
2026-02-06T14:59:49.3780827Z06-02-2026 15:59:47.000,37091328,4.44,
2026-02-06T14:59:49.3780827Z06-02-2026 15:59:47.000,37091328,4.44,
2026-02-06T14:59:49.3780827Z06-02-2026 15:59:47.000,37091328,4.38,
2026-02-06T14:59:50.3635762Z06-02-2026 15:59:47.256,37093376,4.38,
2026-02-06T14:59:50.3635762Z06-02-2026 15:59:47.256,37093376,4.38,
2026-02-06T14:59:50.3635762Z06-02-2026 15:59:47.256,37093376,4.38,
2026-02-06T14:59:50.3635762Z06-02-2026 15:59:47.256,37093376,4.44,
2026-02-06T14:59:50.3635762Z06-02-2026 15:59:47.256,37093376,4.44,
2026-02-06T14:59:50.3635762Z06-02-2026 15:59:47.256,37093376,4.44,
2026-02-06T14:59:50.3635762Z06-02-2026 15:59:47.256,37093376,4.44,
2026-02-06T14:59:50.3635762Z06-02-2026 15:59:47.256,37093376,4.44,
2026-02-06T14:59:50.3635762Z06-02-2026 15:59:47.256,37093376,4.38,
2026-02-06T14:59:50.3635762Z06-02-2026 15:59:47.256,37093376,4.38,
2026-02-06T14:59:50.3635762Z06-02-2026 15:59:47.256,37093376,4.38,
2026-02-06T14:59:50.3635762Z06-02-2026 15:59:47.256,37093376,4.38,
2026-02-06T14:59:50.3635762Z06-02-2026 15:59:47.256,37093376,4.44,
2026-02-06T14:59:50.3635762Z06-02-2026 15:59:47.256,37093376,4.44,
2026-02-06T14:59:50.3635762Z06-02-2026 15:59:47.256,37093376,4.44,
2026-02-06T14:59:50.3635762Z06-02-2026 15:59:47.256,37093376,4.44,
2026-02-06T14:59:50.3635762Z06-02-2026 15:59:47.256,37093376,4.38,
2026-02-06T14:59:50.3635762Z06-02-2026 15:59:47.256,37093376,4.38,
2026-02-06T14:59:50.3635762Z06-02-2026 15:59:47.256,37093376,4.31,
2026-02-06T14:59:50.3635762Z06-02-2026 15:59:47.256,37093376,4.31,
2026-02-06T14:59:50.3635762Z06-02-2026 15:59:47.256,37093376,4.31,
2026-02-06T14:59:50.3635762Z06-02-2026 15:59:47.256,37093376,4.38,
2026-02-06T14:59:50.3635762Z06-02-2026 15:59:47.256,37093376,4.38,
2026-02-06T14:59:50.3635762Z06-02-2026 15:59:47.256,37093376,4.38,
2026-02-06T14:59:50.3635762Z06-02-2026 15:59:47.256,37093376,4.38,
2026-02-06T14:59:50.3635762Z06-02-2026 15:59:47.256,37093376,4.38,
2026-02-06T14:59:50.3635762Z06-02-2026 15:59:47.256,37093376,4.44,
2026-02-06T14:59:50.3635762Z06-02-2026 15:59:47.256,37093376,4.44,
2026-02-06T14:59:50.3635762Z06-02-2026 15:59:47.256,37093376,4.44,
2026-02-06T14:59:50.3635762Z06-02-2026 15:59:47.256,37093376,4.44,
2026-02-06T14:59:50.3635762Z06-02-2026 15:59:47.256,37093376,4.44,
2026-02-06T14:59:50.3635762Z06-02-2026 15:59:47.256,37093376,4.44,
2026-02-06T14:59:50.3739835Z06-02-2026 15:59:47.512,37095424,4.44,
2026-02-06T14:59:50.3739835Z06-02-2026 15:59:47.512,37095424,4.38,
2026-02-06T14:59:50.3739835Z06-02-2026 15:59:47.512,37095424,4.38,
2026-02-06T14:59:50.3739835Z06-02-2026 15:59:47.512,37095424,4.38,
2026-02-06T14:59:50.3739835Z06-02-2026 15:59:47.512,37095424,4.38,
2026-02-06T14:59:50.3739835Z06-02-2026 15:59:47.512,37095424,4.38,
2026-02-06T14:59:50.3739835Z06-02-2026 15:59:47.512,37095424,4.44,
2026-02-06T14:59:50.3739835Z06-02-2026 15:59:47.512,37095424,4.44,
2026-02-06T14:59:50.3739835Z06-02-2026 15:59:47.512,37095424,4.44,
2026-02-06T14:59:50.3739835Z06-02-2026 15:59:47.512,37095424,4.38,
2026-02-06T14:59:50.3739835Z06-02-2026 15:59:47.512,37095424,4.38,
2026-02-06T14:59:50.3739835Z06-02-2026 15:59:47.512,37095424,4.38,
2026-02-06T14:59:50.3739835Z06-02-2026 15:59:47.512,37095424,4.38,
2026-02-06T14:59:50.3739835Z06-02-2026 15:59:47.512,37095424,4.38,
2026-02-06T14:59:50.3739835Z06-02-2026 15:59:47.512,37095424,4.31,
2026-02-06T14:59:50.3739835Z06-02-2026 15:59:47.512,37095424,4.31,
2026-02-06T14:59:50.3739835Z06-02-2026 15:59:47.512,37095424,4.38,
2026-02-06T14:59:50.3739835Z06-02-2026 15:59:47.512,37095424,4.38,
2026-02-06T14:59:50.3739835Z06-02-2026 15:59:47.512,37095424,4.38,
2026-02-06T14:59:50.3739835Z06-02-2026 15:59:47.512,37095424,4.38,
2026-02-06T14:59:50.3739835Z06-02-2026 15:59:47.512,37095424,4.38,
2026-02-06T14:59:50.3739835Z06-02-2026 15:59:47.512,37095424,4.31,
2026-02-06T14:59:50.3739835Z06-02-2026 15:59:47.512,37095424,4.31,
2026-02-06T14:59:50.3739835Z06-02-2026 15:59:47.512,37095424,4.31,
2026-02-06T14:59:50.3739835Z06-02-2026 15:59:47.512,37095424,4.31,
2026-02-06T14:59:50.3739835Z06-02-2026 15:59:47.512,37095424,4.31,
2026-02-06T14:59:50.3739835Z06-02-2026 15:59:47.512,37095424,4.31,
2026-02-06T14:59:50.3739835Z06-02-2026 15:59:47.512,37095424,4.38,
2026-02-06T14:59:50.3739835Z06-02-2026 15:59:47.512,37095424,4.38,
2026-02-06T14:59:50.3739835Z06-02-2026 15:59:47.512,37095424,4.38,
2026-02-06T14:59:50.3739835Z06-02-2026 15:59:47.512,37095424,4.38,
2026-02-06T14:59:50.3739835Z06-02-2026 15:59:47.512,37095424,4.38,
2026-02-06T14:59:50.3852346Z06-02-2026 15:59:47.768,37097472,4.31,
2026-02-06T14:59:50.3852346Z06-02-2026 15:59:47.768,37097472,4.25,
2026-02-06T14:59:50.3852346Z06-02-2026 15:59:47.768,37097472,4.31,
2026-02-06T14:59:50.3852346Z06-02-2026 15:59:47.768,37097472,4.31,
2026-02-06T14:59:50.3852346Z06-02-2026 15:59:47.768,37097472,4.31,
2026-02-06T14:59:50.3852346Z06-02-2026 15:59:47.768,37097472,4.31,
2026-02-06T14:59:50.3852346Z06-02-2026 15:59:47.768,37097472,4.31,
2026-02-06T14:59:50.3852346Z06-02-2026 15:59:47.768,37097472,4.31,
2026-02-06T14:59:50.3852346Z06-02-2026 15:59:47.768,37097472,4.38,
2026-02-06T14:59:50.3852346Z06-02-2026 15:59:47.768,37097472,4.38,
2026-02-06T14:59:50.3852346Z06-02-2026 15:59:47.768,37097472,4.44,
2026-02-06T14:59:50.3852346Z06-02-2026 15:59:47.768,37097472,4.44,
2026-02-06T14:59:50.3852346Z06-02-2026 15:59:47.768,37097472,4.44,
2026-02-06T14:59:50.3852346Z06-02-2026 15:59:47.768,37097472,4.38,
2026-02-06T14:59:50.3852346Z06-02-2026 15:59:47.768,37097472,4.38,
2026-02-06T14:59:50.3852346Z06-02-2026 15:59:47.768,37097472,4.38,
2026-02-06T14:59:50.3852346Z06-02-2026 15:59:47.768,37097472,4.38,
2026-02-06T14:59:50.3852346Z06-02-2026 15:59:47.768,37097472,4.38,
2026-02-06T14:59:50.3852346Z06-02-2026 15:59:47.768,37097472,4.31,
2026-02-06T14:59:50.3852346Z06-02-2026 15:59:47.768,37097472,4.38,
2026-02-06T14:59:50.3852346Z06-02-2026 15:59:47.768,37097472,4.38,
2026-02-06T14:59:50.3852346Z06-02-2026 15:59:47.768,37097472,4.38,
2026-02-06T14:59:50.3852346Z06-02-2026 15:59:47.768,37097472,4.38,
2026-02-06T14:59:50.3852346Z06-02-2026 15:59:47.768,37097472,4.38,
2026-02-06T14:59:50.3852346Z06-02-2026 15:59:47.768,37097472,4.38,
2026-02-06T14:59:50.3852346Z06-02-2026 15:59:47.768,37097472,4.38,
2026-02-06T14:59:50.3852346Z06-02-2026 15:59:47.768,37097472,4.38,
2026-02-06T14:59:50.3852346Z06-02-2026 15:59:47.768,37097472,4.38,
2026-02-06T14:59:50.3852346Z06-02-2026 15:59:47.768,37097472,4.38,
2026-02-06T14:59:50.3852346Z06-02-2026 15:59:47.768,37097472,4.38,
2026-02-06T14:59:50.3852346Z06-02-2026 15:59:47.768,37097472,4.31,
2026-02-06T14:59:50.3852346Z06-02-2026 15:59:47.768,37097472,4.31,
2026-02-06T14:59:50.4188581Z06-02-2026 15:59:48.024,37099520,4.31,
2026-02-06T14:59:50.4188581Z06-02-2026 15:59:48.024,37099520,4.31,
2026-02-06T14:59:50.4188581Z06-02-2026 15:59:48.024,37099520,4.31,
2026-02-06T14:59:50.4188581Z06-02-2026 15:59:48.024,37099520,4.31,
2026-02-06T14:59:50.4188581Z06-02-2026 15:59:48.024,37099520,4.31,
2026-02-06T14:59:50.4188581Z06-02-2026 15:59:48.024,37099520,4.31,
2026-02-06T14:59:50.4188581Z06-02-2026 15:59:48.024,37099520,4.31,
2026-02-06T14:59:50.4188581Z06-02-2026 15:59:48.024,37099520,4.31,
2026-02-06T14:59:50.4188581Z06-02-2026 15:59:48.024,37099520,4.31,
2026-02-06T14:59:50.4188581Z06-02-2026 15:59:48.024,37099520,4.31,
2026-02-06T14:59:50.4188581Z06-02-2026 15:59:48.024,37099520,4.38,
2026-02-06T14:59:50.4188581Z06-02-2026 15:59:48.024,37099520,4.38,
2026-02-06T14:59:50.4188581Z06-02-2026 15:59:48.024,37099520,4.38,
2026-02-06T14:59:50.4188581Z06-02-2026 15:59:48.024,37099520,4.31,
2026-02-06T14:59:50.4188581Z06-02-2026 15:59:48.024,37099520,4.38,
2026-02-06T14:59:50.4188581Z06-02-2026 15:59:48.024,37099520,4.38,
2026-02-06T14:59:50.4188581Z06-02-2026 15:59:48.024,37099520,4.38,
2026-02-06T14:59:50.4188581Z06-02-2026 15:59:48.024,37099520,4.44,
2026-02-06T14:59:50.4188581Z06-02-2026 15:59:48.024,37099520,4.44,
2026-02-06T14:59:50.4188581Z06-02-2026 15:59:48.024,37099520,4.44,
2026-02-06T14:59:50.4188581Z06-02-2026 15:59:48.024,37099520,4.38,
2026-02-06T14:59:50.4188581Z06-02-2026 15:59:48.024,37099520,4.38,
2026-02-06T14:59:50.4188581Z06-02-2026 15:59:48.024,37099520,4.38,
2026-02-06T14:59:50.4188581Z06-02-2026 15:59:48.024,37099520,4.38,
2026-02-06T14:59:50.4188581Z06-02-2026 15:59:48.024,37099520,4.38,
2026-02-06T14:59:50.4188581Z06-02-2026 15:59:48.024,37099520,4.38,
2026-02-06T14:59:50.4188581Z06-02-2026 15:59:48.024,37099520,4.38,
2026-02-06T14:59:50.4188581Z06-02-2026 15:59:48.024,37099520,4.38,
2026-02-06T14:59:50.4188581Z06-02-2026 15:59:48.024,37099520,4.44,
2026-02-06T14:59:50.4188581Z06-02-2026 15:59:48.024,37099520,4.44,
2026-02-06T14:59:50.4188581Z06-02-2026 15:59:48.024,37099520,4.44,
2026-02-06T14:59:50.4188581Z06-02-2026 15:59:48.024,37099520,4.44,
2026-02-06T15:02:47.5800333Z,06-02-2026 16:02:45.040,38514688,871,
2026-02-06T15:02:47.5800333Z,06-02-2026 16:02:45.040,38514688,871,
2026-02-06T15:02:47.5800333Z,06-02-2026 16:02:45.040,38514688,871,
2026-02-06T15:02:47.5800333Z,06-02-2026 16:02:45.040,38514688,871,
2026-02-06T15:02:47.5800333Z,06-02-2026 16:02:45.040,38514688,870,
2026-02-06T15:02:47.5800333Z,06-02-2026 16:02:45.040,38514688,870,
2026-02-06T15:02:47.5800333Z,06-02-2026 16:02:45.040,38514688,870,
2026-02-06T15:02:47.5800333Z,06-02-2026 16:02:45.040,38514688,870,
2026-02-06T15:02:47.5800333Z,06-02-2026 16:02:45.040,38514688,869,
2026-02-06T15:02:47.5800333Z,06-02-2026 16:02:45.040,38514688,870,
2026-02-06T15:02:47.5800333Z,06-02-2026 16:02:45.040,38514688,870,
2026-02-06T15:02:47.5800333Z,06-02-2026 16:02:45.040,38514688,871,
2026-02-06T15:02:47.5800333Z,06-02-2026 16:02:45.040,38514688,871,
2026-02-06T15:02:47.5800333Z,06-02-2026 16:02:45.040,38514688,871,
2026-02-06T15:02:47.5800333Z,06-02-2026 16:02:45.040,38514688,871,
2026-02-06T15:02:47.5800333Z,06-02-2026 16:02:45.040,38514688,871,
2026-02-06T15:02:47.5800333Z,06-02-2026 16:02:45.040,38514688,871,
2026-02-06T15:02:47.5800333Z,06-02-2026 16:02:45.040,38514688,871,
2026-02-06T15:02:47.5800333Z,06-02-2026 16:02:45.040,38514688,871,
2026-02-06T15:02:47.5800333Z,06-02-2026 16:02:45.040,38514688,871,
2026-02-06T15:02:47.5800333Z,06-02-2026 16:02:45.040,38514688,870,
2026-02-06T15:02:47.5800333Z,06-02-2026 16:02:45.040,38514688,870,
2026-02-06T15:02:47.5800333Z,06-02-2026 16:02:45.040,38514688,871,
2026-02-06T15:02:47.5800333Z,06-02-2026 16:02:45.040,38514688,871,
2026-02-06T15:02:47.5800333Z,06-02-2026 16:02:45.040,38514688,871,
2026-02-06T15:02:47.5800333Z,06-02-2026 16:02:45.040,38514688,871,
2026-02-06T15:02:47.5800333Z,06-02-2026 16:02:45.040,38514688,871,
2026-02-06T15:02:47.5800333Z,06-02-2026 16:02:45.040,38514688,871,
2026-02-06T15:02:47.5800333Z,06-02-2026 16:02:45.040,38514688,870,
2026-02-06T15:02:47.5800333Z,06-02-2026 16:02:45.040,38514688,871,
2026-02-06T15:02:47.5800333Z,06-02-2026 16:02:45.040,38514688,871,
2026-02-06T15:02:47.5800333Z,06-02-2026 16:02:45.040,38514688,871,
2026-02-06T15:02:47.5903690Z,06-02-2026 16:02:45.296,38516736,871,
2026-02-06T15:02:47.5903690Z,06-02-2026 16:02:45.296,38516736,871,
2026-02-06T15:02:47.5903690Z,06-02-2026 16:02:45.296,38516736,870,
2026-02-06T15:02:47.5903690Z,06-02-2026 16:02:45.296,38516736,870,
2026-02-06T15:02:47.5903690Z,06-02-2026 16:02:45.296,38516736,870,
2026-02-06T15:02:47.5903690Z,06-02-2026 16:02:45.296,38516736,871,
2026-02-06T15:02:47.5903690Z,06-02-2026 16:02:45.296,38516736,870,
2026-02-06T15:02:47.5903690Z,06-02-2026 16:02:45.296,38516736,870,
2026-02-06T15:02:47.5903690Z,06-02-2026 16:02:45.296,38516736,871,
2026-02-06T15:02:47.5903690Z,06-02-2026 16:02:45.296,38516736,871,
2026-02-06T15:02:47.5903690Z,06-02-2026 16:02:45.296,38516736,871,
2026-02-06T15:02:47.5903690Z,06-02-2026 16:02:45.296,38516736,871,
2026-02-06T15:02:47.5903690Z,06-02-2026 16:02:45.296,38516736,870,
2026-02-06T15:02:47.5903690Z,06-02-2026 16:02:45.296,38516736,870,
2026-02-06T15:02:47.5903690Z,06-02-2026 16:02:45.296,38516736,870,
2026-02-06T15:02:47.5903690Z,06-02-2026 16:02:45.296,38516736,871,
2026-02-06T15:02:47.5903690Z,06-02-2026 16:02:45.296,38516736,871,
2026-02-06T15:02:47.5903690Z,06-02-2026 16:02:45.296,38516736,871,
2026-02-06T15:02:47.5903690Z,06-02-2026 16:02:45.296,38516736,871,
2026-02-06T15:02:47.5903690Z,06-02-2026 16:02:45.296,38516736,871,
2026-02-06T15:02:47.5903690Z,06-02-2026 16:02:45.296,38516736,871,
2026-02-06T15:02:47.5903690Z,06-02-2026 16:02:45.296,38516736,871,
2026-02-06T15:02:47.5903690Z,06-02-2026 16:02:45.296,38516736,872,
2026-02-06T15:02:47.5903690Z,06-02-2026 16:02:45.296,38516736,872,
2026-02-06T15:02:47.5903690Z,06-02-2026 16:02:45.296,38516736,872,
2026-02-06T15:02:47.5903690Z,06-02-2026 16:02:45.296,38516736,872,
2026-02-06T15:02:47.5903690Z,06-02-2026 16:02:45.296,38516736,872,
2026-02-06T15:02:47.5903690Z,06-02-2026 16:02:45.296,38516736,872,
2026-02-06T15:02:47.5903690Z,06-02-2026 16:02:45.296,38516736,871,
2026-02-06T15:02:47.5903690Z,06-02-2026 16:02:45.296,38516736,871,
2026-02-06T15:02:47.5903690Z,06-02-2026 16:02:45.296,38516736,870,
2026-02-06T15:02:47.5903690Z,06-02-2026 16:02:45.296,38516736,870,
2026-02-06T15:02:48.5903660Z,06-02-2026 16:02:45.552,38518784,871,
2026-02-06T15:02:48.5903660Z,06-02-2026 16:02:45.552,38518784,871,
2026-02-06T15:02:48.5903660Z,06-02-2026 16:02:45.552,38518784,871,
2026-02-06T15:02:48.5903660Z,06-02-2026 16:02:45.552,38518784,871,
2026-02-06T15:02:48.5903660Z,06-02-2026 16:02:45.552,38518784,871,
2026-02-06T15:02:48.5903660Z,06-02-2026 16:02:45.552,38518784,871,
2026-02-06T15:02:48.5903660Z,06-02-2026 16:02:45.552,38518784,871,
2026-02-06T15:02:48.5903660Z,06-02-2026 16:02:45.552,38518784,871,
2026-02-06T15:02:48.5903660Z,06-02-2026 16:02:45.552,38518784,870,
2026-02-06T15:02:48.5903660Z,06-02-2026 16:02:45.552,38518784,870,
2026-02-06T15:02:48.5903660Z,06-02-2026 16:02:45.552,38518784,871,
2026-02-06T15:02:48.5903660Z,06-02-2026 16:02:45.552,38518784,871,
2026-02-06T15:02:48.5903660Z,06-02-2026 16:02:45.552,38518784,871,
2026-02-06T15:02:48.5903660Z,06-02-2026 16:02:45.552,38518784,871,
2026-02-06T15:02:48.5903660Z,06-02-2026 16:02:45.552,38518784,871,
2026-02-06T15:02:48.5903660Z,06-02-2026 16:02:45.552,38518784,870,
2026-02-06T15:02:48.5903660Z,06-02-2026 16:02:45.552,38518784,870,
2026-02-06T15:02:48.5903660Z,06-02-2026 16:02:45.552,38518784,870,
2026-02-06T15:02:48.5903660Z,06-02-2026 16:02:45.552,38518784,870,
2026-02-06T15:02:48.5903660Z,06-02-2026 16:02:45.552,38518784,870,
2026-02-06T15:02:48.5903660Z,06-02-2026 16:02:45.552,38518784,870,
2026-02-06T15:02:48.5903660Z,06-02-2026 16:02:45.552,38518784,870,
2026-02-06T15:02:48.5903660Z,06-02-2026 16:02:45.552,38518784,870,
2026-02-06T15:02:48.5903660Z,06-02-2026 16:02:45.552,38518784,870,
2026-02-06T15:02:48.5903660Z,06-02-2026 16:02:45.552,38518784,870,
2026-02-06T15:02:48.5903660Z,06-02-2026 16:02:45.552,38518784,871,
2026-02-06T15:02:48.5903660Z,06-02-2026 16:02:45.552,38518784,871,
2026-02-06T15:02:48.5903660Z,06-02-2026 16:02:45.552,38518784,871,
2026-02-06T15:02:48.5903660Z,06-02-2026 16:02:45.552,38518784,871,
2026-02-06T15:02:48.5903660Z,06-02-2026 16:02:45.552,38518784,871,
2026-02-06T15:02:48.5903660Z,06-02-2026 16:02:45.552,38518784,871,
2026-02-06T15:02:48.5903660Z,06-02-2026 16:02:45.552,38518784,871,
2026-02-06T15:02:48.6011720Z,06-02-2026 16:02:45.808,38520832,871,
2026-02-06T15:02:48.6011720Z,06-02-2026 16:02:45.808,38520832,871,
2026-02-06T15:02:48.6011720Z,06-02-2026 16:02:45.808,38520832,871,
2026-02-06T15:02:48.6011720Z,06-02-2026 16:02:45.808,38520832,871,
2026-02-06T15:02:48.6011720Z,06-02-2026 16:02:45.808,38520832,871,
2026-02-06T15:02:48.6011720Z,06-02-2026 16:02:45.808,38520832,871,
2026-02-06T15:02:48.6011720Z,06-02-2026 16:02:45.808,38520832,871,
2026-02-06T15:02:48.6011720Z,06-02-2026 16:02:45.808,38520832,871,
2026-02-06T15:02:48.6011720Z,06-02-2026 16:02:45.808,38520832,871,
2026-02-06T15:02:48.6011720Z,06-02-2026 16:02:45.808,38520832,871,
2026-02-06T15:02:48.6011720Z,06-02-2026 16:02:45.808,38520832,871,
2026-02-06T15:02:48.6011720Z,06-02-2026 16:02:45.808,38520832,871,
2026-02-06T15:02:48.6011720Z,06-02-2026 16:02:45.808,38520832,871,
2026-02-06T15:02:48.6011720Z,06-02-2026 16:02:45.808,38520832,871,
2026-02-06T15:02:48.6011720Z,06-02-2026 16:02:45.808,38520832,871,
2026-02-06T15:02:48.6011720Z,06-02-2026 16:02:45.808,38520832,871,
2026-02-06T15:02:48.6011720Z,06-02-2026 16:02:45.808,38520832,871,
2026-02-06T15:02:48.6011720Z,06-02-2026 16:02:45.808,38520832,871,
2026-02-06T15:02:48.6011720Z,06-02-2026 16:02:45.808,38520832,872,
2026-02-06T15:02:48.6011720Z,06-02-2026 16:02:45.808,38520832,872,
2026-02-06T15:02:48.6011720Z,06-02-2026 16:02:45.808,38520832,871,
2026-02-06T15:02:48.6011720Z,06-02-2026 16:02:45.808,38520832,871,
2026-02-06T15:02:48.6011720Z,06-02-2026 16:02:45.808,38520832,871,
2026-02-06T15:02:48.6011720Z,06-02-2026 16:02:45.808,38520832,871,
2026-02-06T15:02:48.6011720Z,06-02-2026 16:02:45.808,38520832,870,
2026-02-06T15:02:48.6011720Z,06-02-2026 16:02:45.808,38520832,870,
2026-02-06T15:02:48.6011720Z,06-02-2026 16:02:45.808,38520832,871,
2026-02-06T15:02:48.6011720Z,06-02-2026 16:02:45.808,38520832,871,
2026-02-06T15:02:48.6011720Z,06-02-2026 16:02:45.808,38520832,871,
2026-02-06T15:02:48.6011720Z,06-02-2026 16:02:45.808,38520832,871,
2026-02-06T15:02:48.6011720Z,06-02-2026 16:02:45.808,38520832,871,
2026-02-06T15:02:48.6011720Z,06-02-2026 16:02:45.808,38520832,871,
2026-02-06T15:02:48.6227296Z,06-02-2026 16:02:46.064,38522880,871,
2026-02-06T15:02:48.6227296Z,06-02-2026 16:02:46.064,38522880,871,
2026-02-06T15:02:48.6227296Z,06-02-2026 16:02:46.064,38522880,871,
2026-02-06T15:02:48.6227296Z,06-02-2026 16:02:46.064,38522880,871,
2026-02-06T15:02:48.6227296Z,06-02-2026 16:02:46.064,38522880,871,
2026-02-06T15:02:48.6227296Z,06-02-2026 16:02:46.064,38522880,871,
2026-02-06T15:02:48.6227296Z,06-02-2026 16:02:46.064,38522880,871,
2026-02-06T15:02:48.6227296Z,06-02-2026 16:02:46.064,38522880,871,
2026-02-06T15:02:48.6227296Z,06-02-2026 16:02:46.064,38522880,870,
2026-02-06T15:02:48.6227296Z,06-02-2026 16:02:46.064,38522880,870,
2026-02-06T15:02:48.6227296Z,06-02-2026 16:02:46.064,38522880,870,
2026-02-06T15:02:48.6227296Z,06-02-2026 16:02:46.064,38522880,870,
2026-02-06T15:02:48.6227296Z,06-02-2026 16:02:46.064,38522880,870,
2026-02-06T15:02:48.6227296Z,06-02-2026 16:02:46.064,38522880,870,
2026-02-06T15:02:48.6227296Z,06-02-2026 16:02:46.064,38522880,870,
2026-02-06T15:02:48.6227296Z,06-02-2026 16:02:46.064,38522880,870,
2026-02-06T15:02:48.6227296Z,06-02-2026 16:02:46.064,38522880,870,
2026-02-06T15:02:48.6227296Z,06-02-2026 16:02:46.064,38522880,870,
2026-02-06T15:02:48.6227296Z,06-02-2026 16:02:46.064,38522880,869,
2026-02-06T15:02:48.6227296Z,06-02-2026 16:02:46.064,38522880,869,
2026-02-06T15:02:48.6227296Z,06-02-2026 16:02:46.064,38522880,870,
2026-02-06T15:02:48.6227296Z,06-02-2026 16:02:46.064,38522880,870,
2026-02-06T15:02:48.6227296Z,06-02-2026 16:02:46.064,38522880,870,
2026-02-06T15:02:48.6227296Z,06-02-2026 16:02:46.064,38522880,870,
2026-02-06T15:02:48.6227296Z,06-02-2026 16:02:46.064,38522880,871,
2026-02-06T15:02:48.6227296Z,06-02-2026 16:02:46.064,38522880,871,
2026-02-06T15:02:48.6227296Z,06-02-2026 16:02:46.064,38522880,871,
2026-02-06T15:02:48.6227296Z,06-02-2026 16:02:46.064,38522880,871,
2026-02-06T15:02:48.6227296Z,06-02-2026 16:02:46.064,38522880,870,
2026-02-06T15:02:48.6227296Z,06-02-2026 16:02:46.064,38522880,870,
2026-02-06T15:02:48.6227296Z,06-02-2026 16:02:46.064,38522880,870,
2026-02-06T15:02:48.6227296Z,06-02-2026 16:02:46.064,38522880,870,
2026-02-06T15:02:48.6531256Z,06-02-2026 16:02:46.320,38524928,870,
2026-02-06T15:02:48.6531256Z,06-02-2026 16:02:46.320,38524928,870,
2026-02-06T15:02:48.6531256Z,06-02-2026 16:02:46.320,38524928,870,
2026-02-06T15:02:48.6531256Z,06-02-2026 16:02:46.320,38524928,870,
2026-02-06T15:02:48.6531256Z,06-02-2026 16:02:46.320,38524928,870,
2026-02-06T15:02:48.6531256Z,06-02-2026 16:02:46.320,38524928,870,
2026-02-06T15:02:48.6531256Z,06-02-2026 16:02:46.320,38524928,870,
2026-02-06T15:02:48.6531256Z,06-02-2026 16:02:46.320,38524928,870,
2026-02-06T15:02:48.6531256Z,06-02-2026 16:02:46.320,38524928,870,
2026-02-06T15:02:48.6531256Z,06-02-2026 16:02:46.320,38524928,870,
2026-02-06T15:02:48.6531256Z,06-02-2026 16:02:46.320,38524928,870,
2026-02-06T15:02:48.6531256Z,06-02-2026 16:02:46.320,38524928,870,
2026-02-06T15:02:48.6531256Z,06-02-2026 16:02:46.320,38524928,870,
2026-02-06T15:02:48.6531256Z,06-02-2026 16:02:46.320,38524928,870,
2026-02-06T15:02:48.6531256Z,06-02-2026 16:02:46.320,38524928,870,
2026-02-06T15:02:48.6531256Z,06-02-2026 16:02:46.320,38524928,870,
2026-02-06T15:02:48.6531256Z,06-02-2026 16:02:46.320,38524928,869,
2026-02-06T15:02:48.6531256Z,06-02-2026 16:02:46.320,38524928,870,
2026-02-06T15:02:48.6531256Z,06-02-2026 16:02:46.320,38524928,870,
2026-02-06T15:02:48.6531256Z,06-02-2026 16:02:46.320,38524928,870,
2026-02-06T15:02:48.6531256Z,06-02-2026 16:02:46.320,38524928,871,
2026-02-06T15:02:48.6531256Z,06-02-2026 16:02:46.320,38524928,871,
2026-02-06T15:02:48.6531256Z,06-02-2026 16:02:46.320,38524928,871,
2026-02-06T15:02:48.6531256Z,06-02-2026 16:02:46.320,38524928,870,
2026-02-06T15:02:48.6531256Z,06-02-2026 16:02:46.320,38524928,870,
2026-02-06T15:02:48.6531256Z,06-02-2026 16:02:46.320,38524928,870,
2026-02-06T15:02:48.6531256Z,06-02-2026 16:02:46.320,38524928,870,
2026-02-06T15:02:48.6531256Z,06-02-2026 16:02:46.320,38524928,870,
2026-02-06T15:02:48.6531256Z,06-02-2026 16:02:46.320,38524928,869,
2026-02-06T15:02:48.6531256Z,06-02-2026 16:02:46.320,38524928,869,
2026-02-06T15:02:48.6531256Z,06-02-2026 16:02:46.320,38524928,869,
2026-02-06T15:02:48.6531256Z,06-02-2026 16:02:46.320,38524928,869,
2026-02-06T15:02:49.6223096Z,06-02-2026 16:02:46.576,38526976,869,
2026-02-06T15:02:49.6223096Z,06-02-2026 16:02:46.576,38526976,869,
2026-02-06T15:02:49.6223096Z,06-02-2026 16:02:46.576,38526976,869,
2026-02-06T15:02:49.6223096Z,06-02-2026 16:02:46.576,38526976,869,
2026-02-06T15:02:49.6223096Z,06-02-2026 16:02:46.576,38526976,870,
2026-02-06T15:02:49.6223096Z,06-02-2026 16:02:46.576,38526976,870,
2026-02-06T15:02:49.6223096Z,06-02-2026 16:02:46.576,38526976,870,
2026-02-06T15:02:49.6223096Z,06-02-2026 16:02:46.576,38526976,870,
2026-02-06T15:02:49.6223096Z,06-02-2026 16:02:46.576,38526976,871,
2026-02-06T15:02:49.6223096Z,06-02-2026 16:02:46.576,38526976,871,
2026-02-06T15:02:49.6223096Z,06-02-2026 16:02:46.576,38526976,871,
2026-02-06T15:02:49.6223096Z,06-02-2026 16:02:46.576,38526976,871,
2026-02-06T15:02:49.6223096Z,06-02-2026 16:02:46.576,38526976,871,
2026-02-06T15:02:49.6223096Z,06-02-2026 16:02:46.576,38526976,871,
2026-02-06T15:02:49.6223096Z,06-02-2026 16:02:46.576,38526976,871,
2026-02-06T15:02:49.6223096Z,06-02-2026 16:02:46.576,38526976,871,
2026-02-06T15:02:49.6223096Z,06-02-2026 16:02:46.576,38526976,871,
2026-02-06T15:02:49.6223096Z,06-02-2026 16:02:46.576,38526976,871,
2026-02-06T15:02:49.6223096Z,06-02-2026 16:02:46.576,38526976,871,
2026-02-06T15:02:49.6223096Z,06-02-2026 16:02:46.576,38526976,870,
2026-02-06T15:02:49.6223096Z,06-02-2026 16:02:46.576,38526976,871,
2026-02-06T15:02:49.6223096Z,06-02-2026 16:02:46.576,38526976,871,
2026-02-06T15:02:49.6223096Z,06-02-2026 16:02:46.576,38526976,871,
2026-02-06T15:02:49.6223096Z,06-02-2026 16:02:46.576,38526976,870,
2026-02-06T15:02:49.6223096Z,06-02-2026 16:02:46.576,38526976,870,
2026-02-06T15:02:49.6223096Z,06-02-2026 16:02:46.576,38526976,871,
2026-02-06T15:02:49.6223096Z,06-02-2026 16:02:46.576,38526976,871,
2026-02-06T15:02:49.6223096Z,06-02-2026 16:02:46.576,38526976,871,
2026-02-06T15:02:49.6223096Z,06-02-2026 16:02:46.576,38526976,871,
2026-02-06T15:02:49.6223096Z,06-02-2026 16:02:46.576,38526976,871,
2026-02-06T15:02:49.6223096Z,06-02-2026 16:02:46.576,38526976,871,
2026-02-06T15:02:49.6223096Z,06-02-2026 16:02:46.576,38526976,871,
2026-02-06T15:02:49.6344122Z,06-02-2026 16:02:46.832,38529024,871,
2026-02-06T15:02:49.6344122Z,06-02-2026 16:02:46.832,38529024,871,
2026-02-06T15:02:49.6344122Z,06-02-2026 16:02:46.832,38529024,871,
2026-02-06T15:02:49.6344122Z,06-02-2026 16:02:46.832,38529024,870,
2026-02-06T15:02:49.6344122Z,06-02-2026 16:02:46.832,38529024,870,
2026-02-06T15:02:49.6344122Z,06-02-2026 16:02:46.832,38529024,870,
2026-02-06T15:02:49.6344122Z,06-02-2026 16:02:46.832,38529024,870,
2026-02-06T15:02:49.6344122Z,06-02-2026 16:02:46.832,38529024,870,
2026-02-06T15:02:49.6344122Z,06-02-2026 16:02:46.832,38529024,870,
2026-02-06T15:02:49.6344122Z,06-02-2026 16:02:46.832,38529024,871,
2026-02-06T15:02:49.6344122Z,06-02-2026 16:02:46.832,38529024,871,
2026-02-06T15:02:49.6344122Z,06-02-2026 16:02:46.832,38529024,871,
2026-02-06T15:02:49.6344122Z,06-02-2026 16:02:46.832,38529024,871,
2026-02-06T15:02:49.6344122Z,06-02-2026 16:02:46.832,38529024,870,
2026-02-06T15:02:49.6344122Z,06-02-2026 16:02:46.832,38529024,870,
2026-02-06T15:02:49.6344122Z,06-02-2026 16:02:46.832,38529024,871,
2026-02-06T15:02:49.6344122Z,06-02-2026 16:02:46.832,38529024,871,
2026-02-06T15:02:49.6344122Z,06-02-2026 16:02:46.832,38529024,871,
2026-02-06T15:02:49.6344122Z,06-02-2026 16:02:46.832,38529024,871,
2026-02-06T15:02:49.6344122Z,06-02-2026 16:02:46.832,38529024,871,
2026-02-06T15:02:49.6344122Z,06-02-2026 16:02:46.832,38529024,871,
2026-02-06T15:02:49.6344122Z,06-02-2026 16:02:46.832,38529024,871,
2026-02-06T15:02:49.6344122Z,06-02-2026 16:02:46.832,38529024,871,
2026-02-06T15:02:49.6344122Z,06-02-2026 16:02:46.832,38529024,871,
2026-02-06T15:02:49.6344122Z,06-02-2026 16:02:46.832,38529024,871,
2026-02-06T15:02:49.6344122Z,06-02-2026 16:02:46.832,38529024,871,
2026-02-06T15:02:49.6344122Z,06-02-2026 16:02:46.832,38529024,871,
2026-02-06T15:02:49.6344122Z,06-02-2026 16:02:46.832,38529024,871,
2026-02-06T15:02:49.6344122Z,06-02-2026 16:02:46.832,38529024,871,
2026-02-06T15:02:49.6344122Z,06-02-2026 16:02:46.832,38529024,871,
2026-02-06T15:02:49.6344122Z,06-02-2026 16:02:46.832,38529024,870,
2026-02-06T15:02:49.6344122Z,06-02-2026 16:02:46.832,38529024,870,
2026-02-06T15:02:49.6849403Z,06-02-2026 16:02:47.088,38531072,871,
2026-02-06T15:02:49.6849403Z,06-02-2026 16:02:47.088,38531072,871,
2026-02-06T15:02:49.6849403Z,06-02-2026 16:02:47.088,38531072,871,
2026-02-06T15:02:49.6849403Z,06-02-2026 16:02:47.088,38531072,870,
2026-02-06T15:02:49.6849403Z,06-02-2026 16:02:47.088,38531072,870,
2026-02-06T15:02:49.6849403Z,06-02-2026 16:02:47.088,38531072,870,
2026-02-06T15:02:49.6849403Z,06-02-2026 16:02:47.088,38531072,870,
2026-02-06T15:02:49.6849403Z,06-02-2026 16:02:47.088,38531072,870,
2026-02-06T15:02:49.6849403Z,06-02-2026 16:02:47.088,38531072,870,
2026-02-06T15:02:49.6849403Z,06-02-2026 16:02:47.088,38531072,870,
2026-02-06T15:02:49.6849403Z,06-02-2026 16:02:47.088,38531072,870,
2026-02-06T15:02:49.6849403Z,06-02-2026 16:02:47.088,38531072,870,
2026-02-06T15:02:49.6849403Z,06-02-2026 16:02:47.088,38531072,871,
2026-02-06T15:02:49.6849403Z,06-02-2026 16:02:47.088,38531072,871,
2026-02-06T15:02:49.6849403Z,06-02-2026 16:02:47.088,38531072,872,
2026-02-06T15:02:49.6849403Z,06-02-2026 16:02:47.088,38531072,871,
2026-02-06T15:02:49.6849403Z,06-02-2026 16:02:47.088,38531072,871,
2026-02-06T15:02:49.6849403Z,06-02-2026 16:02:47.088,38531072,871,
2026-02-06T15:02:49.6849403Z,06-02-2026 16:02:47.088,38531072,871,
2026-02-06T15:02:49.6849403Z,06-02-2026 16:02:47.088,38531072,870,
2026-02-06T15:02:49.6849403Z,06-02-2026 16:02:47.088,38531072,870,
2026-02-06T15:02:49.6849403Z,06-02-2026 16:02:47.088,38531072,870,
2026-02-06T15:02:49.6849403Z,06-02-2026 16:02:47.088,38531072,870,
2026-02-06T15:02:49.6849403Z,06-02-2026 16:02:47.088,38531072,870,
2026-02-06T15:02:49.6849403Z,06-02-2026 16:02:47.088,38531072,870,
2026-02-06T15:02:49.6849403Z,06-02-2026 16:02:47.088,38531072,871,
2026-02-06T15:02:49.6849403Z,06-02-2026 16:02:47.088,38531072,871,
2026-02-06T15:02:49.6849403Z,06-02-2026 16:02:47.088,38531072,871,
2026-02-06T15:02:49.6849403Z,06-02-2026 16:02:47.088,38531072,871,
2026-02-06T15:02:49.6849403Z,06-02-2026 16:02:47.088,38531072,871,
2026-02-06T15:02:49.6849403Z,06-02-2026 16:02:47.088,38531072,871,
2026-02-06T15:02:49.6849403Z,06-02-2026 16:02:47.088,38531072,871,
2026-02-06T15:02:49.7074973Z,06-02-2026 16:02:47.344,38533120,871,
2026-02-06T15:02:49.7074973Z,06-02-2026 16:02:47.344,38533120,871,
2026-02-06T15:02:49.7074973Z,06-02-2026 16:02:47.344,38533120,870,
2026-02-06T15:02:49.7074973Z,06-02-2026 16:02:47.344,38533120,870,
2026-02-06T15:02:49.7074973Z,06-02-2026 16:02:47.344,38533120,870,
2026-02-06T15:02:49.7074973Z,06-02-2026 16:02:47.344,38533120,870,
2026-02-06T15:02:49.7074973Z,06-02-2026 16:02:47.344,38533120,870,
2026-02-06T15:02:49.7074973Z,06-02-2026 16:02:47.344,38533120,870,
2026-02-06T15:02:49.7074973Z,06-02-2026 16:02:47.344,38533120,870,
2026-02-06T15:02:49.7074973Z,06-02-2026 16:02:47.344,38533120,870,
2026-02-06T15:02:49.7074973Z,06-02-2026 16:02:47.344,38533120,870,
2026-02-06T15:02:49.7074973Z,06-02-2026 16:02:47.344,38533120,870,
2026-02-06T15:02:49.7074973Z,06-02-2026 16:02:47.344,38533120,871,
2026-02-06T15:02:49.7074973Z,06-02-2026 16:02:47.344,38533120,871,
2026-02-06T15:02:49.7074973Z,06-02-2026 16:02:47.344,38533120,872,
2026-02-06T15:02:49.7074973Z,06-02-2026 16:02:47.344,38533120,872,
2026-02-06T15:02:49.7074973Z,06-02-2026 16:02:47.344,38533120,871,
2026-02-06T15:02:49.7074973Z,06-02-2026 16:02:47.344,38533120,870,
2026-02-06T15:02:49.7074973Z,06-02-2026 16:02:47.344,38533120,870,
2026-02-06T15:02:49.7074973Z,06-02-2026 16:02:47.344,38533120,870,
2026-02-06T15:02:49.7074973Z,06-02-2026 16:02:47.344,38533120,870,
2026-02-06T15:02:49.7074973Z,06-02-2026 16:02:47.344,38533120,871,
2026-02-06T15:02:49.7074973Z,06-02-2026 16:02:47.344,38533120,871,
2026-02-06T15:02:49.7074973Z,06-02-2026 16:02:47.344,38533120,871,
2026-02-06T15:02:49.7074973Z,06-02-2026 16:02:47.344,38533120,870,
2026-02-06T15:02:49.7074973Z,06-02-2026 16:02:47.344,38533120,870,
2026-02-06T15:02:49.7074973Z,06-02-2026 16:02:47.344,38533120,870,
2026-02-06T15:02:49.7074973Z,06-02-2026 16:02:47.344,38533120,871,
2026-02-06T15:02:49.7074973Z,06-02-2026 16:02:47.344,38533120,871,
2026-02-06T15:02:49.7074973Z,06-02-2026 16:02:47.344,38533120,871,
2026-02-06T15:02:49.7074973Z,06-02-2026 16:02:47.344,38533120,871,
2026-02-06T15:02:49.7074973Z,06-02-2026 16:02:47.344,38533120,871,
2026-02-06T15:02:50.6324035Z,06-02-2026 16:02:47.600,38535168,870,
2026-02-06T15:02:50.6324035Z,06-02-2026 16:02:47.600,38535168,870,
2026-02-06T15:02:50.6324035Z,06-02-2026 16:02:47.600,38535168,870,
2026-02-06T15:02:50.6324035Z,06-02-2026 16:02:47.600,38535168,870,
2026-02-06T15:02:50.6324035Z,06-02-2026 16:02:47.600,38535168,870,
2026-02-06T15:02:50.6324035Z,06-02-2026 16:02:47.600,38535168,870,
2026-02-06T15:02:50.6324035Z,06-02-2026 16:02:47.600,38535168,870,
2026-02-06T15:02:50.6324035Z,06-02-2026 16:02:47.600,38535168,871,
2026-02-06T15:02:50.6324035Z,06-02-2026 16:02:47.600,38535168,871,
2026-02-06T15:02:50.6324035Z,06-02-2026 16:02:47.600,38535168,872,
2026-02-06T15:02:50.6324035Z,06-02-2026 16:02:47.600,38535168,872,
2026-02-06T15:02:50.6324035Z,06-02-2026 16:02:47.600,38535168,872,
2026-02-06T15:02:50.6324035Z,06-02-2026 16:02:47.600,38535168,872,
2026-02-06T15:02:50.6324035Z,06-02-2026 16:02:47.600,38535168,871,
2026-02-06T15:02:50.6324035Z,06-02-2026 16:02:47.600,38535168,870,
2026-02-06T15:02:50.6324035Z,06-02-2026 16:02:47.600,38535168,870,
2026-02-06T15:02:50.6324035Z,06-02-2026 16:02:47.600,38535168,870,
2026-02-06T15:02:50.6324035Z,06-02-2026 16:02:47.600,38535168,871,
2026-02-06T15:02:50.6324035Z,06-02-2026 16:02:47.600,38535168,870,
2026-02-06T15:02:50.6324035Z,06-02-2026 16:02:47.600,38535168,870,
2026-02-06T15:02:50.6324035Z,06-02-2026 16:02:47.600,38535168,870,
2026-02-06T15:02:50.6324035Z,06-02-2026 16:02:47.600,38535168,870,
2026-02-06T15:02:50.6324035Z,06-02-2026 16:02:47.600,38535168,870,
2026-02-06T15:02:50.6324035Z,06-02-2026 16:02:47.600,38535168,870,
2026-02-06T15:02:50.6324035Z,06-02-2026 16:02:47.600,38535168,870,
2026-02-06T15:02:50.6324035Z,06-02-2026 16:02:47.600,38535168,870,
2026-02-06T15:02:50.6324035Z,06-02-2026 16:02:47.600,38535168,871,
2026-02-06T15:02:50.6324035Z,06-02-2026 16:02:47.600,38535168,871,
2026-02-06T15:02:50.6324035Z,06-02-2026 16:02:47.600,38535168,871,
2026-02-06T15:02:50.6324035Z,06-02-2026 16:02:47.600,38535168,871,
2026-02-06T15:02:50.6324035Z,06-02-2026 16:02:47.600,38535168,870,
2026-02-06T15:02:50.6324035Z,06-02-2026 16:02:47.600,38535168,870,
2026-02-06T15:02:50.6455913Z,06-02-2026 16:02:47.856,38537216,871,
2026-02-06T15:02:50.6455913Z,06-02-2026 16:02:47.856,38537216,871,
2026-02-06T15:02:50.6455913Z,06-02-2026 16:02:47.856,38537216,871,
2026-02-06T15:02:50.6455913Z,06-02-2026 16:02:47.856,38537216,871,
2026-02-06T15:02:50.6455913Z,06-02-2026 16:02:47.856,38537216,870,
2026-02-06T15:02:50.6455913Z,06-02-2026 16:02:47.856,38537216,870,
2026-02-06T15:02:50.6455913Z,06-02-2026 16:02:47.856,38537216,870,
2026-02-06T15:02:50.6455913Z,06-02-2026 16:02:47.856,38537216,870,
2026-02-06T15:02:50.6455913Z,06-02-2026 16:02:47.856,38537216,870,
2026-02-06T15:02:50.6455913Z,06-02-2026 16:02:47.856,38537216,871,
2026-02-06T15:02:50.6455913Z,06-02-2026 16:02:47.856,38537216,871,
2026-02-06T15:02:50.6455913Z,06-02-2026 16:02:47.856,38537216,871,
2026-02-06T15:02:50.6455913Z,06-02-2026 16:02:47.856,38537216,871,
2026-02-06T15:02:50.6455913Z,06-02-2026 16:02:47.856,38537216,871,
2026-02-06T15:02:50.6455913Z,06-02-2026 16:02:47.856,38537216,871,
2026-02-06T15:02:50.6455913Z,06-02-2026 16:02:47.856,38537216,871,
2026-02-06T15:02:50.6455913Z,06-02-2026 16:02:47.856,38537216,871,
2026-02-06T15:02:50.6455913Z,06-02-2026 16:02:47.856,38537216,871,
2026-02-06T15:02:50.6455913Z,06-02-2026 16:02:47.856,38537216,871,
2026-02-06T15:02:50.6455913Z,06-02-2026 16:02:47.856,38537216,871,
2026-02-06T15:02:50.6455913Z,06-02-2026 16:02:47.856,38537216,871,
2026-02-06T15:02:50.6455913Z,06-02-2026 16:02:47.856,38537216,871,
2026-02-06T15:02:50.6455913Z,06-02-2026 16:02:47.856,38537216,870,
2026-02-06T15:02:50.6455913Z,06-02-2026 16:02:47.856,38537216,870,
2026-02-06T15:02:50.6455913Z,06-02-2026 16:02:47.856,38537216,870,
2026-02-06T15:02:50.6455913Z,06-02-2026 16:02:47.856,38537216,871,
2026-02-06T15:02:50.6455913Z,06-02-2026 16:02:47.856,38537216,871,
2026-02-06T15:02:50.6455913Z,06-02-2026 16:02:47.856,38537216,871,
2026-02-06T15:02:50.6455913Z,06-02-2026 16:02:47.856,38537216,871,
2026-02-06T15:02:50.6455913Z,06-02-2026 16:02:47.856,38537216,871,
2026-02-06T15:02:50.6455913Z,06-02-2026 16:02:47.856,38537216,872,
2026-02-06T15:02:50.6455913Z,06-02-2026 16:02:47.856,38537216,872,
2026-02-06T15:02:50.6633652Z,06-02-2026 16:02:48.112,38539264,871,
2026-02-06T15:02:50.6633652Z,06-02-2026 16:02:48.112,38539264,871,
2026-02-06T15:02:50.6633652Z,06-02-2026 16:02:48.112,38539264,871,
2026-02-06T15:02:50.6633652Z,06-02-2026 16:02:48.112,38539264,871,
2026-02-06T15:02:50.6633652Z,06-02-2026 16:02:48.112,38539264,871,
2026-02-06T15:02:50.6633652Z,06-02-2026 16:02:48.112,38539264,871,
2026-02-06T15:02:50.6633652Z,06-02-2026 16:02:48.112,38539264,870,
2026-02-06T15:02:50.6633652Z,06-02-2026 16:02:48.112,38539264,870,
2026-02-06T15:02:50.6633652Z,06-02-2026 16:02:48.112,38539264,871,
2026-02-06T15:02:50.6633652Z,06-02-2026 16:02:48.112,38539264,871,
2026-02-06T15:02:50.6633652Z,06-02-2026 16:02:48.112,38539264,871,
2026-02-06T15:02:50.6633652Z,06-02-2026 16:02:48.112,38539264,871,
2026-02-06T15:02:50.6633652Z,06-02-2026 16:02:48.112,38539264,871,
2026-02-06T15:02:50.6633652Z,06-02-2026 16:02:48.112,38539264,871,
2026-02-06T15:02:50.6633652Z,06-02-2026 16:02:48.112,38539264,871,
2026-02-06T15:02:50.6633652Z,06-02-2026 16:02:48.112,38539264,871,
2026-02-06T15:02:50.6633652Z,06-02-2026 16:02:48.112,38539264,870,
2026-02-06T15:02:50.6633652Z,06-02-2026 16:02:48.112,38539264,871,
2026-02-06T15:02:50.6633652Z,06-02-2026 16:02:48.112,38539264,871,
2026-02-06T15:02:50.6633652Z,06-02-2026 16:02:48.112,38539264,870,
2026-02-06T15:02:50.6633652Z,06-02-2026 16:02:48.112,38539264,870,
2026-02-06T15:02:50.6633652Z,06-02-2026 16:02:48.112,38539264,870,
2026-02-06T15:02:50.6633652Z,06-02-2026 16:02:48.112,38539264,870,
2026-02-06T15:02:50.6633652Z,06-02-2026 16:02:48.112,38539264,870,
2026-02-06T15:02:50.6633652Z,06-02-2026 16:02:48.112,38539264,870,
2026-02-06T15:02:50.6633652Z,06-02-2026 16:02:48.112,38539264,870,
2026-02-06T15:02:50.6633652Z,06-02-2026 16:02:48.112,38539264,870,
2026-02-06T15:02:50.6633652Z,06-02-2026 16:02:48.112,38539264,869,
2026-02-06T15:02:50.6633652Z,06-02-2026 16:02:48.112,38539264,869,
2026-02-06T15:02:50.6633652Z,06-02-2026 16:02:48.112,38539264,869,
2026-02-06T15:02:50.6633652Z,06-02-2026 16:02:48.112,38539264,869,
2026-02-06T15:02:50.6633652Z,06-02-2026 16:02:48.112,38539264,869,
2026-02-06T15:02:50.6993230Z,06-02-2026 16:02:48.368,38541312,869,
2026-02-06T15:02:50.6993230Z,06-02-2026 16:02:48.368,38541312,870,
2026-02-06T15:02:50.6993230Z,06-02-2026 16:02:48.368,38541312,870,
2026-02-06T15:02:50.6993230Z,06-02-2026 16:02:48.368,38541312,870,
2026-02-06T15:02:50.6993230Z,06-02-2026 16:02:48.368,38541312,870,
2026-02-06T15:02:50.6993230Z,06-02-2026 16:02:48.368,38541312,870,
2026-02-06T15:02:50.6993230Z,06-02-2026 16:02:48.368,38541312,870,
2026-02-06T15:02:50.6993230Z,06-02-2026 16:02:48.368,38541312,870,
2026-02-06T15:02:50.6993230Z,06-02-2026 16:02:48.368,38541312,870,
2026-02-06T15:02:50.6993230Z,06-02-2026 16:02:48.368,38541312,869,
2026-02-06T15:02:50.6993230Z,06-02-2026 16:02:48.368,38541312,869,
2026-02-06T15:02:50.6993230Z,06-02-2026 16:02:48.368,38541312,869,
2026-02-06T15:02:50.6993230Z,06-02-2026 16:02:48.368,38541312,869,
2026-02-06T15:02:50.6993230Z,06-02-2026 16:02:48.368,38541312,869,
2026-02-06T15:02:50.6993230Z,06-02-2026 16:02:48.368,38541312,869,
2026-02-06T15:02:50.6993230Z,06-02-2026 16:02:48.368,38541312,870,
2026-02-06T15:02:50.6993230Z,06-02-2026 16:02:48.368,38541312,869,
2026-02-06T15:02:50.6993230Z,06-02-2026 16:02:48.368,38541312,869,
2026-02-06T15:02:50.6993230Z,06-02-2026 16:02:48.368,38541312,869,
2026-02-06T15:02:50.6993230Z,06-02-2026 16:02:48.368,38541312,870,
2026-02-06T15:02:50.6993230Z,06-02-2026 16:02:48.368,38541312,869,
2026-02-06T15:02:50.6993230Z,06-02-2026 16:02:48.368,38541312,869,
2026-02-06T15:02:50.6993230Z,06-02-2026 16:02:48.368,38541312,869,
2026-02-06T15:02:50.6993230Z,06-02-2026 16:02:48.368,38541312,869,
2026-02-06T15:02:50.6993230Z,06-02-2026 16:02:48.368,38541312,869,
2026-02-06T15:02:50.6993230Z,06-02-2026 16:02:48.368,38541312,869,
2026-02-06T15:02:50.6993230Z,06-02-2026 16:02:48.368,38541312,869,
2026-02-06T15:02:50.6993230Z,06-02-2026 16:02:48.368,38541312,870,
2026-02-06T15:02:50.6993230Z,06-02-2026 16:02:48.368,38541312,870,
2026-02-06T15:02:50.6993230Z,06-02-2026 16:02:48.368,38541312,870,
2026-02-06T15:02:50.6993230Z,06-02-2026 16:02:48.368,38541312,870,
2026-02-06T15:02:50.6993230Z,06-02-2026 16:02:48.368,38541312,870,
2026-02-06T15:02:51.6731768Z,06-02-2026 16:02:48.624,38543360,870,
2026-02-06T15:02:51.6731768Z,06-02-2026 16:02:48.624,38543360,870,
2026-02-06T15:02:51.6731768Z,06-02-2026 16:02:48.624,38543360,870,
2026-02-06T15:02:51.6731768Z,06-02-2026 16:02:48.624,38543360,870,
2026-02-06T15:02:51.6731768Z,06-02-2026 16:02:48.624,38543360,870,
2026-02-06T15:02:51.6731768Z,06-02-2026 16:02:48.624,38543360,870,
2026-02-06T15:02:51.6731768Z,06-02-2026 16:02:48.624,38543360,870,
2026-02-06T15:02:51.6731768Z,06-02-2026 16:02:48.624,38543360,869,
2026-02-06T15:02:51.6731768Z,06-02-2026 16:02:48.624,38543360,869,
2026-02-06T15:02:51.6731768Z,06-02-2026 16:02:48.624,38543360,870,
2026-02-06T15:02:51.6731768Z,06-02-2026 16:02:48.624,38543360,870,
2026-02-06T15:02:51.6731768Z,06-02-2026 16:02:48.624,38543360,870,
2026-02-06T15:02:51.6731768Z,06-02-2026 16:02:48.624,38543360,870,
2026-02-06T15:02:51.6731768Z,06-02-2026 16:02:48.624,38543360,869,
2026-02-06T15:02:51.6731768Z,06-02-2026 16:02:48.624,38543360,869,
2026-02-06T15:02:51.6731768Z,06-02-2026 16:02:48.624,38543360,869,
2026-02-06T15:02:51.6731768Z,06-02-2026 16:02:48.624,38543360,869,
2026-02-06T15:02:51.6731768Z,06-02-2026 16:02:48.624,38543360,870,
2026-02-06T15:02:51.6731768Z,06-02-2026 16:02:48.624,38543360,870,
2026-02-06T15:02:51.6731768Z,06-02-2026 16:02:48.624,38543360,870,
2026-02-06T15:02:51.6731768Z,06-02-2026 16:02:48.624,38543360,870,
2026-02-06T15:02:51.6731768Z,06-02-2026 16:02:48.624,38543360,870,
2026-02-06T15:02:51.6731768Z,06-02-2026 16:02:48.624,38543360,870,
2026-02-06T15:02:51.6731768Z,06-02-2026 16:02:48.624,38543360,870,
2026-02-06T15:02:51.6731768Z,06-02-2026 16:02:48.624,38543360,870,
2026-02-06T15:02:51.6731768Z,06-02-2026 16:02:48.624,38543360,870,
2026-02-06T15:02:51.6731768Z,06-02-2026 16:02:48.624,38543360,870,
2026-02-06T15:02:51.6731768Z,06-02-2026 16:02:48.624,38543360,870,
2026-02-06T15:02:51.6731768Z,06-02-2026 16:02:48.624,38543360,870,
2026-02-06T15:02:51.6731768Z,06-02-2026 16:02:48.624,38543360,870,
2026-02-06T15:02:51.6731768Z,06-02-2026 16:02:48.624,38543360,870,
2026-02-06T15:02:51.6731768Z,06-02-2026 16:02:48.624,38543360,870,
2026-02-06T15:02:51.6833877Z,06-02-2026 16:02:48.880,38545408,870,
2026-02-06T15:02:51.6833877Z,06-02-2026 16:02:48.880,38545408,871,
2026-02-06T15:02:51.6833877Z,06-02-2026 16:02:48.880,38545408,871,
2026-02-06T15:02:51.6833877Z,06-02-2026 16:02:48.880,38545408,871,
2026-02-06T15:02:51.6833877Z,06-02-2026 16:02:48.880,38545408,871,
2026-02-06T15:02:51.6833877Z,06-02-2026 16:02:48.880,38545408,871,
2026-02-06T15:02:51.6833877Z,06-02-2026 16:02:48.880,38545408,871,
2026-02-06T15:02:51.6833877Z,06-02-2026 16:02:48.880,38545408,871,
2026-02-06T15:02:51.6833877Z,06-02-2026 16:02:48.880,38545408,871,
2026-02-06T15:02:51.6833877Z,06-02-2026 16:02:48.880,38545408,870,
2026-02-06T15:02:51.6833877Z,06-02-2026 16:02:48.880,38545408,870,
2026-02-06T15:02:51.6833877Z,06-02-2026 16:02:48.880,38545408,870,
2026-02-06T15:02:51.6833877Z,06-02-2026 16:02:48.880,38545408,870,
2026-02-06T15:02:51.6833877Z,06-02-2026 16:02:48.880,38545408,870,
2026-02-06T15:02:51.6833877Z,06-02-2026 16:02:48.880,38545408,870,
2026-02-06T15:02:51.6833877Z,06-02-2026 16:02:48.880,38545408,869,
2026-02-06T15:02:51.6833877Z,06-02-2026 16:02:48.880,38545408,869,
2026-02-06T15:02:51.6833877Z,06-02-2026 16:02:48.880,38545408,869,
2026-02-06T15:02:51.6833877Z,06-02-2026 16:02:48.880,38545408,869,
2026-02-06T15:02:51.6833877Z,06-02-2026 16:02:48.880,38545408,870,
2026-02-06T15:02:51.6833877Z,06-02-2026 16:02:48.880,38545408,870,
2026-02-06T15:02:51.6833877Z,06-02-2026 16:02:48.880,38545408,870,
2026-02-06T15:02:51.6833877Z,06-02-2026 16:02:48.880,38545408,871,
2026-02-06T15:02:51.6833877Z,06-02-2026 16:02:48.880,38545408,871,
2026-02-06T15:02:51.6833877Z,06-02-2026 16:02:48.880,38545408,872,
2026-02-06T15:02:51.6833877Z,06-02-2026 16:02:48.880,38545408,872,
2026-02-06T15:02:51.6833877Z,06-02-2026 16:02:48.880,38545408,871,
2026-02-06T15:02:51.6833877Z,06-02-2026 16:02:48.880,38545408,871,
2026-02-06T15:02:51.6833877Z,06-02-2026 16:02:48.880,38545408,871,
2026-02-06T15:02:51.6833877Z,06-02-2026 16:02:48.880,38545408,871,
2026-02-06T15:02:51.6833877Z,06-02-2026 16:02:48.880,38545408,871,
2026-02-06T15:02:51.6833877Z,06-02-2026 16:02:48.880,38545408,871,
2026-02-06T15:02:51.7213854Z,06-02-2026 16:02:49.136,38547456,870,
2026-02-06T15:02:51.7213854Z,06-02-2026 16:02:49.136,38547456,870,
2026-02-06T15:02:51.7213854Z,06-02-2026 16:02:49.136,38547456,870,
2026-02-06T15:02:51.7213854Z,06-02-2026 16:02:49.136,38547456,871,
2026-02-06T15:02:51.7213854Z,06-02-2026 16:02:49.136,38547456,871,
2026-02-06T15:02:51.7213854Z,06-02-2026 16:02:49.136,38547456,870,
2026-02-06T15:02:51.7213854Z,06-02-2026 16:02:49.136,38547456,870,
2026-02-06T15:02:51.7213854Z,06-02-2026 16:02:49.136,38547456,870,
2026-02-06T15:02:51.7213854Z,06-02-2026 16:02:49.136,38547456,870,
2026-02-06T15:02:51.7213854Z,06-02-2026 16:02:49.136,38547456,870,
2026-02-06T15:02:51.7213854Z,06-02-2026 16:02:49.136,38547456,870,
2026-02-06T15:02:51.7213854Z,06-02-2026 16:02:49.136,38547456,870,
2026-02-06T15:02:51.7213854Z,06-02-2026 16:02:49.136,38547456,870,
2026-02-06T15:02:51.7213854Z,06-02-2026 16:02:49.136,38547456,871,
2026-02-06T15:02:51.7213854Z,06-02-2026 16:02:49.136,38547456,871,
2026-02-06T15:02:51.7213854Z,06-02-2026 16:02:49.136,38547456,871,
2026-02-06T15:02:51.7213854Z,06-02-2026 16:02:49.136,38547456,871,
2026-02-06T15:02:51.7213854Z,06-02-2026 16:02:49.136,38547456,870,
2026-02-06T15:02:51.7213854Z,06-02-2026 16:02:49.136,38547456,870,
2026-02-06T15:02:51.7213854Z,06-02-2026 16:02:49.136,38547456,870,
2026-02-06T15:02:51.7213854Z,06-02-2026 16:02:49.136,38547456,870,
2026-02-06T15:02:51.7213854Z,06-02-2026 16:02:49.136,38547456,870,
2026-02-06T15:02:51.7213854Z,06-02-2026 16:02:49.136,38547456,871,
2026-02-06T15:02:51.7213854Z,06-02-2026 16:02:49.136,38547456,871,
2026-02-06T15:02:51.7213854Z,06-02-2026 16:02:49.136,38547456,871,
2026-02-06T15:02:51.7213854Z,06-02-2026 16:02:49.136,38547456,871,
2026-02-06T15:02:51.7213854Z,06-02-2026 16:02:49.136,38547456,871,
2026-02-06T15:02:51.7213854Z,06-02-2026 16:02:49.136,38547456,871,
2026-02-06T15:02:51.7213854Z,06-02-2026 16:02:49.136,38547456,871,
2026-02-06T15:02:51.7213854Z,06-02-2026 16:02:49.136,38547456,871,
2026-02-06T15:02:51.7213854Z,06-02-2026 16:02:49.136,38547456,871,
2026-02-06T15:02:51.7213854Z,06-02-2026 16:02:49.136,38547456,871,
2026-02-06T15:02:51.7547986Z,06-02-2026 16:02:49.392,38549504,871,
2026-02-06T15:02:51.7547986Z,06-02-2026 16:02:49.392,38549504,871,
2026-02-06T15:02:51.7547986Z,06-02-2026 16:02:49.392,38549504,871,
2026-02-06T15:02:51.7547986Z,06-02-2026 16:02:49.392,38549504,871,
2026-02-06T15:02:51.7547986Z,06-02-2026 16:02:49.392,38549504,871,
2026-02-06T15:02:51.7547986Z,06-02-2026 16:02:49.392,38549504,871,
2026-02-06T15:02:51.7547986Z,06-02-2026 16:02:49.392,38549504,871,
2026-02-06T15:02:51.7547986Z,06-02-2026 16:02:49.392,38549504,871,
2026-02-06T15:02:51.7547986Z,06-02-2026 16:02:49.392,38549504,871,
2026-02-06T15:02:51.7547986Z,06-02-2026 16:02:49.392,38549504,871,
2026-02-06T15:02:51.7547986Z,06-02-2026 16:02:49.392,38549504,871,
2026-02-06T15:02:51.7547986Z,06-02-2026 16:02:49.392,38549504,871,
2026-02-06T15:02:51.7547986Z,06-02-2026 16:02:49.392,38549504,871,
2026-02-06T15:02:51.7547986Z,06-02-2026 16:02:49.392,38549504,871,
2026-02-06T15:02:51.7547986Z,06-02-2026 16:02:49.392,38549504,871,
2026-02-06T15:02:51.7547986Z,06-02-2026 16:02:49.392,38549504,871,
2026-02-06T15:02:51.7547986Z,06-02-2026 16:02:49.392,38549504,871,
2026-02-06T15:02:51.7547986Z,06-02-2026 16:02:49.392,38549504,870,
2026-02-06T15:02:51.7547986Z,06-02-2026 16:02:49.392,38549504,870,
2026-02-06T15:02:51.7547986Z,06-02-2026 16:02:49.392,38549504,870,
2026-02-06T15:02:51.7547986Z,06-02-2026 16:02:49.392,38549504,870,
2026-02-06T15:02:51.7547986Z,06-02-2026 16:02:49.392,38549504,870,
2026-02-06T15:02:51.7547986Z,06-02-2026 16:02:49.392,38549504,870,
2026-02-06T15:02:51.7547986Z,06-02-2026 16:02:49.392,38549504,870,
2026-02-06T15:02:51.7547986Z,06-02-2026 16:02:49.392,38549504,870,
2026-02-06T15:02:51.7547986Z,06-02-2026 16:02:49.392,38549504,871,
2026-02-06T15:02:51.7547986Z,06-02-2026 16:02:49.392,38549504,871,
2026-02-06T15:02:51.7547986Z,06-02-2026 16:02:49.392,38549504,870,
2026-02-06T15:02:51.7547986Z,06-02-2026 16:02:49.392,38549504,870,
2026-02-06T15:02:51.7547986Z,06-02-2026 16:02:49.392,38549504,870,
2026-02-06T15:02:51.7547986Z,06-02-2026 16:02:49.392,38549504,870,
2026-02-06T15:02:51.7547986Z,06-02-2026 16:02:49.392,38549504,870,
2026-02-06T15:02:52.6886160Z,06-02-2026 16:02:49.648,38551552,4.38,
2026-02-06T15:02:52.6886160Z,06-02-2026 16:02:49.648,38551552,4.38,
2026-02-06T15:02:52.6886160Z,06-02-2026 16:02:49.648,38551552,4.38,
2026-02-06T15:02:52.6886160Z,06-02-2026 16:02:49.648,38551552,4.44,
2026-02-06T15:02:52.6886160Z,06-02-2026 16:02:49.648,38551552,4.44,
2026-02-06T15:02:52.6886160Z,06-02-2026 16:02:49.648,38551552,4.44,
2026-02-06T15:02:52.6886160Z,06-02-2026 16:02:49.648,38551552,4.44,
2026-02-06T15:02:52.6886160Z,06-02-2026 16:02:49.648,38551552,4.44,
2026-02-06T15:02:52.6886160Z,06-02-2026 16:02:49.648,38551552,4.44,
2026-02-06T15:02:52.6886160Z,06-02-2026 16:02:49.648,38551552,4.44,
2026-02-06T15:02:52.6886160Z,06-02-2026 16:02:49.648,38551552,4.38,
2026-02-06T15:02:52.6886160Z,06-02-2026 16:02:49.648,38551552,4.44,
2026-02-06T15:02:52.6886160Z,06-02-2026 16:02:49.648,38551552,4.44,
2026-02-06T15:02:52.6886160Z,06-02-2026 16:02:49.648,38551552,4.44,
2026-02-06T15:02:52.6886160Z,06-02-2026 16:02:49.648,38551552,4.38,
2026-02-06T15:02:52.6886160Z,06-02-2026 16:02:49.648,38551552,4.38,
2026-02-06T15:02:52.6886160Z,06-02-2026 16:02:49.648,38551552,4.38,
2026-02-06T15:02:52.6886160Z,06-02-2026 16:02:49.648,38551552,4.38,
2026-02-06T15:02:52.6886160Z,06-02-2026 16:02:49.648,38551552,4.44,
2026-02-06T15:02:52.6886160Z,06-02-2026 16:02:49.648,38551552,4.44,
2026-02-06T15:02:52.6886160Z,06-02-2026 16:02:49.648,38551552,4.38,
2026-02-06T15:02:52.6886160Z,06-02-2026 16:02:49.648,38551552,4.38,
2026-02-06T15:02:52.6886160Z,06-02-2026 16:02:49.648,38551552,4.38,
2026-02-06T15:02:52.6886160Z,06-02-2026 16:02:49.648,38551552,4.44,
2026-02-06T15:02:52.6886160Z,06-02-2026 16:02:49.648,38551552,4.5,
2026-02-06T15:02:52.6886160Z,06-02-2026 16:02:49.648,38551552,4.44,
2026-02-06T15:02:52.6886160Z,06-02-2026 16:02:49.648,38551552,4.44,
2026-02-06T15:02:52.6886160Z,06-02-2026 16:02:49.648,38551552,4.44,
2026-02-06T15:02:52.6886160Z,06-02-2026 16:02:49.648,38551552,4.44,
2026-02-06T15:02:52.6886160Z,06-02-2026 16:02:49.648,38551552,4.44,
2026-02-06T15:02:52.6886160Z,06-02-2026 16:02:49.648,38551552,4.44,
2026-02-06T15:02:52.6886160Z,06-02-2026 16:02:49.648,38551552,4.44,
2026-02-06T15:02:52.7050700Z,06-02-2026 16:02:49.904,38553600,4.44,
2026-02-06T15:02:52.7050700Z,06-02-2026 16:02:49.904,38553600,4.44,
2026-02-06T15:02:52.7050700Z,06-02-2026 16:02:49.904,38553600,4.5,
2026-02-06T15:02:52.7050700Z,06-02-2026 16:02:49.904,38553600,4.5,
2026-02-06T15:02:52.7050700Z,06-02-2026 16:02:49.904,38553600,4.44,
2026-02-06T15:02:52.7050700Z,06-02-2026 16:02:49.904,38553600,4.44,
2026-02-06T15:02:52.7050700Z,06-02-2026 16:02:49.904,38553600,4.44,
2026-02-06T15:02:52.7050700Z,06-02-2026 16:02:49.904,38553600,4.44,
2026-02-06T15:02:52.7050700Z,06-02-2026 16:02:49.904,38553600,4.44,
2026-02-06T15:02:52.7050700Z,06-02-2026 16:02:49.904,38553600,4.44,
2026-02-06T15:02:52.7050700Z,06-02-2026 16:02:49.904,38553600,4.44,
2026-02-06T15:02:52.7050700Z,06-02-2026 16:02:49.904,38553600,4.38,
2026-02-06T15:02:52.7050700Z,06-02-2026 16:02:49.904,38553600,4.38,
2026-02-06T15:02:52.7050700Z,06-02-2026 16:02:49.904,38553600,4.44,
2026-02-06T15:02:52.7050700Z,06-02-2026 16:02:49.904,38553600,4.44,
2026-02-06T15:02:52.7050700Z,06-02-2026 16:02:49.904,38553600,4.44,
2026-02-06T15:02:52.7050700Z,06-02-2026 16:02:49.904,38553600,4.44,
2026-02-06T15:02:52.7050700Z,06-02-2026 16:02:49.904,38553600,4.44,
2026-02-06T15:02:52.7050700Z,06-02-2026 16:02:49.904,38553600,4.44,
2026-02-06T15:02:52.7050700Z,06-02-2026 16:02:49.904,38553600,4.44,
2026-02-06T15:02:52.7050700Z,06-02-2026 16:02:49.904,38553600,4.38,
2026-02-06T15:02:52.7050700Z,06-02-2026 16:02:49.904,38553600,4.38,
2026-02-06T15:02:52.7050700Z,06-02-2026 16:02:49.904,38553600,4.38,
2026-02-06T15:02:52.7050700Z,06-02-2026 16:02:49.904,38553600,4.38,
2026-02-06T15:02:52.7050700Z,06-02-2026 16:02:49.904,38553600,4.44,
2026-02-06T15:02:52.7050700Z,06-02-2026 16:02:49.904,38553600,4.44,
2026-02-06T15:02:52.7050700Z,06-02-2026 16:02:49.904,38553600,4.44,
2026-02-06T15:02:52.7050700Z,06-02-2026 16:02:49.904,38553600,4.44,
2026-02-06T15:02:52.7050700Z,06-02-2026 16:02:49.904,38553600,4.44,
2026-02-06T15:02:52.7050700Z,06-02-2026 16:02:49.904,38553600,4.44,
2026-02-06T15:02:52.7050700Z,06-02-2026 16:02:49.904,38553600,4.44,
2026-02-06T15:02:52.7050700Z,06-02-2026 16:02:49.904,38553600,4.44,
2026-02-06T15:02:52.7204934Z,06-02-2026 16:02:50.160,38555648,4.44,
2026-02-06T15:02:52.7204934Z,06-02-2026 16:02:50.160,38555648,4.44,
2026-02-06T15:02:52.7204934Z,06-02-2026 16:02:50.160,38555648,4.44,
2026-02-06T15:02:52.7204934Z,06-02-2026 16:02:50.160,38555648,4.44,
2026-02-06T15:02:52.7204934Z,06-02-2026 16:02:50.160,38555648,4.44,
2026-02-06T15:02:52.7204934Z,06-02-2026 16:02:50.160,38555648,4.44,
2026-02-06T15:02:52.7204934Z,06-02-2026 16:02:50.160,38555648,4.44,
2026-02-06T15:02:52.7204934Z,06-02-2026 16:02:50.160,38555648,4.44,
2026-02-06T15:02:52.7204934Z,06-02-2026 16:02:50.160,38555648,4.44,
2026-02-06T15:02:52.7204934Z,06-02-2026 16:02:50.160,38555648,4.44,
2026-02-06T15:02:52.7204934Z,06-02-2026 16:02:50.160,38555648,4.38,
2026-02-06T15:02:52.7204934Z,06-02-2026 16:02:50.160,38555648,4.38,
2026-02-06T15:02:52.7204934Z,06-02-2026 16:02:50.160,38555648,4.38,
2026-02-06T15:02:52.7204934Z,06-02-2026 16:02:50.160,38555648,4.38,
2026-02-06T15:02:52.7204934Z,06-02-2026 16:02:50.160,38555648,4.38,
2026-02-06T15:02:52.7204934Z,06-02-2026 16:02:50.160,38555648,4.38,
2026-02-06T15:02:52.7204934Z,06-02-2026 16:02:50.160,38555648,4.38,
2026-02-06T15:02:52.7204934Z,06-02-2026 16:02:50.160,38555648,4.38,
2026-02-06T15:02:52.7204934Z,06-02-2026 16:02:50.160,38555648,4.38,
2026-02-06T15:02:52.7204934Z,06-02-2026 16:02:50.160,38555648,4.38,
2026-02-06T15:02:52.7204934Z,06-02-2026 16:02:50.160,38555648,4.38,
2026-02-06T15:02:52.7204934Z,06-02-2026 16:02:50.160,38555648,4.38,
2026-02-06T15:02:52.7204934Z,06-02-2026 16:02:50.160,38555648,4.38,
2026-02-06T15:02:52.7204934Z,06-02-2026 16:02:50.160,38555648,4.38,
2026-02-06T15:02:52.7204934Z,06-02-2026 16:02:50.160,38555648,4.38,
2026-02-06T15:02:52.7204934Z,06-02-2026 16:02:50.160,38555648,4.44,
2026-02-06T15:02:52.7204934Z,06-02-2026 16:02:50.160,38555648,4.44,
2026-02-06T15:02:52.7204934Z,06-02-2026 16:02:50.160,38555648,4.44,
2026-02-06T15:02:52.7204934Z,06-02-2026 16:02:50.160,38555648,4.44,
2026-02-06T15:02:52.7204934Z,06-02-2026 16:02:50.160,38555648,4.38,
2026-02-06T15:02:52.7204934Z,06-02-2026 16:02:50.160,38555648,4.38,
2026-02-06T15:02:52.7204934Z,06-02-2026 16:02:50.160,38555648,4.38,
2026-02-06T15:02:52.7501416Z,06-02-2026 16:02:50.416,38557696,4.38,
2026-02-06T15:02:52.7501416Z,06-02-2026 16:02:50.416,38557696,4.38,
2026-02-06T15:02:52.7501416Z,06-02-2026 16:02:50.416,38557696,4.38,
2026-02-06T15:02:52.7501416Z,06-02-2026 16:02:50.416,38557696,4.38,
2026-02-06T15:02:52.7501416Z,06-02-2026 16:02:50.416,38557696,4.38,
2026-02-06T15:02:52.7501416Z,06-02-2026 16:02:50.416,38557696,4.38,
2026-02-06T15:02:52.7501416Z,06-02-2026 16:02:50.416,38557696,4.38,
2026-02-06T15:02:52.7501416Z,06-02-2026 16:02:50.416,38557696,4.38,
2026-02-06T15:02:52.7501416Z,06-02-2026 16:02:50.416,38557696,4.38,
2026-02-06T15:02:52.7501416Z,06-02-2026 16:02:50.416,38557696,4.38,
2026-02-06T15:02:52.7501416Z,06-02-2026 16:02:50.416,38557696,4.31,
2026-02-06T15:02:52.7501416Z,06-02-2026 16:02:50.416,38557696,4.31,
2026-02-06T15:02:52.7501416Z,06-02-2026 16:02:50.416,38557696,4.31,
2026-02-06T15:02:52.7501416Z,06-02-2026 16:02:50.416,38557696,4.31,
2026-02-06T15:02:52.7501416Z,06-02-2026 16:02:50.416,38557696,4.31,
2026-02-06T15:02:52.7501416Z,06-02-2026 16:02:50.416,38557696,4.31,
2026-02-06T15:02:52.7501416Z,06-02-2026 16:02:50.416,38557696,4.31,
2026-02-06T15:02:52.7501416Z,06-02-2026 16:02:50.416,38557696,4.38,
2026-02-06T15:02:52.7501416Z,06-02-2026 16:02:50.416,38557696,4.38,
2026-02-06T15:02:52.7501416Z,06-02-2026 16:02:50.416,38557696,4.38,
2026-02-06T15:02:52.7501416Z,06-02-2026 16:02:50.416,38557696,4.38,
2026-02-06T15:02:52.7501416Z,06-02-2026 16:02:50.416,38557696,4.38,
2026-02-06T15:02:52.7501416Z,06-02-2026 16:02:50.416,38557696,4.38,
2026-02-06T15:02:52.7501416Z,06-02-2026 16:02:50.416,38557696,4.38,
2026-02-06T15:02:52.7501416Z,06-02-2026 16:02:50.416,38557696,4.38,
2026-02-06T15:02:52.7501416Z,06-02-2026 16:02:50.416,38557696,4.38,
2026-02-06T15:02:52.7501416Z,06-02-2026 16:02:50.416,38557696,4.44,
2026-02-06T15:02:52.7501416Z,06-02-2026 16:02:50.416,38557696,4.44,
2026-02-06T15:02:52.7501416Z,06-02-2026 16:02:50.416,38557696,4.44,
2026-02-06T15:02:52.7501416Z,06-02-2026 16:02:50.416,38557696,4.44,
2026-02-06T15:02:52.7501416Z,06-02-2026 16:02:50.416,38557696,4.44,
2026-02-06T15:02:52.7501416Z,06-02-2026 16:02:50.416,38557696,4.38,
2026-02-06T15:02:53.7133192Z,06-02-2026 16:02:50.672,38559744,4.38,
2026-02-06T15:02:53.7133192Z,06-02-2026 16:02:50.672,38559744,4.38,
2026-02-06T15:02:53.7133192Z,06-02-2026 16:02:50.672,38559744,4.38,
2026-02-06T15:02:53.7133192Z,06-02-2026 16:02:50.672,38559744,4.38,
2026-02-06T15:02:53.7133192Z,06-02-2026 16:02:50.672,38559744,4.38,
2026-02-06T15:02:53.7133192Z,06-02-2026 16:02:50.672,38559744,4.38,
2026-02-06T15:02:53.7133192Z,06-02-2026 16:02:50.672,38559744,4.38,
2026-02-06T15:02:53.7133192Z,06-02-2026 16:02:50.672,38559744,4.38,
2026-02-06T15:02:53.7133192Z,06-02-2026 16:02:50.672,38559744,4.38,
2026-02-06T15:02:53.7133192Z,06-02-2026 16:02:50.672,38559744,4.38,
2026-02-06T15:02:53.7133192Z,06-02-2026 16:02:50.672,38559744,4.38,
2026-02-06T15:02:53.7133192Z,06-02-2026 16:02:50.672,38559744,4.38,
2026-02-06T15:02:53.7133192Z,06-02-2026 16:02:50.672,38559744,4.38,
2026-02-06T15:02:53.7133192Z,06-02-2026 16:02:50.672,38559744,4.38,
2026-02-06T15:02:53.7133192Z,06-02-2026 16:02:50.672,38559744,4.38,
2026-02-06T15:02:53.7133192Z,06-02-2026 16:02:50.672,38559744,4.38,
2026-02-06T15:02:53.7133192Z,06-02-2026 16:02:50.672,38559744,4.38,
2026-02-06T15:02:53.7133192Z,06-02-2026 16:02:50.672,38559744,4.38,
2026-02-06T15:02:53.7133192Z,06-02-2026 16:02:50.672,38559744,4.38,
2026-02-06T15:02:53.7133192Z,06-02-2026 16:02:50.672,38559744,4.31,
2026-02-06T15:02:53.7133192Z,06-02-2026 16:02:50.672,38559744,4.31,
2026-02-06T15:02:53.7133192Z,06-02-2026 16:02:50.672,38559744,4.38,
2026-02-06T15:02:53.7133192Z,06-02-2026 16:02:50.672,38559744,4.38,
2026-02-06T15:02:53.7133192Z,06-02-2026 16:02:50.672,38559744,4.44,
2026-02-06T15:02:53.7133192Z,06-02-2026 16:02:50.672,38559744,4.44,
2026-02-06T15:02:53.7133192Z,06-02-2026 16:02:50.672,38559744,4.44,
2026-02-06T15:02:53.7133192Z,06-02-2026 16:02:50.672,38559744,4.38,
2026-02-06T15:02:53.7133192Z,06-02-2026 16:02:50.672,38559744,4.38,
2026-02-06T15:02:53.7133192Z,06-02-2026 16:02:50.672,38559744,4.38,
2026-02-06T15:02:53.7133192Z,06-02-2026 16:02:50.672,38559744,4.38,
2026-02-06T15:02:53.7133192Z,06-02-2026 16:02:50.672,38559744,4.38,
2026-02-06T15:02:53.7133192Z,06-02-2026 16:02:50.672,38559744,4.38,
2026-02-06T15:02:53.7281447Z,06-02-2026 16:02:50.928,38561792,4.38,
2026-02-06T15:02:53.7281447Z,06-02-2026 16:02:50.928,38561792,4.38,
2026-02-06T15:02:53.7281447Z,06-02-2026 16:02:50.928,38561792,4.38,
2026-02-06T15:02:53.7281447Z,06-02-2026 16:02:50.928,38561792,4.44,
2026-02-06T15:02:53.7281447Z,06-02-2026 16:02:50.928,38561792,4.44,
2026-02-06T15:02:53.7281447Z,06-02-2026 16:02:50.928,38561792,4.44,
2026-02-06T15:02:53.7281447Z,06-02-2026 16:02:50.928,38561792,4.44,
2026-02-06T15:02:53.7281447Z,06-02-2026 16:02:50.928,38561792,4.38,
2026-02-06T15:02:53.7281447Z,06-02-2026 16:02:50.928,38561792,4.38,
2026-02-06T15:02:53.7281447Z,06-02-2026 16:02:50.928,38561792,4.44,
2026-02-06T15:02:53.7281447Z,06-02-2026 16:02:50.928,38561792,4.44,
2026-02-06T15:02:53.7281447Z,06-02-2026 16:02:50.928,38561792,4.44,
2026-02-06T15:02:53.7281447Z,06-02-2026 16:02:50.928,38561792,4.44,
2026-02-06T15:02:53.7281447Z,06-02-2026 16:02:50.928,38561792,4.44,
2026-02-06T15:02:53.7281447Z,06-02-2026 16:02:50.928,38561792,4.44,
2026-02-06T15:02:53.7281447Z,06-02-2026 16:02:50.928,38561792,4.38,
2026-02-06T15:02:53.7281447Z,06-02-2026 16:02:50.928,38561792,4.44,
2026-02-06T15:02:53.7281447Z,06-02-2026 16:02:50.928,38561792,4.44,
2026-02-06T15:02:53.7281447Z,06-02-2026 16:02:50.928,38561792,4.44,
2026-02-06T15:02:53.7281447Z,06-02-2026 16:02:50.928,38561792,4.44,
2026-02-06T15:02:53.7281447Z,06-02-2026 16:02:50.928,38561792,4.44,
2026-02-06T15:02:53.7281447Z,06-02-2026 16:02:50.928,38561792,4.44,
2026-02-06T15:02:53.7281447Z,06-02-2026 16:02:50.928,38561792,4.44,
2026-02-06T15:02:53.7281447Z,06-02-2026 16:02:50.928,38561792,4.44,
2026-02-06T15:02:53.7281447Z,06-02-2026 16:02:50.928,38561792,4.38,
2026-02-06T15:02:53.7281447Z,06-02-2026 16:02:50.928,38561792,4.38,
2026-02-06T15:02:53.7281447Z,06-02-2026 16:02:50.928,38561792,4.38,
2026-02-06T15:02:53.7281447Z,06-02-2026 16:02:50.928,38561792,4.44,
2026-02-06T15:02:53.7281447Z,06-02-2026 16:02:50.928,38561792,4.44,
2026-02-06T15:02:53.7281447Z,06-02-2026 16:02:50.928,38561792,4.44,
2026-02-06T15:02:53.7281447Z,06-02-2026 16:02:50.928,38561792,4.38,
2026-02-06T15:02:53.7281447Z,06-02-2026 16:02:50.928,38561792,4.38,
2026-02-06T15:02:53.7396088Z,06-02-2026 16:02:51.184,38563840,4.38,
2026-02-06T15:02:53.7396088Z,06-02-2026 16:02:51.184,38563840,4.38,
2026-02-06T15:02:53.7396088Z,06-02-2026 16:02:51.184,38563840,4.44,
2026-02-06T15:02:53.7396088Z,06-02-2026 16:02:51.184,38563840,4.44,
2026-02-06T15:02:53.7396088Z,06-02-2026 16:02:51.184,38563840,4.44,
2026-02-06T15:02:53.7396088Z,06-02-2026 16:02:51.184,38563840,4.44,
2026-02-06T15:02:53.7396088Z,06-02-2026 16:02:51.184,38563840,4.5,
2026-02-06T15:02:53.7396088Z,06-02-2026 16:02:51.184,38563840,4.44,
2026-02-06T15:02:53.7396088Z,06-02-2026 16:02:51.184,38563840,4.44,
2026-02-06T15:02:53.7396088Z,06-02-2026 16:02:51.184,38563840,4.44,
2026-02-06T15:02:53.7396088Z,06-02-2026 16:02:51.184,38563840,4.44,
2026-02-06T15:02:53.7396088Z,06-02-2026 16:02:51.184,38563840,4.44,
2026-02-06T15:02:53.7396088Z,06-02-2026 16:02:51.184,38563840,4.44,
2026-02-06T15:02:53.7396088Z,06-02-2026 16:02:51.184,38563840,4.38,
2026-02-06T15:02:53.7396088Z,06-02-2026 16:02:51.184,38563840,4.38,
2026-02-06T15:02:53.7396088Z,06-02-2026 16:02:51.184,38563840,4.38,
2026-02-06T15:02:53.7396088Z,06-02-2026 16:02:51.184,38563840,4.38,
2026-02-06T15:02:53.7396088Z,06-02-2026 16:02:51.184,38563840,4.38,
2026-02-06T15:02:53.7396088Z,06-02-2026 16:02:51.184,38563840,4.38,
2026-02-06T15:02:53.7396088Z,06-02-2026 16:02:51.184,38563840,4.38,
2026-02-06T15:02:53.7396088Z,06-02-2026 16:02:51.184,38563840,4.38,
2026-02-06T15:02:53.7396088Z,06-02-2026 16:02:51.184,38563840,4.44,
2026-02-06T15:02:53.7396088Z,06-02-2026 16:02:51.184,38563840,4.5,
2026-02-06T15:02:53.7396088Z,06-02-2026 16:02:51.184,38563840,4.5,
2026-02-06T15:02:53.7396088Z,06-02-2026 16:02:51.184,38563840,4.5,
2026-02-06T15:02:53.7396088Z,06-02-2026 16:02:51.184,38563840,4.44,
2026-02-06T15:02:53.7396088Z,06-02-2026 16:02:51.184,38563840,4.44,
2026-02-06T15:02:53.7396088Z,06-02-2026 16:02:51.184,38563840,4.44,
2026-02-06T15:02:53.7396088Z,06-02-2026 16:02:51.184,38563840,4.44,
2026-02-06T15:02:53.7396088Z,06-02-2026 16:02:51.184,38563840,4.38,
2026-02-06T15:02:53.7396088Z,06-02-2026 16:02:51.184,38563840,4.38,
2026-02-06T15:02:53.7396088Z,06-02-2026 16:02:51.184,38563840,4.38,
2026-02-06T15:02:53.7808825Z,06-02-2026 16:02:51.440,38565888,4.38,
2026-02-06T15:02:53.7808825Z,06-02-2026 16:02:51.440,38565888,4.44,
2026-02-06T15:02:53.7808825Z,06-02-2026 16:02:51.440,38565888,4.44,
2026-02-06T15:02:53.7808825Z,06-02-2026 16:02:51.440,38565888,4.5,
2026-02-06T15:02:53.7808825Z,06-02-2026 16:02:51.440,38565888,4.44,
2026-02-06T15:02:53.7808825Z,06-02-2026 16:02:51.440,38565888,4.44,
2026-02-06T15:02:53.7808825Z,06-02-2026 16:02:51.440,38565888,4.38,
2026-02-06T15:02:53.7808825Z,06-02-2026 16:02:51.440,38565888,4.38,
2026-02-06T15:02:53.7808825Z,06-02-2026 16:02:51.440,38565888,4.44,
2026-02-06T15:02:53.7808825Z,06-02-2026 16:02:51.440,38565888,4.44,
2026-02-06T15:02:53.7808825Z,06-02-2026 16:02:51.440,38565888,4.44,
2026-02-06T15:02:53.7808825Z,06-02-2026 16:02:51.440,38565888,4.44,
2026-02-06T15:02:53.7808825Z,06-02-2026 16:02:51.440,38565888,4.44,
2026-02-06T15:02:53.7808825Z,06-02-2026 16:02:51.440,38565888,4.38,
2026-02-06T15:02:53.7808825Z,06-02-2026 16:02:51.440,38565888,4.38,
2026-02-06T15:02:53.7808825Z,06-02-2026 16:02:51.440,38565888,4.38,
2026-02-06T15:02:53.7808825Z,06-02-2026 16:02:51.440,38565888,4.38,
2026-02-06T15:02:53.7808825Z,06-02-2026 16:02:51.440,38565888,4.38,
2026-02-06T15:02:53.7808825Z,06-02-2026 16:02:51.440,38565888,4.44,
2026-02-06T15:02:53.7808825Z,06-02-2026 16:02:51.440,38565888,4.44,
2026-02-06T15:02:53.7808825Z,06-02-2026 16:02:51.440,38565888,4.44,
2026-02-06T15:02:53.7808825Z,06-02-2026 16:02:51.440,38565888,4.44,
2026-02-06T15:02:53.7808825Z,06-02-2026 16:02:51.440,38565888,4.44,
2026-02-06T15:02:53.7808825Z,06-02-2026 16:02:51.440,38565888,4.44,
2026-02-06T15:02:53.7808825Z,06-02-2026 16:02:51.440,38565888,4.44,
2026-02-06T15:02:53.7808825Z,06-02-2026 16:02:51.440,38565888,4.38,
2026-02-06T15:02:53.7808825Z,06-02-2026 16:02:51.440,38565888,4.38,
2026-02-06T15:02:53.7808825Z,06-02-2026 16:02:51.440,38565888,4.31,
2026-02-06T15:02:53.7808825Z,06-02-2026 16:02:51.440,38565888,4.38,
2026-02-06T15:02:53.7808825Z,06-02-2026 16:02:51.440,38565888,4.38,
2026-02-06T15:02:53.7808825Z,06-02-2026 16:02:51.440,38565888,4.38,
2026-02-06T15:02:53.7808825Z,06-02-2026 16:02:51.440,38565888,4.44,
2026-02-06T15:02:54.7366039Z,06-02-2026 16:02:51.696,38567936,4.44,
2026-02-06T15:02:54.7366039Z,06-02-2026 16:02:51.696,38567936,4.38,
2026-02-06T15:02:54.7366039Z,06-02-2026 16:02:51.696,38567936,4.38,
2026-02-06T15:02:54.7366039Z,06-02-2026 16:02:51.696,38567936,4.38,
2026-02-06T15:02:54.7366039Z,06-02-2026 16:02:51.696,38567936,4.38,
2026-02-06T15:02:54.7366039Z,06-02-2026 16:02:51.696,38567936,4.38,
2026-02-06T15:02:54.7366039Z,06-02-2026 16:02:51.696,38567936,4.44,
2026-02-06T15:02:54.7366039Z,06-02-2026 16:02:51.696,38567936,4.44,
2026-02-06T15:02:54.7366039Z,06-02-2026 16:02:51.696,38567936,4.44,
2026-02-06T15:02:54.7366039Z,06-02-2026 16:02:51.696,38567936,4.44,
2026-02-06T15:02:54.7366039Z,06-02-2026 16:02:51.696,38567936,4.44,
2026-02-06T15:02:54.7366039Z,06-02-2026 16:02:51.696,38567936,4.44,
2026-02-06T15:02:54.7366039Z,06-02-2026 16:02:51.696,38567936,4.44,
2026-02-06T15:02:54.7366039Z,06-02-2026 16:02:51.696,38567936,4.38,
2026-02-06T15:02:54.7366039Z,06-02-2026 16:02:51.696,38567936,4.38,
2026-02-06T15:02:54.7366039Z,06-02-2026 16:02:51.696,38567936,4.38,
2026-02-06T15:02:54.7366039Z,06-02-2026 16:02:51.696,38567936,4.38,
2026-02-06T15:02:54.7366039Z,06-02-2026 16:02:51.696,38567936,4.38,
2026-02-06T15:02:54.7366039Z,06-02-2026 16:02:51.696,38567936,4.38,
2026-02-06T15:02:54.7366039Z,06-02-2026 16:02:51.696,38567936,4.44,
2026-02-06T15:02:54.7366039Z,06-02-2026 16:02:51.696,38567936,4.44,
2026-02-06T15:02:54.7366039Z,06-02-2026 16:02:51.696,38567936,4.44,
2026-02-06T15:02:54.7366039Z,06-02-2026 16:02:51.696,38567936,4.44,
2026-02-06T15:02:54.7366039Z,06-02-2026 16:02:51.696,38567936,4.38,
2026-02-06T15:02:54.7366039Z,06-02-2026 16:02:51.696,38567936,4.38,
2026-02-06T15:02:54.7366039Z,06-02-2026 16:02:51.696,38567936,4.44,
2026-02-06T15:02:54.7366039Z,06-02-2026 16:02:51.696,38567936,4.44,
2026-02-06T15:02:54.7366039Z,06-02-2026 16:02:51.696,38567936,4.44,
2026-02-06T15:02:54.7366039Z,06-02-2026 16:02:51.696,38567936,4.44,
2026-02-06T15:02:54.7366039Z,06-02-2026 16:02:51.696,38567936,4.44,
2026-02-06T15:02:54.7366039Z,06-02-2026 16:02:51.696,38567936,4.44,
2026-02-06T15:02:54.7366039Z,06-02-2026 16:02:51.696,38567936,4.5,
2026-02-06T15:02:54.7610662Z,06-02-2026 16:02:51.952,38569984,4.5,
2026-02-06T15:02:54.7610662Z,06-02-2026 16:02:51.952,38569984,4.44,
2026-02-06T15:02:54.7610662Z,06-02-2026 16:02:51.952,38569984,4.44,
2026-02-06T15:02:54.7610662Z,06-02-2026 16:02:51.952,38569984,4.5,
2026-02-06T15:02:54.7610662Z,06-02-2026 16:02:51.952,38569984,4.5,
2026-02-06T15:02:54.7610662Z,06-02-2026 16:02:51.952,38569984,4.5,
2026-02-06T15:02:54.7610662Z,06-02-2026 16:02:51.952,38569984,4.5,
2026-02-06T15:02:54.7610662Z,06-02-2026 16:02:51.952,38569984,4.44,
2026-02-06T15:02:54.7610662Z,06-02-2026 16:02:51.952,38569984,4.44,
2026-02-06T15:02:54.7610662Z,06-02-2026 16:02:51.952,38569984,4.44,
2026-02-06T15:02:54.7610662Z,06-02-2026 16:02:51.952,38569984,4.44,
2026-02-06T15:02:54.7610662Z,06-02-2026 16:02:51.952,38569984,4.38,
2026-02-06T15:02:54.7610662Z,06-02-2026 16:02:51.952,38569984,4.38,
2026-02-06T15:02:54.7610662Z,06-02-2026 16:02:51.952,38569984,4.44,
2026-02-06T15:02:54.7610662Z,06-02-2026 16:02:51.952,38569984,4.44,
2026-02-06T15:02:54.7610662Z,06-02-2026 16:02:51.952,38569984,4.44,
2026-02-06T15:02:54.7610662Z,06-02-2026 16:02:51.952,38569984,4.44,
2026-02-06T15:02:54.7610662Z,06-02-2026 16:02:51.952,38569984,4.38,
2026-02-06T15:02:54.7610662Z,06-02-2026 16:02:51.952,38569984,4.38,
2026-02-06T15:02:54.7610662Z,06-02-2026 16:02:51.952,38569984,4.38,
2026-02-06T15:02:54.7610662Z,06-02-2026 16:02:51.952,38569984,4.38,
2026-02-06T15:02:54.7610662Z,06-02-2026 16:02:51.952,38569984,4.38,
2026-02-06T15:02:54.7610662Z,06-02-2026 16:02:51.952,38569984,4.38,
2026-02-06T15:02:54.7610662Z,06-02-2026 16:02:51.952,38569984,4.38,
2026-02-06T15:02:54.7610662Z,06-02-2026 16:02:51.952,38569984,4.38,
2026-02-06T15:02:54.7610662Z,06-02-2026 16:02:51.952,38569984,4.38,
2026-02-06T15:02:54.7610662Z,06-02-2026 16:02:51.952,38569984,4.38,
2026-02-06T15:02:54.7610662Z,06-02-2026 16:02:51.952,38569984,4.38,
2026-02-06T15:02:54.7610662Z,06-02-2026 16:02:51.952,38569984,4.38,
2026-02-06T15:02:54.7610662Z,06-02-2026 16:02:51.952,38569984,4.44,
2026-02-06T15:02:54.7610662Z,06-02-2026 16:02:51.952,38569984,4.44,
2026-02-06T15:02:54.7610662Z,06-02-2026 16:02:51.952,38569984,4.44,
2026-02-06T15:02:54.7728131Z,06-02-2026 16:02:52.208,38572032,4.44,
2026-02-06T15:02:54.7728131Z,06-02-2026 16:02:52.208,38572032,4.44,
2026-02-06T15:02:54.7728131Z,06-02-2026 16:02:52.208,38572032,4.44,
2026-02-06T15:02:54.7728131Z,06-02-2026 16:02:52.208,38572032,4.44,
2026-02-06T15:02:54.7728131Z,06-02-2026 16:02:52.208,38572032,4.44,
2026-02-06T15:02:54.7728131Z,06-02-2026 16:02:52.208,38572032,4.44,
2026-02-06T15:02:54.7728131Z,06-02-2026 16:02:52.208,38572032,4.44,
2026-02-06T15:02:54.7728131Z,06-02-2026 16:02:52.208,38572032,4.5,
2026-02-06T15:02:54.7728131Z,06-02-2026 16:02:52.208,38572032,4.44,
2026-02-06T15:02:54.7728131Z,06-02-2026 16:02:52.208,38572032,4.44,
2026-02-06T15:02:54.7728131Z,06-02-2026 16:02:52.208,38572032,4.38,
2026-02-06T15:02:54.7728131Z,06-02-2026 16:02:52.208,38572032,4.38,
2026-02-06T15:02:54.7728131Z,06-02-2026 16:02:52.208,38572032,4.38,
2026-02-06T15:02:54.7728131Z,06-02-2026 16:02:52.208,38572032,4.44,
2026-02-06T15:02:54.7728131Z,06-02-2026 16:02:52.208,38572032,4.44,
2026-02-06T15:02:54.7728131Z,06-02-2026 16:02:52.208,38572032,4.38,
2026-02-06T15:02:54.7728131Z,06-02-2026 16:02:52.208,38572032,4.44,
2026-02-06T15:02:54.7728131Z,06-02-2026 16:02:52.208,38572032,4.44,
2026-02-06T15:02:54.7728131Z,06-02-2026 16:02:52.208,38572032,4.38,
2026-02-06T15:02:54.7728131Z,06-02-2026 16:02:52.208,38572032,4.38,
2026-02-06T15:02:54.7728131Z,06-02-2026 16:02:52.208,38572032,4.38,
2026-02-06T15:02:54.7728131Z,06-02-2026 16:02:52.208,38572032,4.44,
2026-02-06T15:02:54.7728131Z,06-02-2026 16:02:52.208,38572032,4.44,
2026-02-06T15:02:54.7728131Z,06-02-2026 16:02:52.208,38572032,4.44,
2026-02-06T15:02:54.7728131Z,06-02-2026 16:02:52.208,38572032,4.38,
2026-02-06T15:02:54.7728131Z,06-02-2026 16:02:52.208,38572032,4.38,
2026-02-06T15:02:54.7728131Z,06-02-2026 16:02:52.208,38572032,4.38,
2026-02-06T15:02:54.7728131Z,06-02-2026 16:02:52.208,38572032,4.44,
2026-02-06T15:02:54.7728131Z,06-02-2026 16:02:52.208,38572032,4.38,
2026-02-06T15:02:54.7728131Z,06-02-2026 16:02:52.208,38572032,4.38,
2026-02-06T15:02:54.7728131Z,06-02-2026 16:02:52.208,38572032,4.38,
2026-02-06T15:02:54.7728131Z,06-02-2026 16:02:52.208,38572032,4.44,
2026-02-06T15:02:54.8110819Z,06-02-2026 16:02:52.464,38574080,4.44,
2026-02-06T15:02:54.8110819Z,06-02-2026 16:02:52.464,38574080,4.38,
2026-02-06T15:02:54.8110819Z,06-02-2026 16:02:52.464,38574080,4.38,
2026-02-06T15:02:54.8110819Z,06-02-2026 16:02:52.464,38574080,4.38,
2026-02-06T15:02:54.8110819Z,06-02-2026 16:02:52.464,38574080,4.38,
2026-02-06T15:02:54.8110819Z,06-02-2026 16:02:52.464,38574080,4.38,
2026-02-06T15:02:54.8110819Z,06-02-2026 16:02:52.464,38574080,4.38,
2026-02-06T15:02:54.8110819Z,06-02-2026 16:02:52.464,38574080,4.38,
2026-02-06T15:02:54.8110819Z,06-02-2026 16:02:52.464,38574080,4.38,
2026-02-06T15:02:54.8110819Z,06-02-2026 16:02:52.464,38574080,4.38,
2026-02-06T15:02:54.8110819Z,06-02-2026 16:02:52.464,38574080,4.38,
2026-02-06T15:02:54.8110819Z,06-02-2026 16:02:52.464,38574080,4.38,
2026-02-06T15:02:54.8110819Z,06-02-2026 16:02:52.464,38574080,4.31,
2026-02-06T15:02:54.8110819Z,06-02-2026 16:02:52.464,38574080,4.38,
2026-02-06T15:02:54.8110819Z,06-02-2026 16:02:52.464,38574080,4.38,
2026-02-06T15:02:54.8110819Z,06-02-2026 16:02:52.464,38574080,4.38,
2026-02-06T15:02:54.8110819Z,06-02-2026 16:02:52.464,38574080,4.38,
2026-02-06T15:02:54.8110819Z,06-02-2026 16:02:52.464,38574080,4.38,
2026-02-06T15:02:54.8110819Z,06-02-2026 16:02:52.464,38574080,4.31,
2026-02-06T15:02:54.8110819Z,06-02-2026 16:02:52.464,38574080,4.31,
2026-02-06T15:02:54.8110819Z,06-02-2026 16:02:52.464,38574080,4.31,
2026-02-06T15:02:54.8110819Z,06-02-2026 16:02:52.464,38574080,4.31,
2026-02-06T15:02:54.8110819Z,06-02-2026 16:02:52.464,38574080,4.31,
2026-02-06T15:02:54.8110819Z,06-02-2026 16:02:52.464,38574080,4.31,
2026-02-06T15:02:54.8110819Z,06-02-2026 16:02:52.464,38574080,4.31,
2026-02-06T15:02:54.8110819Z,06-02-2026 16:02:52.464,38574080,4.31,
2026-02-06T15:02:54.8110819Z,06-02-2026 16:02:52.464,38574080,4.31,
2026-02-06T15:02:54.8110819Z,06-02-2026 16:02:52.464,38574080,4.31,
2026-02-06T15:02:54.8110819Z,06-02-2026 16:02:52.464,38574080,4.38,
2026-02-06T15:02:54.8110819Z,06-02-2026 16:02:52.464,38574080,4.38,
2026-02-06T15:02:54.8110819Z,06-02-2026 16:02:52.464,38574080,4.38,
2026-02-06T15:02:54.8110819Z,06-02-2026 16:02:52.464,38574080,4.38,
2026-02-06T15:02:55.7614637Z,06-02-2026 16:02:52.720,38576128,4.38,
2026-02-06T15:02:55.7614637Z,06-02-2026 16:02:52.720,38576128,4.38,
2026-02-06T15:02:55.7614637Z,06-02-2026 16:02:52.720,38576128,4.31,
2026-02-06T15:02:55.7614637Z,06-02-2026 16:02:52.720,38576128,4.31,
2026-02-06T15:02:55.7614637Z,06-02-2026 16:02:52.720,38576128,4.38,
2026-02-06T15:02:55.7614637Z,06-02-2026 16:02:52.720,38576128,4.38,
2026-02-06T15:02:55.7614637Z,06-02-2026 16:02:52.720,38576128,4.38,
2026-02-06T15:02:55.7614637Z,06-02-2026 16:02:52.720,38576128,4.38,
2026-02-06T15:02:55.7614637Z,06-02-2026 16:02:52.720,38576128,4.38,
2026-02-06T15:02:55.7614637Z,06-02-2026 16:02:52.720,38576128,4.38,
2026-02-06T15:02:55.7614637Z,06-02-2026 16:02:52.720,38576128,4.38,
2026-02-06T15:02:55.7614637Z,06-02-2026 16:02:52.720,38576128,4.38,
2026-02-06T15:02:55.7614637Z,06-02-2026 16:02:52.720,38576128,4.38,
2026-02-06T15:02:55.7614637Z,06-02-2026 16:02:52.720,38576128,4.38,
2026-02-06T15:02:55.7614637Z,06-02-2026 16:02:52.720,38576128,4.38,
2026-02-06T15:02:55.7614637Z,06-02-2026 16:02:52.720,38576128,4.38,
2026-02-06T15:02:55.7614637Z,06-02-2026 16:02:52.720,38576128,4.38,
2026-02-06T15:02:55.7614637Z,06-02-2026 16:02:52.720,38576128,4.44,
2026-02-06T15:02:55.7614637Z,06-02-2026 16:02:52.720,38576128,4.44,
2026-02-06T15:02:55.7614637Z,06-02-2026 16:02:52.720,38576128,4.44,
2026-02-06T15:02:55.7614637Z,06-02-2026 16:02:52.720,38576128,4.44,
2026-02-06T15:02:55.7614637Z,06-02-2026 16:02:52.720,38576128,4.44,
2026-02-06T15:02:55.7614637Z,06-02-2026 16:02:52.720,38576128,4.44,
2026-02-06T15:02:55.7614637Z,06-02-2026 16:02:52.720,38576128,4.44,
2026-02-06T15:02:55.7614637Z,06-02-2026 16:02:52.720,38576128,4.38,
2026-02-06T15:02:55.7614637Z,06-02-2026 16:02:52.720,38576128,4.38,
2026-02-06T15:02:55.7614637Z,06-02-2026 16:02:52.720,38576128,4.38,
2026-02-06T15:02:55.7614637Z,06-02-2026 16:02:52.720,38576128,4.31,
2026-02-06T15:02:55.7614637Z,06-02-2026 16:02:52.720,38576128,4.31,
2026-02-06T15:02:55.7614637Z,06-02-2026 16:02:52.720,38576128,4.38,
2026-02-06T15:02:55.7614637Z,06-02-2026 16:02:52.720,38576128,4.38,
2026-02-06T15:02:55.7614637Z,06-02-2026 16:02:52.720,38576128,4.38,
2026-02-06T15:02:55.7804578Z,06-02-2026 16:02:52.976,38578176,4.38,
2026-02-06T15:02:55.7804578Z,06-02-2026 16:02:52.976,38578176,4.38,
2026-02-06T15:02:55.7804578Z,06-02-2026 16:02:52.976,38578176,4.38,
2026-02-06T15:02:55.7804578Z,06-02-2026 16:02:52.976,38578176,4.38,
2026-02-06T15:02:55.7804578Z,06-02-2026 16:02:52.976,38578176,4.38,
2026-02-06T15:02:55.7804578Z,06-02-2026 16:02:52.976,38578176,4.38,
2026-02-06T15:02:55.7804578Z,06-02-2026 16:02:52.976,38578176,4.38,
2026-02-06T15:02:55.7804578Z,06-02-2026 16:02:52.976,38578176,4.38,
2026-02-06T15:02:55.7804578Z,06-02-2026 16:02:52.976,38578176,4.38,
2026-02-06T15:02:55.7804578Z,06-02-2026 16:02:52.976,38578176,4.38,
2026-02-06T15:02:55.7804578Z,06-02-2026 16:02:52.976,38578176,4.44,
2026-02-06T15:02:55.7804578Z,06-02-2026 16:02:52.976,38578176,4.44,
2026-02-06T15:02:55.7804578Z,06-02-2026 16:02:52.976,38578176,4.44,
2026-02-06T15:02:55.7804578Z,06-02-2026 16:02:52.976,38578176,4.44,
2026-02-06T15:02:55.7804578Z,06-02-2026 16:02:52.976,38578176,4.44,
2026-02-06T15:02:55.7804578Z,06-02-2026 16:02:52.976,38578176,4.44,
2026-02-06T15:02:55.7804578Z,06-02-2026 16:02:52.976,38578176,4.44,
2026-02-06T15:02:55.7804578Z,06-02-2026 16:02:52.976,38578176,4.44,
2026-02-06T15:02:55.7804578Z,06-02-2026 16:02:52.976,38578176,4.44,
2026-02-06T15:02:55.7804578Z,06-02-2026 16:02:52.976,38578176,4.38,
2026-02-06T15:02:55.7804578Z,06-02-2026 16:02:52.976,38578176,4.38,
2026-02-06T15:02:55.7804578Z,06-02-2026 16:02:52.976,38578176,4.38,
2026-02-06T15:02:55.7804578Z,06-02-2026 16:02:52.976,38578176,4.38,
2026-02-06T15:02:55.7804578Z,06-02-2026 16:02:52.976,38578176,4.44,
2026-02-06T15:02:55.7804578Z,06-02-2026 16:02:52.976,38578176,4.44,
2026-02-06T15:02:55.7804578Z,06-02-2026 16:02:52.976,38578176,4.44,
2026-02-06T15:02:55.7804578Z,06-02-2026 16:02:52.976,38578176,4.44,
2026-02-06T15:02:55.7804578Z,06-02-2026 16:02:52.976,38578176,4.44,
2026-02-06T15:02:55.7804578Z,06-02-2026 16:02:52.976,38578176,4.44,
2026-02-06T15:02:55.7804578Z,06-02-2026 16:02:52.976,38578176,4.44,
2026-02-06T15:02:55.7804578Z,06-02-2026 16:02:52.976,38578176,4.44,
2026-02-06T15:02:55.7804578Z,06-02-2026 16:02:52.976,38578176,4.44,
2026-02-06T15:02:55.7918720Z,06-02-2026 16:02:53.232,38580224,4.44,
2026-02-06T15:02:55.7918720Z,06-02-2026 16:02:53.232,38580224,4.44,
2026-02-06T15:02:55.7918720Z,06-02-2026 16:02:53.232,38580224,4.44,
2026-02-06T15:02:55.7918720Z,06-02-2026 16:02:53.232,38580224,4.44,
2026-02-06T15:02:55.7918720Z,06-02-2026 16:02:53.232,38580224,4.44,
2026-02-06T15:02:55.7918720Z,06-02-2026 16:02:53.232,38580224,4.44,
2026-02-06T15:02:55.7918720Z,06-02-2026 16:02:53.232,38580224,4.44,
2026-02-06T15:02:55.7918720Z,06-02-2026 16:02:53.232,38580224,4.38,
2026-02-06T15:02:55.7918720Z,06-02-2026 16:02:53.232,38580224,4.38,
2026-02-06T15:02:55.7918720Z,06-02-2026 16:02:53.232,38580224,4.38,
2026-02-06T15:02:55.7918720Z,06-02-2026 16:02:53.232,38580224,4.38,
2026-02-06T15:02:55.7918720Z,06-02-2026 16:02:53.232,38580224,4.38,
2026-02-06T15:02:55.7918720Z,06-02-2026 16:02:53.232,38580224,4.38,
2026-02-06T15:02:55.7918720Z,06-02-2026 16:02:53.232,38580224,4.44,
2026-02-06T15:02:55.7918720Z,06-02-2026 16:02:53.232,38580224,4.44,
2026-02-06T15:02:55.7918720Z,06-02-2026 16:02:53.232,38580224,4.38,
2026-02-06T15:02:55.7918720Z,06-02-2026 16:02:53.232,38580224,4.38,
2026-02-06T15:02:55.7918720Z,06-02-2026 16:02:53.232,38580224,4.38,
2026-02-06T15:02:55.7918720Z,06-02-2026 16:02:53.232,38580224,4.44,
2026-02-06T15:02:55.7918720Z,06-02-2026 16:02:53.232,38580224,4.44,
2026-02-06T15:02:55.7918720Z,06-02-2026 16:02:53.232,38580224,4.44,
2026-02-06T15:02:55.7918720Z,06-02-2026 16:02:53.232,38580224,4.44,
2026-02-06T15:02:55.7918720Z,06-02-2026 16:02:53.232,38580224,4.44,
2026-02-06T15:02:55.7918720Z,06-02-2026 16:02:53.232,38580224,4.44,
2026-02-06T15:02:55.7918720Z,06-02-2026 16:02:53.232,38580224,4.44,
2026-02-06T15:02:55.7918720Z,06-02-2026 16:02:53.232,38580224,4.44,
2026-02-06T15:02:55.7918720Z,06-02-2026 16:02:53.232,38580224,4.44,
2026-02-06T15:02:55.7918720Z,06-02-2026 16:02:53.232,38580224,4.44,
2026-02-06T15:02:55.7918720Z,06-02-2026 16:02:53.232,38580224,4.44,
2026-02-06T15:02:55.7918720Z,06-02-2026 16:02:53.232,38580224,4.5,
2026-02-06T15:02:55.7918720Z,06-02-2026 16:02:53.232,38580224,4.44,
2026-02-06T15:02:55.7918720Z,06-02-2026 16:02:53.232,38580224,4.44,
2026-02-06T15:02:55.8211553Z,06-02-2026 16:02:53.488,38582272,4.44,
2026-02-06T15:02:55.8211553Z,06-02-2026 16:02:53.488,38582272,4.44,
2026-02-06T15:02:55.8211553Z,06-02-2026 16:02:53.488,38582272,4.44,
2026-02-06T15:02:55.8211553Z,06-02-2026 16:02:53.488,38582272,4.44,
2026-02-06T15:02:55.8211553Z,06-02-2026 16:02:53.488,38582272,4.44,
2026-02-06T15:02:55.8211553Z,06-02-2026 16:02:53.488,38582272,4.44,
2026-02-06T15:02:55.8211553Z,06-02-2026 16:02:53.488,38582272,4.44,
2026-02-06T15:02:55.8211553Z,06-02-2026 16:02:53.488,38582272,4.44,
2026-02-06T15:02:55.8211553Z,06-02-2026 16:02:53.488,38582272,4.44,
2026-02-06T15:02:55.8211553Z,06-02-2026 16:02:53.488,38582272,4.44,
2026-02-06T15:02:55.8211553Z,06-02-2026 16:02:53.488,38582272,4.44,
2026-02-06T15:02:55.8211553Z,06-02-2026 16:02:53.488,38582272,4.38,
2026-02-06T15:02:55.8211553Z,06-02-2026 16:02:53.488,38582272,4.38,
2026-02-06T15:02:55.8211553Z,06-02-2026 16:02:53.488,38582272,4.38,
2026-02-06T15:02:55.8211553Z,06-02-2026 16:02:53.488,38582272,4.38,
2026-02-06T15:02:55.8211553Z,06-02-2026 16:02:53.488,38582272,4.31,
2026-02-06T15:02:55.8211553Z,06-02-2026 16:02:53.488,38582272,4.31,
2026-02-06T15:02:55.8211553Z,06-02-2026 16:02:53.488,38582272,4.38,
2026-02-06T15:02:55.8211553Z,06-02-2026 16:02:53.488,38582272,4.38,
2026-02-06T15:02:55.8211553Z,06-02-2026 16:02:53.488,38582272,4.44,
2026-02-06T15:02:55.8211553Z,06-02-2026 16:02:53.488,38582272,4.44,
2026-02-06T15:02:55.8211553Z,06-02-2026 16:02:53.488,38582272,4.44,
2026-02-06T15:02:55.8211553Z,06-02-2026 16:02:53.488,38582272,4.44,
2026-02-06T15:02:55.8211553Z,06-02-2026 16:02:53.488,38582272,4.44,
2026-02-06T15:02:55.8211553Z,06-02-2026 16:02:53.488,38582272,4.38,
2026-02-06T15:02:55.8211553Z,06-02-2026 16:02:53.488,38582272,4.38,
2026-02-06T15:02:55.8211553Z,06-02-2026 16:02:53.488,38582272,4.38,
2026-02-06T15:02:55.8211553Z,06-02-2026 16:02:53.488,38582272,4.38,
2026-02-06T15:02:55.8211553Z,06-02-2026 16:02:53.488,38582272,4.38,
2026-02-06T15:02:55.8211553Z,06-02-2026 16:02:53.488,38582272,4.38,
2026-02-06T15:02:55.8211553Z,06-02-2026 16:02:53.488,38582272,4.38,
2026-02-06T15:02:55.8211553Z,06-02-2026 16:02:53.488,38582272,4.38,
2026-02-06T15:02:56.7871025Z,06-02-2026 16:02:53.744,38584320,4.38,
2026-02-06T15:02:56.7871025Z,06-02-2026 16:02:53.744,38584320,4.38,
2026-02-06T15:02:56.7871025Z,06-02-2026 16:02:53.744,38584320,4.38,
2026-02-06T15:02:56.7871025Z,06-02-2026 16:02:53.744,38584320,4.38,
2026-02-06T15:02:56.7871025Z,06-02-2026 16:02:53.744,38584320,4.31,
2026-02-06T15:02:56.7871025Z,06-02-2026 16:02:53.744,38584320,4.31,
2026-02-06T15:02:56.7871025Z,06-02-2026 16:02:53.744,38584320,4.31,
2026-02-06T15:02:56.7871025Z,06-02-2026 16:02:53.744,38584320,4.38,
2026-02-06T15:02:56.7871025Z,06-02-2026 16:02:53.744,38584320,4.38,
2026-02-06T15:02:56.7871025Z,06-02-2026 16:02:53.744,38584320,4.38,
2026-02-06T15:02:56.7871025Z,06-02-2026 16:02:53.744,38584320,4.44,
2026-02-06T15:02:56.7871025Z,06-02-2026 16:02:53.744,38584320,4.44,
2026-02-06T15:02:56.7871025Z,06-02-2026 16:02:53.744,38584320,4.44,
2026-02-06T15:02:56.7871025Z,06-02-2026 16:02:53.744,38584320,4.44,
2026-02-06T15:02:56.7871025Z,06-02-2026 16:02:53.744,38584320,4.44,
2026-02-06T15:02:56.7871025Z,06-02-2026 16:02:53.744,38584320,4.44,
2026-02-06T15:02:56.7871025Z,06-02-2026 16:02:53.744,38584320,4.44,
2026-02-06T15:02:56.7871025Z,06-02-2026 16:02:53.744,38584320,4.38,
2026-02-06T15:02:56.7871025Z,06-02-2026 16:02:53.744,38584320,4.38,
2026-02-06T15:02:56.7871025Z,06-02-2026 16:02:53.744,38584320,4.44,
2026-02-06T15:02:56.7871025Z,06-02-2026 16:02:53.744,38584320,4.44,
2026-02-06T15:02:56.7871025Z,06-02-2026 16:02:53.744,38584320,4.44,
2026-02-06T15:02:56.7871025Z,06-02-2026 16:02:53.744,38584320,4.44,
2026-02-06T15:02:56.7871025Z,06-02-2026 16:02:53.744,38584320,4.44,
2026-02-06T15:02:56.7871025Z,06-02-2026 16:02:53.744,38584320,4.44,
2026-02-06T15:02:56.7871025Z,06-02-2026 16:02:53.744,38584320,4.44,
2026-02-06T15:02:56.7871025Z,06-02-2026 16:02:53.744,38584320,4.44,
2026-02-06T15:02:56.7871025Z,06-02-2026 16:02:53.744,38584320,4.38,
2026-02-06T15:02:56.7871025Z,06-02-2026 16:02:53.744,38584320,4.38,
2026-02-06T15:02:56.7871025Z,06-02-2026 16:02:53.744,38584320,4.38,
2026-02-06T15:02:56.7871025Z,06-02-2026 16:02:53.744,38584320,4.38,
2026-02-06T15:02:56.7871025Z,06-02-2026 16:02:53.744,38584320,4.44,
2026-02-06T15:02:56.7982729Z,06-02-2026 16:02:54.000,38586368,4.5,
2026-02-06T15:02:56.7982729Z,06-02-2026 16:02:54.000,38586368,4.5,
2026-02-06T15:02:56.7982729Z,06-02-2026 16:02:54.000,38586368,4.44,
2026-02-06T15:02:56.7982729Z,06-02-2026 16:02:54.000,38586368,4.44,
2026-02-06T15:02:56.7982729Z,06-02-2026 16:02:54.000,38586368,4.44,
2026-02-06T15:02:56.7982729Z,06-02-2026 16:02:54.000,38586368,4.44,
2026-02-06T15:02:56.7982729Z,06-02-2026 16:02:54.000,38586368,4.44,
2026-02-06T15:02:56.7982729Z,06-02-2026 16:02:54.000,38586368,4.44,
2026-02-06T15:02:56.7982729Z,06-02-2026 16:02:54.000,38586368,4.44,
2026-02-06T15:02:56.7982729Z,06-02-2026 16:02:54.000,38586368,4.44,
2026-02-06T15:02:56.7982729Z,06-02-2026 16:02:54.000,38586368,4.44,
2026-02-06T15:02:56.7982729Z,06-02-2026 16:02:54.000,38586368,4.44,
2026-02-06T15:02:56.7982729Z,06-02-2026 16:02:54.000,38586368,4.44,
2026-02-06T15:02:56.7982729Z,06-02-2026 16:02:54.000,38586368,4.44,
2026-02-06T15:02:56.7982729Z,06-02-2026 16:02:54.000,38586368,4.44,
2026-02-06T15:02:56.7982729Z,06-02-2026 16:02:54.000,38586368,4.44,
2026-02-06T15:02:56.7982729Z,06-02-2026 16:02:54.000,38586368,4.44,
2026-02-06T15:02:56.7982729Z,06-02-2026 16:02:54.000,38586368,4.44,
2026-02-06T15:02:56.7982729Z,06-02-2026 16:02:54.000,38586368,4.5,
2026-02-06T15:02:56.7982729Z,06-02-2026 16:02:54.000,38586368,4.44,
2026-02-06T15:02:56.7982729Z,06-02-2026 16:02:54.000,38586368,4.44,
2026-02-06T15:02:56.7982729Z,06-02-2026 16:02:54.000,38586368,4.44,
2026-02-06T15:02:56.7982729Z,06-02-2026 16:02:54.000,38586368,4.44,
2026-02-06T15:02:56.7982729Z,06-02-2026 16:02:54.000,38586368,4.44,
2026-02-06T15:02:56.7982729Z,06-02-2026 16:02:54.000,38586368,4.44,
2026-02-06T15:02:56.7982729Z,06-02-2026 16:02:54.000,38586368,4.44,
2026-02-06T15:02:56.7982729Z,06-02-2026 16:02:54.000,38586368,4.44,
2026-02-06T15:02:56.7982729Z,06-02-2026 16:02:54.000,38586368,4.44,
2026-02-06T15:02:56.7982729Z,06-02-2026 16:02:54.000,38586368,4.44,
2026-02-06T15:02:56.7982729Z,06-02-2026 16:02:54.000,38586368,4.44,
2026-02-06T15:02:56.7982729Z,06-02-2026 16:02:54.000,38586368,4.44,
2026-02-06T15:02:56.7982729Z,06-02-2026 16:02:54.000,38586368,4.44,
2026-02-06T15:02:56.8130843Z,06-02-2026 16:02:54.256,38588416,4.44,
2026-02-06T15:02:56.8130843Z,06-02-2026 16:02:54.256,38588416,4.44,
2026-02-06T15:02:56.8130843Z,06-02-2026 16:02:54.256,38588416,4.44,
2026-02-06T15:02:56.8130843Z,06-02-2026 16:02:54.256,38588416,4.44,
2026-02-06T15:02:56.8130843Z,06-02-2026 16:02:54.256,38588416,4.44,
2026-02-06T15:02:56.8130843Z,06-02-2026 16:02:54.256,38588416,4.38,
2026-02-06T15:02:56.8130843Z,06-02-2026 16:02:54.256,38588416,4.38,
2026-02-06T15:02:56.8130843Z,06-02-2026 16:02:54.256,38588416,4.38,
2026-02-06T15:02:56.8130843Z,06-02-2026 16:02:54.256,38588416,4.38,
2026-02-06T15:02:56.8130843Z,06-02-2026 16:02:54.256,38588416,4.38,
2026-02-06T15:02:56.8130843Z,06-02-2026 16:02:54.256,38588416,4.38,
2026-02-06T15:02:56.8130843Z,06-02-2026 16:02:54.256,38588416,4.38,
2026-02-06T15:02:56.8130843Z,06-02-2026 16:02:54.256,38588416,4.44,
2026-02-06T15:02:56.8130843Z,06-02-2026 16:02:54.256,38588416,4.38,
2026-02-06T15:02:56.8130843Z,06-02-2026 16:02:54.256,38588416,4.38,
2026-02-06T15:02:56.8130843Z,06-02-2026 16:02:54.256,38588416,4.38,
2026-02-06T15:02:56.8130843Z,06-02-2026 16:02:54.256,38588416,4.38,
2026-02-06T15:02:56.8130843Z,06-02-2026 16:02:54.256,38588416,4.44,
2026-02-06T15:02:56.8130843Z,06-02-2026 16:02:54.256,38588416,4.38,
2026-02-06T15:02:56.8130843Z,06-02-2026 16:02:54.256,38588416,4.38,
2026-02-06T15:02:56.8130843Z,06-02-2026 16:02:54.256,38588416,4.38,
2026-02-06T15:02:56.8130843Z,06-02-2026 16:02:54.256,38588416,4.38,
2026-02-06T15:02:56.8130843Z,06-02-2026 16:02:54.256,38588416,4.38,
2026-02-06T15:02:56.8130843Z,06-02-2026 16:02:54.256,38588416,4.31,
2026-02-06T15:02:56.8130843Z,06-02-2026 16:02:54.256,38588416,4.31,
2026-02-06T15:02:56.8130843Z,06-02-2026 16:02:54.256,38588416,4.38,
2026-02-06T15:02:56.8130843Z,06-02-2026 16:02:54.256,38588416,4.38,
2026-02-06T15:02:56.8130843Z,06-02-2026 16:02:54.256,38588416,4.38,
2026-02-06T15:02:56.8130843Z,06-02-2026 16:02:54.256,38588416,4.38,
2026-02-06T15:02:56.8130843Z,06-02-2026 16:02:54.256,38588416,4.38,
2026-02-06T15:02:56.8130843Z,06-02-2026 16:02:54.256,38588416,4.44,
2026-02-06T15:02:56.8130843Z,06-02-2026 16:02:54.256,38588416,4.44,
2026-02-06T15:02:56.8572846Z,06-02-2026 16:02:54.512,38590464,4.44,
2026-02-06T15:02:56.8572846Z,06-02-2026 16:02:54.512,38590464,4.44,
2026-02-06T15:02:56.8572846Z,06-02-2026 16:02:54.512,38590464,4.44,
2026-02-06T15:02:56.8572846Z,06-02-2026 16:02:54.512,38590464,4.44,
2026-02-06T15:02:56.8572846Z,06-02-2026 16:02:54.512,38590464,4.44,
2026-02-06T15:02:56.8572846Z,06-02-2026 16:02:54.512,38590464,4.44,
2026-02-06T15:02:56.8572846Z,06-02-2026 16:02:54.512,38590464,4.44,
2026-02-06T15:02:56.8572846Z,06-02-2026 16:02:54.512,38590464,4.44,
2026-02-06T15:02:56.8572846Z,06-02-2026 16:02:54.512,38590464,4.44,
2026-02-06T15:02:56.8572846Z,06-02-2026 16:02:54.512,38590464,4.44,
2026-02-06T15:02:56.8572846Z,06-02-2026 16:02:54.512,38590464,4.44,
2026-02-06T15:02:56.8572846Z,06-02-2026 16:02:54.512,38590464,4.44,
2026-02-06T15:02:56.8572846Z,06-02-2026 16:02:54.512,38590464,4.44,
2026-02-06T15:02:56.8572846Z,06-02-2026 16:02:54.512,38590464,4.44,
2026-02-06T15:02:56.8572846Z,06-02-2026 16:02:54.512,38590464,4.44,
2026-02-06T15:02:56.8572846Z,06-02-2026 16:02:54.512,38590464,4.44,
2026-02-06T15:02:56.8572846Z,06-02-2026 16:02:54.512,38590464,4.44,
2026-02-06T15:02:56.8572846Z,06-02-2026 16:02:54.512,38590464,4.44,
2026-02-06T15:02:56.8572846Z,06-02-2026 16:02:54.512,38590464,4.44,
2026-02-06T15:02:56.8572846Z,06-02-2026 16:02:54.512,38590464,4.38,
2026-02-06T15:02:56.8572846Z,06-02-2026 16:02:54.512,38590464,4.38,
2026-02-06T15:02:56.8572846Z,06-02-2026 16:02:54.512,38590464,4.38,
2026-02-06T15:02:56.8572846Z,06-02-2026 16:02:54.512,38590464,4.38,
2026-02-06T15:02:56.8572846Z,06-02-2026 16:02:54.512,38590464,4.38,
2026-02-06T15:02:56.8572846Z,06-02-2026 16:02:54.512,38590464,4.31,
2026-02-06T15:02:56.8572846Z,06-02-2026 16:02:54.512,38590464,4.31,
2026-02-06T15:02:56.8572846Z,06-02-2026 16:02:54.512,38590464,4.31,
2026-02-06T15:02:56.8572846Z,06-02-2026 16:02:54.512,38590464,4.38,
2026-02-06T15:02:56.8572846Z,06-02-2026 16:02:54.512,38590464,4.38,
2026-02-06T15:02:56.8572846Z,06-02-2026 16:02:54.512,38590464,4.38,
2026-02-06T15:02:56.8572846Z,06-02-2026 16:02:54.512,38590464,4.31,
2026-02-06T15:02:56.8572846Z,06-02-2026 16:02:54.512,38590464,4.31,
2026-02-06T15:02:57.8088268Z,06-02-2026 16:02:54.768,38592512,4.38,
2026-02-06T15:02:57.8088268Z,06-02-2026 16:02:54.768,38592512,4.38,
2026-02-06T15:02:57.8088268Z,06-02-2026 16:02:54.768,38592512,4.38,
2026-02-06T15:02:57.8088268Z,06-02-2026 16:02:54.768,38592512,4.38,
2026-02-06T15:02:57.8088268Z,06-02-2026 16:02:54.768,38592512,4.38,
2026-02-06T15:02:57.8088268Z,06-02-2026 16:02:54.768,38592512,4.38,
2026-02-06T15:02:57.8088268Z,06-02-2026 16:02:54.768,38592512,4.38,
2026-02-06T15:02:57.8088268Z,06-02-2026 16:02:54.768,38592512,4.38,
2026-02-06T15:02:57.8088268Z,06-02-2026 16:02:54.768,38592512,4.38,
2026-02-06T15:02:57.8088268Z,06-02-2026 16:02:54.768,38592512,4.38,
2026-02-06T15:02:57.8088268Z,06-02-2026 16:02:54.768,38592512,4.38,
2026-02-06T15:02:57.8088268Z,06-02-2026 16:02:54.768,38592512,4.38,
2026-02-06T15:02:57.8088268Z,06-02-2026 16:02:54.768,38592512,4.38,
2026-02-06T15:02:57.8088268Z,06-02-2026 16:02:54.768,38592512,4.38,
2026-02-06T15:02:57.8088268Z,06-02-2026 16:02:54.768,38592512,4.38,
2026-02-06T15:02:57.8088268Z,06-02-2026 16:02:54.768,38592512,4.38,
2026-02-06T15:02:57.8088268Z,06-02-2026 16:02:54.768,38592512,4.38,
2026-02-06T15:02:57.8088268Z,06-02-2026 16:02:54.768,38592512,4.31,
2026-02-06T15:02:57.8088268Z,06-02-2026 16:02:54.768,38592512,4.38,
2026-02-06T15:02:57.8088268Z,06-02-2026 16:02:54.768,38592512,4.38,
2026-02-06T15:02:57.8088268Z,06-02-2026 16:02:54.768,38592512,4.44,
2026-02-06T15:02:57.8088268Z,06-02-2026 16:02:54.768,38592512,4.44,
2026-02-06T15:02:57.8088268Z,06-02-2026 16:02:54.768,38592512,4.44,
2026-02-06T15:02:57.8088268Z,06-02-2026 16:02:54.768,38592512,4.38,
2026-02-06T15:02:57.8088268Z,06-02-2026 16:02:54.768,38592512,4.38,
2026-02-06T15:02:57.8088268Z,06-02-2026 16:02:54.768,38592512,4.38,
2026-02-06T15:02:57.8088268Z,06-02-2026 16:02:54.768,38592512,4.38,
2026-02-06T15:02:57.8088268Z,06-02-2026 16:02:54.768,38592512,4.38,
2026-02-06T15:02:57.8088268Z,06-02-2026 16:02:54.768,38592512,4.38,
2026-02-06T15:02:57.8088268Z,06-02-2026 16:02:54.768,38592512,4.38,
2026-02-06T15:02:57.8088268Z,06-02-2026 16:02:54.768,38592512,4.38,
2026-02-06T15:02:57.8088268Z,06-02-2026 16:02:54.768,38592512,4.31,
2026-02-06T15:02:57.8336897Z,06-02-2026 16:02:55.024,38594560,4.31,
2026-02-06T15:02:57.8336897Z,06-02-2026 16:02:55.024,38594560,4.31,
2026-02-06T15:02:57.8336897Z,06-02-2026 16:02:55.024,38594560,4.31,
2026-02-06T15:02:57.8336897Z,06-02-2026 16:02:55.024,38594560,4.38,
2026-02-06T15:02:57.8336897Z,06-02-2026 16:02:55.024,38594560,4.38,
2026-02-06T15:02:57.8336897Z,06-02-2026 16:02:55.024,38594560,4.31,
2026-02-06T15:02:57.8336897Z,06-02-2026 16:02:55.024,38594560,4.31,
2026-02-06T15:02:57.8336897Z,06-02-2026 16:02:55.024,38594560,4.31,
2026-02-06T15:02:57.8336897Z,06-02-2026 16:02:55.024,38594560,4.38,
2026-02-06T15:02:57.8336897Z,06-02-2026 16:02:55.024,38594560,4.38,
2026-02-06T15:02:57.8336897Z,06-02-2026 16:02:55.024,38594560,4.38,
2026-02-06T15:02:57.8336897Z,06-02-2026 16:02:55.024,38594560,4.38,
2026-02-06T15:02:57.8336897Z,06-02-2026 16:02:55.024,38594560,4.38,
2026-02-06T15:02:57.8336897Z,06-02-2026 16:02:55.024,38594560,4.38,
2026-02-06T15:02:57.8336897Z,06-02-2026 16:02:55.024,38594560,4.38,
2026-02-06T15:02:57.8336897Z,06-02-2026 16:02:55.024,38594560,4.38,
2026-02-06T15:02:57.8336897Z,06-02-2026 16:02:55.024,38594560,4.38,
2026-02-06T15:02:57.8336897Z,06-02-2026 16:02:55.024,38594560,4.38,
2026-02-06T15:02:57.8336897Z,06-02-2026 16:02:55.024,38594560,4.38,
2026-02-06T15:02:57.8336897Z,06-02-2026 16:02:55.024,38594560,4.38,
2026-02-06T15:02:57.8336897Z,06-02-2026 16:02:55.024,38594560,4.38,
2026-02-06T15:02:57.8336897Z,06-02-2026 16:02:55.024,38594560,4.38,
2026-02-06T15:02:57.8336897Z,06-02-2026 16:02:55.024,38594560,4.44,
2026-02-06T15:02:57.8336897Z,06-02-2026 16:02:55.024,38594560,4.44,
2026-02-06T15:02:57.8336897Z,06-02-2026 16:02:55.024,38594560,4.44,
2026-02-06T15:02:57.8336897Z,06-02-2026 16:02:55.024,38594560,4.44,
2026-02-06T15:02:57.8336897Z,06-02-2026 16:02:55.024,38594560,4.44,
2026-02-06T15:02:57.8336897Z,06-02-2026 16:02:55.024,38594560,4.44,
2026-02-06T15:02:57.8336897Z,06-02-2026 16:02:55.024,38594560,4.44,
2026-02-06T15:02:57.8336897Z,06-02-2026 16:02:55.024,38594560,4.44,
2026-02-06T15:02:57.8336897Z,06-02-2026 16:02:55.024,38594560,4.44,
2026-02-06T15:02:57.8336897Z,06-02-2026 16:02:55.024,38594560,4.44,
2026-02-06T15:02:57.8720033Z,06-02-2026 16:02:55.280,38596608,4.44,
2026-02-06T15:02:57.8720033Z,06-02-2026 16:02:55.280,38596608,4.44,
2026-02-06T15:02:57.8720033Z,06-02-2026 16:02:55.280,38596608,4.44,
2026-02-06T15:02:57.8720033Z,06-02-2026 16:02:55.280,38596608,4.44,
2026-02-06T15:02:57.8720033Z,06-02-2026 16:02:55.280,38596608,4.38,
2026-02-06T15:02:57.8720033Z,06-02-2026 16:02:55.280,38596608,4.38,
2026-02-06T15:02:57.8720033Z,06-02-2026 16:02:55.280,38596608,4.38,
2026-02-06T15:02:57.8720033Z,06-02-2026 16:02:55.280,38596608,4.44,
2026-02-06T15:02:57.8720033Z,06-02-2026 16:02:55.280,38596608,4.44,
2026-02-06T15:02:57.8720033Z,06-02-2026 16:02:55.280,38596608,4.44,
2026-02-06T15:02:57.8720033Z,06-02-2026 16:02:55.280,38596608,4.44,
2026-02-06T15:02:57.8720033Z,06-02-2026 16:02:55.280,38596608,4.44,
2026-02-06T15:02:57.8720033Z,06-02-2026 16:02:55.280,38596608,4.44,
2026-02-06T15:02:57.8720033Z,06-02-2026 16:02:55.280,38596608,4.44,
2026-02-06T15:02:57.8720033Z,06-02-2026 16:02:55.280,38596608,4.44,
2026-02-06T15:02:57.8720033Z,06-02-2026 16:02:55.280,38596608,4.44,
2026-02-06T15:02:57.8720033Z,06-02-2026 16:02:55.280,38596608,4.44,
2026-02-06T15:02:57.8720033Z,06-02-2026 16:02:55.280,38596608,4.44,
2026-02-06T15:02:57.8720033Z,06-02-2026 16:02:55.280,38596608,4.44,
2026-02-06T15:02:57.8720033Z,06-02-2026 16:02:55.280,38596608,4.38,
2026-02-06T15:02:57.8720033Z,06-02-2026 16:02:55.280,38596608,4.38,
2026-02-06T15:02:57.8720033Z,06-02-2026 16:02:55.280,38596608,4.44,
2026-02-06T15:02:57.8720033Z,06-02-2026 16:02:55.280,38596608,4.44,
2026-02-06T15:02:57.8720033Z,06-02-2026 16:02:55.280,38596608,4.44,
2026-02-06T15:02:57.8720033Z,06-02-2026 16:02:55.280,38596608,4.44,
2026-02-06T15:02:57.8720033Z,06-02-2026 16:02:55.280,38596608,4.44,
2026-02-06T15:02:57.8720033Z,06-02-2026 16:02:55.280,38596608,4.44,
2026-02-06T15:02:57.8720033Z,06-02-2026 16:02:55.280,38596608,4.38,
2026-02-06T15:02:57.8720033Z,06-02-2026 16:02:55.280,38596608,4.38,
2026-02-06T15:02:57.8720033Z,06-02-2026 16:02:55.280,38596608,4.38,
2026-02-06T15:02:57.8720033Z,06-02-2026 16:02:55.280,38596608,4.38,
2026-02-06T15:02:57.8720033Z,06-02-2026 16:02:55.280,38596608,4.44,
2026-02-06T15:02:57.8801449Z,06-02-2026 16:02:55.536,38598656,4.38,
2026-02-06T15:02:57.8801449Z,06-02-2026 16:02:55.536,38598656,4.38,
2026-02-06T15:02:57.8801449Z,06-02-2026 16:02:55.536,38598656,4.38,
2026-02-06T15:02:57.8801449Z,06-02-2026 16:02:55.536,38598656,4.44,
2026-02-06T15:02:57.8801449Z,06-02-2026 16:02:55.536,38598656,4.44,
2026-02-06T15:02:57.8801449Z,06-02-2026 16:02:55.536,38598656,4.44,
2026-02-06T15:02:57.8801449Z,06-02-2026 16:02:55.536,38598656,4.44,
2026-02-06T15:02:57.8801449Z,06-02-2026 16:02:55.536,38598656,4.44,
2026-02-06T15:02:57.8801449Z,06-02-2026 16:02:55.536,38598656,4.38,
2026-02-06T15:02:57.8801449Z,06-02-2026 16:02:55.536,38598656,4.38,
2026-02-06T15:02:57.8801449Z,06-02-2026 16:02:55.536,38598656,4.44,
2026-02-06T15:02:57.8801449Z,06-02-2026 16:02:55.536,38598656,4.38,
2026-02-06T15:02:57.8801449Z,06-02-2026 16:02:55.536,38598656,4.38,
2026-02-06T15:02:57.8801449Z,06-02-2026 16:02:55.536,38598656,4.38,
2026-02-06T15:02:57.8801449Z,06-02-2026 16:02:55.536,38598656,4.38,
2026-02-06T15:02:57.8801449Z,06-02-2026 16:02:55.536,38598656,4.38,
2026-02-06T15:02:57.8801449Z,06-02-2026 16:02:55.536,38598656,4.44,
2026-02-06T15:02:57.8801449Z,06-02-2026 16:02:55.536,38598656,4.38,
2026-02-06T15:02:57.8801449Z,06-02-2026 16:02:55.536,38598656,4.38,
2026-02-06T15:02:57.8801449Z,06-02-2026 16:02:55.536,38598656,4.38,
2026-02-06T15:02:57.8801449Z,06-02-2026 16:02:55.536,38598656,4.38,
2026-02-06T15:02:57.8801449Z,06-02-2026 16:02:55.536,38598656,4.38,
2026-02-06T15:02:57.8801449Z,06-02-2026 16:02:55.536,38598656,4.38,
2026-02-06T15:02:57.8801449Z,06-02-2026 16:02:55.536,38598656,4.38,
2026-02-06T15:02:57.8801449Z,06-02-2026 16:02:55.536,38598656,4.44,
2026-02-06T15:02:57.8801449Z,06-02-2026 16:02:55.536,38598656,4.44,
2026-02-06T15:02:57.8801449Z,06-02-2026 16:02:55.536,38598656,4.44,
2026-02-06T15:02:57.8801449Z,06-02-2026 16:02:55.536,38598656,4.44,
2026-02-06T15:02:57.8801449Z,06-02-2026 16:02:55.536,38598656,4.44,
2026-02-06T15:02:57.8801449Z,06-02-2026 16:02:55.536,38598656,4.44,
2026-02-06T15:02:57.8801449Z,06-02-2026 16:02:55.536,38598656,4.44,
2026-02-06T15:02:57.8801449Z,06-02-2026 16:02:55.536,38598656,4.44,
2026-02-06T15:02:58.8578471Z,06-02-2026 16:02:55.792,38600704,4.44,
2026-02-06T15:02:58.8578471Z,06-02-2026 16:02:55.792,38600704,4.44,
2026-02-06T15:02:58.8578471Z,06-02-2026 16:02:55.792,38600704,4.44,
2026-02-06T15:02:58.8578471Z,06-02-2026 16:02:55.792,38600704,4.44,
2026-02-06T15:02:58.8578471Z,06-02-2026 16:02:55.792,38600704,4.44,
2026-02-06T15:02:58.8578471Z,06-02-2026 16:02:55.792,38600704,4.38,
2026-02-06T15:02:58.8578471Z,06-02-2026 16:02:55.792,38600704,4.38,
2026-02-06T15:02:58.8578471Z,06-02-2026 16:02:55.792,38600704,4.38,
2026-02-06T15:02:58.8578471Z,06-02-2026 16:02:55.792,38600704,4.38,
2026-02-06T15:02:58.8578471Z,06-02-2026 16:02:55.792,38600704,4.38,
2026-02-06T15:02:58.8578471Z,06-02-2026 16:02:55.792,38600704,4.38,
2026-02-06T15:02:58.8578471Z,06-02-2026 16:02:55.792,38600704,4.38,
2026-02-06T15:02:58.8578471Z,06-02-2026 16:02:55.792,38600704,4.38,
2026-02-06T15:02:58.8578471Z,06-02-2026 16:02:55.792,38600704,4.38,
2026-02-06T15:02:58.8578471Z,06-02-2026 16:02:55.792,38600704,4.38,
2026-02-06T15:02:58.8578471Z,06-02-2026 16:02:55.792,38600704,4.44,
2026-02-06T15:02:58.8578471Z,06-02-2026 16:02:55.792,38600704,4.44,
2026-02-06T15:02:58.8578471Z,06-02-2026 16:02:55.792,38600704,4.44,
2026-02-06T15:02:58.8578471Z,06-02-2026 16:02:55.792,38600704,4.44,
2026-02-06T15:02:58.8578471Z,06-02-2026 16:02:55.792,38600704,4.38,
2026-02-06T15:02:58.8578471Z,06-02-2026 16:02:55.792,38600704,4.38,
2026-02-06T15:02:58.8578471Z,06-02-2026 16:02:55.792,38600704,4.38,
2026-02-06T15:02:58.8578471Z,06-02-2026 16:02:55.792,38600704,4.38,
2026-02-06T15:02:58.8578471Z,06-02-2026 16:02:55.792,38600704,4.38,
2026-02-06T15:02:58.8578471Z,06-02-2026 16:02:55.792,38600704,4.38,
2026-02-06T15:02:58.8578471Z,06-02-2026 16:02:55.792,38600704,4.38,
2026-02-06T15:02:58.8578471Z,06-02-2026 16:02:55.792,38600704,4.38,
2026-02-06T15:02:58.8578471Z,06-02-2026 16:02:55.792,38600704,4.38,
2026-02-06T15:02:58.8578471Z,06-02-2026 16:02:55.792,38600704,4.38,
2026-02-06T15:02:58.8578471Z,06-02-2026 16:02:55.792,38600704,4.38,
2026-02-06T15:02:58.8578471Z,06-02-2026 16:02:55.792,38600704,4.38,
2026-02-06T15:02:58.8578471Z,06-02-2026 16:02:55.792,38600704,4.38,
2026-02-06T15:02:58.8690379Z,06-02-2026 16:02:56.048,38602752,4.38,
2026-02-06T15:02:58.8690379Z,06-02-2026 16:02:56.048,38602752,4.38,
2026-02-06T15:02:58.8690379Z,06-02-2026 16:02:56.048,38602752,4.38,
2026-02-06T15:02:58.8690379Z,06-02-2026 16:02:56.048,38602752,4.38,
2026-02-06T15:02:58.8690379Z,06-02-2026 16:02:56.048,38602752,4.38,
2026-02-06T15:02:58.8690379Z,06-02-2026 16:02:56.048,38602752,4.44,
2026-02-06T15:02:58.8690379Z,06-02-2026 16:02:56.048,38602752,4.44,
2026-02-06T15:02:58.8690379Z,06-02-2026 16:02:56.048,38602752,4.44,
2026-02-06T15:02:58.8690379Z,06-02-2026 16:02:56.048,38602752,4.44,
2026-02-06T15:02:58.8690379Z,06-02-2026 16:02:56.048,38602752,4.44,
2026-02-06T15:02:58.8690379Z,06-02-2026 16:02:56.048,38602752,4.44,
2026-02-06T15:02:58.8690379Z,06-02-2026 16:02:56.048,38602752,4.44,
2026-02-06T15:02:58.8690379Z,06-02-2026 16:02:56.048,38602752,4.44,
2026-02-06T15:02:58.8690379Z,06-02-2026 16:02:56.048,38602752,4.44,
2026-02-06T15:02:58.8690379Z,06-02-2026 16:02:56.048,38602752,4.38,
2026-02-06T15:02:58.8690379Z,06-02-2026 16:02:56.048,38602752,4.38,
2026-02-06T15:02:58.8690379Z,06-02-2026 16:02:56.048,38602752,4.38,
2026-02-06T15:02:58.8690379Z,06-02-2026 16:02:56.048,38602752,4.38,
2026-02-06T15:02:58.8690379Z,06-02-2026 16:02:56.048,38602752,4.38,
2026-02-06T15:02:58.8690379Z,06-02-2026 16:02:56.048,38602752,4.38,
2026-02-06T15:02:58.8690379Z,06-02-2026 16:02:56.048,38602752,4.38,
2026-02-06T15:02:58.8690379Z,06-02-2026 16:02:56.048,38602752,4.38,
2026-02-06T15:02:58.8690379Z,06-02-2026 16:02:56.048,38602752,4.38,
2026-02-06T15:02:58.8690379Z,06-02-2026 16:02:56.048,38602752,4.38,
2026-02-06T15:02:58.8690379Z,06-02-2026 16:02:56.048,38602752,4.38,
2026-02-06T15:02:58.8690379Z,06-02-2026 16:02:56.048,38602752,4.38,
2026-02-06T15:02:58.8690379Z,06-02-2026 16:02:56.048,38602752,4.38,
2026-02-06T15:02:58.8690379Z,06-02-2026 16:02:56.048,38602752,4.44,
2026-02-06T15:02:58.8690379Z,06-02-2026 16:02:56.048,38602752,4.44,
2026-02-06T15:02:58.8690379Z,06-02-2026 16:02:56.048,38602752,4.44,
2026-02-06T15:02:58.8690379Z,06-02-2026 16:02:56.048,38602752,4.44,
2026-02-06T15:02:58.8690379Z,06-02-2026 16:02:56.048,38602752,4.44,
2026-02-06T15:02:58.8762185Z,06-02-2026 16:02:56.304,38604800,4.38,
2026-02-06T15:02:58.8762185Z,06-02-2026 16:02:56.304,38604800,4.38,
2026-02-06T15:02:58.8762185Z,06-02-2026 16:02:56.304,38604800,4.38,
2026-02-06T15:02:58.8762185Z,06-02-2026 16:02:56.304,38604800,4.38,
2026-02-06T15:02:58.8762185Z,06-02-2026 16:02:56.304,38604800,4.38,
2026-02-06T15:02:58.8762185Z,06-02-2026 16:02:56.304,38604800,4.38,
2026-02-06T15:02:58.8762185Z,06-02-2026 16:02:56.304,38604800,4.38,
2026-02-06T15:02:58.8762185Z,06-02-2026 16:02:56.304,38604800,4.38,
2026-02-06T15:02:58.8762185Z,06-02-2026 16:02:56.304,38604800,4.38,
2026-02-06T15:02:58.8762185Z,06-02-2026 16:02:56.304,38604800,4.38,
2026-02-06T15:02:58.8762185Z,06-02-2026 16:02:56.304,38604800,4.38,
2026-02-06T15:02:58.8762185Z,06-02-2026 16:02:56.304,38604800,4.38,
2026-02-06T15:02:58.8762185Z,06-02-2026 16:02:56.304,38604800,4.38,
2026-02-06T15:02:58.8762185Z,06-02-2026 16:02:56.304,38604800,4.38,
2026-02-06T15:02:58.8762185Z,06-02-2026 16:02:56.304,38604800,4.38,
2026-02-06T15:02:58.8762185Z,06-02-2026 16:02:56.304,38604800,4.44,
2026-02-06T15:02:58.8762185Z,06-02-2026 16:02:56.304,38604800,4.38,
2026-02-06T15:02:58.8762185Z,06-02-2026 16:02:56.304,38604800,4.38,
2026-02-06T15:02:58.8762185Z,06-02-2026 16:02:56.304,38604800,4.38,
2026-02-06T15:02:58.8762185Z,06-02-2026 16:02:56.304,38604800,4.38,
2026-02-06T15:02:58.8762185Z,06-02-2026 16:02:56.304,38604800,4.38,
2026-02-06T15:02:58.8762185Z,06-02-2026 16:02:56.304,38604800,4.44,
2026-02-06T15:02:58.8762185Z,06-02-2026 16:02:56.304,38604800,4.44,
2026-02-06T15:02:58.8762185Z,06-02-2026 16:02:56.304,38604800,4.44,
2026-02-06T15:02:58.8762185Z,06-02-2026 16:02:56.304,38604800,4.44,
2026-02-06T15:02:58.8762185Z,06-02-2026 16:02:56.304,38604800,4.44,
2026-02-06T15:02:58.8762185Z,06-02-2026 16:02:56.304,38604800,4.38,
2026-02-06T15:02:58.8762185Z,06-02-2026 16:02:56.304,38604800,4.38,
2026-02-06T15:02:58.8762185Z,06-02-2026 16:02:56.304,38604800,4.38,
2026-02-06T15:02:58.8762185Z,06-02-2026 16:02:56.304,38604800,4.44,
2026-02-06T15:02:58.8762185Z,06-02-2026 16:02:56.304,38604800,4.44,
2026-02-06T15:02:58.8762185Z,06-02-2026 16:02:56.304,38604800,4.38,
2026-02-06T15:02:58.9020420Z,06-02-2026 16:02:56.560,38606848,4.44,
2026-02-06T15:02:58.9020420Z,06-02-2026 16:02:56.560,38606848,4.44,
2026-02-06T15:02:58.9020420Z,06-02-2026 16:02:56.560,38606848,4.38,
2026-02-06T15:02:58.9020420Z,06-02-2026 16:02:56.560,38606848,4.38,
2026-02-06T15:02:58.9020420Z,06-02-2026 16:02:56.560,38606848,4.38,
2026-02-06T15:02:58.9020420Z,06-02-2026 16:02:56.560,38606848,4.44,
2026-02-06T15:02:58.9020420Z,06-02-2026 16:02:56.560,38606848,4.44,
2026-02-06T15:02:58.9020420Z,06-02-2026 16:02:56.560,38606848,4.44,
2026-02-06T15:02:58.9020420Z,06-02-2026 16:02:56.560,38606848,4.44,
2026-02-06T15:02:58.9020420Z,06-02-2026 16:02:56.560,38606848,4.44,
2026-02-06T15:02:58.9020420Z,06-02-2026 16:02:56.560,38606848,4.44,
2026-02-06T15:02:58.9020420Z,06-02-2026 16:02:56.560,38606848,4.38,
2026-02-06T15:02:58.9020420Z,06-02-2026 16:02:56.560,38606848,4.44,
2026-02-06T15:02:58.9020420Z,06-02-2026 16:02:56.560,38606848,4.44,
2026-02-06T15:02:58.9020420Z,06-02-2026 16:02:56.560,38606848,4.44,
2026-02-06T15:02:58.9020420Z,06-02-2026 16:02:56.560,38606848,4.44,
2026-02-06T15:02:58.9020420Z,06-02-2026 16:02:56.560,38606848,4.38,
2026-02-06T15:02:58.9020420Z,06-02-2026 16:02:56.560,38606848,4.44,
2026-02-06T15:02:58.9020420Z,06-02-2026 16:02:56.560,38606848,4.44,
2026-02-06T15:02:58.9020420Z,06-02-2026 16:02:56.560,38606848,4.44,
2026-02-06T15:02:58.9020420Z,06-02-2026 16:02:56.560,38606848,4.44,
2026-02-06T15:02:58.9020420Z,06-02-2026 16:02:56.560,38606848,4.38,
2026-02-06T15:02:58.9020420Z,06-02-2026 16:02:56.560,38606848,4.44,
2026-02-06T15:02:58.9020420Z,06-02-2026 16:02:56.560,38606848,4.44,
2026-02-06T15:02:58.9020420Z,06-02-2026 16:02:56.560,38606848,4.44,
2026-02-06T15:02:58.9020420Z,06-02-2026 16:02:56.560,38606848,4.44,
2026-02-06T15:02:58.9020420Z,06-02-2026 16:02:56.560,38606848,4.38,
2026-02-06T15:02:58.9020420Z,06-02-2026 16:02:56.560,38606848,4.38,
2026-02-06T15:02:58.9020420Z,06-02-2026 16:02:56.560,38606848,4.38,
2026-02-06T15:02:58.9020420Z,06-02-2026 16:02:56.560,38606848,4.38,
2026-02-06T15:02:58.9020420Z,06-02-2026 16:02:56.560,38606848,4.44,
2026-02-06T15:02:58.9020420Z,06-02-2026 16:02:56.560,38606848,4.44,
2026-02-06T15:02:59.8568542Z,06-02-2026 16:02:56.816,38608896,4.44,
2026-02-06T15:02:59.8568542Z,06-02-2026 16:02:56.816,38608896,4.44,
2026-02-06T15:02:59.8568542Z,06-02-2026 16:02:56.816,38608896,4.44,
2026-02-06T15:02:59.8568542Z,06-02-2026 16:02:56.816,38608896,4.44,
2026-02-06T15:02:59.8568542Z,06-02-2026 16:02:56.816,38608896,4.38,
2026-02-06T15:02:59.8568542Z,06-02-2026 16:02:56.816,38608896,4.38,
2026-02-06T15:02:59.8568542Z,06-02-2026 16:02:56.816,38608896,4.38,
2026-02-06T15:02:59.8568542Z,06-02-2026 16:02:56.816,38608896,4.38,
2026-02-06T15:02:59.8568542Z,06-02-2026 16:02:56.816,38608896,4.38,
2026-02-06T15:02:59.8568542Z,06-02-2026 16:02:56.816,38608896,4.38,
2026-02-06T15:02:59.8568542Z,06-02-2026 16:02:56.816,38608896,4.38,
2026-02-06T15:02:59.8568542Z,06-02-2026 16:02:56.816,38608896,4.38,
2026-02-06T15:02:59.8568542Z,06-02-2026 16:02:56.816,38608896,4.38,
2026-02-06T15:02:59.8568542Z,06-02-2026 16:02:56.816,38608896,4.31,
2026-02-06T15:02:59.8568542Z,06-02-2026 16:02:56.816,38608896,4.31,
2026-02-06T15:02:59.8568542Z,06-02-2026 16:02:56.816,38608896,4.31,
2026-02-06T15:02:59.8568542Z,06-02-2026 16:02:56.816,38608896,4.31,
2026-02-06T15:02:59.8568542Z,06-02-2026 16:02:56.816,38608896,4.38,
2026-02-06T15:02:59.8568542Z,06-02-2026 16:02:56.816,38608896,4.38,
2026-02-06T15:02:59.8568542Z,06-02-2026 16:02:56.816,38608896,4.38,
2026-02-06T15:02:59.8568542Z,06-02-2026 16:02:56.816,38608896,4.44,
2026-02-06T15:02:59.8568542Z,06-02-2026 16:02:56.816,38608896,4.44,
2026-02-06T15:02:59.8568542Z,06-02-2026 16:02:56.816,38608896,4.44,
2026-02-06T15:02:59.8568542Z,06-02-2026 16:02:56.816,38608896,4.38,
2026-02-06T15:02:59.8568542Z,06-02-2026 16:02:56.816,38608896,4.38,
2026-02-06T15:02:59.8568542Z,06-02-2026 16:02:56.816,38608896,4.38,
2026-02-06T15:02:59.8568542Z,06-02-2026 16:02:56.816,38608896,4.31,
2026-02-06T15:02:59.8568542Z,06-02-2026 16:02:56.816,38608896,4.31,
2026-02-06T15:02:59.8568542Z,06-02-2026 16:02:56.816,38608896,4.38,
2026-02-06T15:02:59.8568542Z,06-02-2026 16:02:56.816,38608896,4.38,
2026-02-06T15:02:59.8568542Z,06-02-2026 16:02:56.816,38608896,4.38,
2026-02-06T15:02:59.8568542Z,06-02-2026 16:02:56.816,38608896,4.38,
2026-02-06T15:02:59.8692872Z,06-02-2026 16:02:57.072,38610944,4.38,
2026-02-06T15:02:59.8692872Z,06-02-2026 16:02:57.072,38610944,4.38,
2026-02-06T15:02:59.8692872Z,06-02-2026 16:02:57.072,38610944,4.38,
2026-02-06T15:02:59.8692872Z,06-02-2026 16:02:57.072,38610944,4.38,
2026-02-06T15:02:59.8692872Z,06-02-2026 16:02:57.072,38610944,4.38,
2026-02-06T15:02:59.8692872Z,06-02-2026 16:02:57.072,38610944,4.38,
2026-02-06T15:02:59.8692872Z,06-02-2026 16:02:57.072,38610944,4.31,
2026-02-06T15:02:59.8692872Z,06-02-2026 16:02:57.072,38610944,4.31,
2026-02-06T15:02:59.8692872Z,06-02-2026 16:02:57.072,38610944,4.31,
2026-02-06T15:02:59.8692872Z,06-02-2026 16:02:57.072,38610944,4.38,
2026-02-06T15:02:59.8692872Z,06-02-2026 16:02:57.072,38610944,4.38,
2026-02-06T15:02:59.8692872Z,06-02-2026 16:02:57.072,38610944,4.38,
2026-02-06T15:02:59.8692872Z,06-02-2026 16:02:57.072,38610944,4.38,
2026-02-06T15:02:59.8692872Z,06-02-2026 16:02:57.072,38610944,4.38,
2026-02-06T15:02:59.8692872Z,06-02-2026 16:02:57.072,38610944,4.31,
2026-02-06T15:02:59.8692872Z,06-02-2026 16:02:57.072,38610944,4.38,
2026-02-06T15:02:59.8692872Z,06-02-2026 16:02:57.072,38610944,4.38,
2026-02-06T15:02:59.8692872Z,06-02-2026 16:02:57.072,38610944,4.31,
2026-02-06T15:02:59.8692872Z,06-02-2026 16:02:57.072,38610944,4.31,
2026-02-06T15:02:59.8692872Z,06-02-2026 16:02:57.072,38610944,4.31,
2026-02-06T15:02:59.8692872Z,06-02-2026 16:02:57.072,38610944,4.31,
2026-02-06T15:02:59.8692872Z,06-02-2026 16:02:57.072,38610944,4.31,
2026-02-06T15:02:59.8692872Z,06-02-2026 16:02:57.072,38610944,4.31,
2026-02-06T15:02:59.8692872Z,06-02-2026 16:02:57.072,38610944,4.31,
2026-02-06T15:02:59.8692872Z,06-02-2026 16:02:57.072,38610944,4.31,
2026-02-06T15:02:59.8692872Z,06-02-2026 16:02:57.072,38610944,4.31,
2026-02-06T15:02:59.8692872Z,06-02-2026 16:02:57.072,38610944,4.31,
2026-02-06T15:02:59.8692872Z,06-02-2026 16:02:57.072,38610944,4.31,
2026-02-06T15:02:59.8692872Z,06-02-2026 16:02:57.072,38610944,4.31,
2026-02-06T15:02:59.8692872Z,06-02-2026 16:02:57.072,38610944,4.31,
2026-02-06T15:02:59.8692872Z,06-02-2026 16:02:57.072,38610944,4.31,
2026-02-06T15:02:59.8692872Z,06-02-2026 16:02:57.072,38610944,4.38,
2026-02-06T15:02:59.8990406Z,06-02-2026 16:02:57.328,38612992,4.38,
2026-02-06T15:02:59.8990406Z,06-02-2026 16:02:57.328,38612992,4.38,
2026-02-06T15:02:59.8990406Z,06-02-2026 16:02:57.328,38612992,4.38,
2026-02-06T15:02:59.8990406Z,06-02-2026 16:02:57.328,38612992,4.38,
2026-02-06T15:02:59.8990406Z,06-02-2026 16:02:57.328,38612992,4.38,
2026-02-06T15:02:59.8990406Z,06-02-2026 16:02:57.328,38612992,4.44,
2026-02-06T15:02:59.8990406Z,06-02-2026 16:02:57.328,38612992,4.44,
2026-02-06T15:02:59.8990406Z,06-02-2026 16:02:57.328,38612992,4.44,
2026-02-06T15:02:59.8990406Z,06-02-2026 16:02:57.328,38612992,4.44,
2026-02-06T15:02:59.8990406Z,06-02-2026 16:02:57.328,38612992,4.44,
2026-02-06T15:02:59.8990406Z,06-02-2026 16:02:57.328,38612992,4.44,
2026-02-06T15:02:59.8990406Z,06-02-2026 16:02:57.328,38612992,4.38,
2026-02-06T15:02:59.8990406Z,06-02-2026 16:02:57.328,38612992,4.38,
2026-02-06T15:02:59.8990406Z,06-02-2026 16:02:57.328,38612992,4.38,
2026-02-06T15:02:59.8990406Z,06-02-2026 16:02:57.328,38612992,4.38,
2026-02-06T15:02:59.8990406Z,06-02-2026 16:02:57.328,38612992,4.38,
2026-02-06T15:02:59.8990406Z,06-02-2026 16:02:57.328,38612992,4.38,
2026-02-06T15:02:59.8990406Z,06-02-2026 16:02:57.328,38612992,4.38,
2026-02-06T15:02:59.8990406Z,06-02-2026 16:02:57.328,38612992,4.44,
2026-02-06T15:02:59.8990406Z,06-02-2026 16:02:57.328,38612992,4.44,
2026-02-06T15:02:59.8990406Z,06-02-2026 16:02:57.328,38612992,4.44,
2026-02-06T15:02:59.8990406Z,06-02-2026 16:02:57.328,38612992,4.44,
2026-02-06T15:02:59.8990406Z,06-02-2026 16:02:57.328,38612992,4.44,
2026-02-06T15:02:59.8990406Z,06-02-2026 16:02:57.328,38612992,4.44,
2026-02-06T15:02:59.8990406Z,06-02-2026 16:02:57.328,38612992,4.44,
2026-02-06T15:02:59.8990406Z,06-02-2026 16:02:57.328,38612992,4.44,
2026-02-06T15:02:59.8990406Z,06-02-2026 16:02:57.328,38612992,4.44,
2026-02-06T15:02:59.8990406Z,06-02-2026 16:02:57.328,38612992,4.44,
2026-02-06T15:02:59.8990406Z,06-02-2026 16:02:57.328,38612992,4.44,
2026-02-06T15:02:59.8990406Z,06-02-2026 16:02:57.328,38612992,4.44,
2026-02-06T15:02:59.8990406Z,06-02-2026 16:02:57.328,38612992,4.44,
2026-02-06T15:02:59.8990406Z,06-02-2026 16:02:57.328,38612992,4.44,
2026-02-06T15:02:59.9118742Z,06-02-2026 16:02:57.584,38615040,4.44,
2026-02-06T15:02:59.9118742Z,06-02-2026 16:02:57.584,38615040,4.44,
2026-02-06T15:02:59.9118742Z,06-02-2026 16:02:57.584,38615040,4.44,
2026-02-06T15:02:59.9118742Z,06-02-2026 16:02:57.584,38615040,4.44,
2026-02-06T15:02:59.9118742Z,06-02-2026 16:02:57.584,38615040,4.44,
2026-02-06T15:02:59.9118742Z,06-02-2026 16:02:57.584,38615040,4.38,
2026-02-06T15:02:59.9118742Z,06-02-2026 16:02:57.584,38615040,4.38,
2026-02-06T15:02:59.9118742Z,06-02-2026 16:02:57.584,38615040,4.38,
2026-02-06T15:02:59.9118742Z,06-02-2026 16:02:57.584,38615040,4.38,
2026-02-06T15:02:59.9118742Z,06-02-2026 16:02:57.584,38615040,4.38,
2026-02-06T15:02:59.9118742Z,06-02-2026 16:02:57.584,38615040,4.38,
2026-02-06T15:02:59.9118742Z,06-02-2026 16:02:57.584,38615040,4.44,
2026-02-06T15:02:59.9118742Z,06-02-2026 16:02:57.584,38615040,4.44,
2026-02-06T15:02:59.9118742Z,06-02-2026 16:02:57.584,38615040,4.44,
2026-02-06T15:02:59.9118742Z,06-02-2026 16:02:57.584,38615040,4.44,
2026-02-06T15:02:59.9118742Z,06-02-2026 16:02:57.584,38615040,4.38,
2026-02-06T15:02:59.9118742Z,06-02-2026 16:02:57.584,38615040,4.38,
2026-02-06T15:02:59.9118742Z,06-02-2026 16:02:57.584,38615040,4.38,
2026-02-06T15:02:59.9118742Z,06-02-2026 16:02:57.584,38615040,4.31,
2026-02-06T15:02:59.9118742Z,06-02-2026 16:02:57.584,38615040,4.31,
2026-02-06T15:02:59.9118742Z,06-02-2026 16:02:57.584,38615040,4.38,
2026-02-06T15:02:59.9118742Z,06-02-2026 16:02:57.584,38615040,4.38,
2026-02-06T15:02:59.9118742Z,06-02-2026 16:02:57.584,38615040,4.38,
2026-02-06T15:02:59.9118742Z,06-02-2026 16:02:57.584,38615040,4.38,
2026-02-06T15:02:59.9118742Z,06-02-2026 16:02:57.584,38615040,4.38,
2026-02-06T15:02:59.9118742Z,06-02-2026 16:02:57.584,38615040,4.38,
2026-02-06T15:02:59.9118742Z,06-02-2026 16:02:57.584,38615040,4.44,
2026-02-06T15:02:59.9118742Z,06-02-2026 16:02:57.584,38615040,4.38,
2026-02-06T15:02:59.9118742Z,06-02-2026 16:02:57.584,38615040,4.38,
2026-02-06T15:02:59.9118742Z,06-02-2026 16:02:57.584,38615040,4.38,
2026-02-06T15:02:59.9118742Z,06-02-2026 16:02:57.584,38615040,4.38,
2026-02-06T15:02:59.9118742Z,06-02-2026 16:02:57.584,38615040,4.38,
2026-02-06T15:03:00.9050305Z,06-02-2026 16:02:57.840,38617088,4.38,
2026-02-06T15:03:00.9050305Z,06-02-2026 16:02:57.840,38617088,4.38,
2026-02-06T15:03:00.9050305Z,06-02-2026 16:02:57.840,38617088,4.38,
2026-02-06T15:03:00.9050305Z,06-02-2026 16:02:57.840,38617088,4.38,
2026-02-06T15:03:00.9050305Z,06-02-2026 16:02:57.840,38617088,4.38,
2026-02-06T15:03:00.9050305Z,06-02-2026 16:02:57.840,38617088,4.38,
2026-02-06T15:03:00.9050305Z,06-02-2026 16:02:57.840,38617088,4.44,
2026-02-06T15:03:00.9050305Z,06-02-2026 16:02:57.840,38617088,4.44,
2026-02-06T15:03:00.9050305Z,06-02-2026 16:02:57.840,38617088,4.38,
2026-02-06T15:03:00.9050305Z,06-02-2026 16:02:57.840,38617088,4.38,
2026-02-06T15:03:00.9050305Z,06-02-2026 16:02:57.840,38617088,4.44,
2026-02-06T15:03:00.9050305Z,06-02-2026 16:02:57.840,38617088,4.44,
2026-02-06T15:03:00.9050305Z,06-02-2026 16:02:57.840,38617088,4.44,
2026-02-06T15:03:00.9050305Z,06-02-2026 16:02:57.840,38617088,4.38,
2026-02-06T15:03:00.9050305Z,06-02-2026 16:02:57.840,38617088,4.38,
2026-02-06T15:03:00.9050305Z,06-02-2026 16:02:57.840,38617088,4.38,
2026-02-06T15:03:00.9050305Z,06-02-2026 16:02:57.840,38617088,4.44,
2026-02-06T15:03:00.9050305Z,06-02-2026 16:02:57.840,38617088,4.44,
2026-02-06T15:03:00.9050305Z,06-02-2026 16:02:57.840,38617088,4.44,
2026-02-06T15:03:00.9050305Z,06-02-2026 16:02:57.840,38617088,4.44,
2026-02-06T15:03:00.9050305Z,06-02-2026 16:02:57.840,38617088,4.44,
2026-02-06T15:03:00.9050305Z,06-02-2026 16:02:57.840,38617088,4.38,
2026-02-06T15:03:00.9050305Z,06-02-2026 16:02:57.840,38617088,4.38,
2026-02-06T15:03:00.9050305Z,06-02-2026 16:02:57.840,38617088,4.44,
2026-02-06T15:03:00.9050305Z,06-02-2026 16:02:57.840,38617088,4.44,
2026-02-06T15:03:00.9050305Z,06-02-2026 16:02:57.840,38617088,4.44,
2026-02-06T15:03:00.9050305Z,06-02-2026 16:02:57.840,38617088,4.44,
2026-02-06T15:03:00.9050305Z,06-02-2026 16:02:57.840,38617088,4.44,
2026-02-06T15:03:00.9050305Z,06-02-2026 16:02:57.840,38617088,4.44,
2026-02-06T15:03:00.9050305Z,06-02-2026 16:02:57.840,38617088,4.44,
2026-02-06T15:03:00.9050305Z,06-02-2026 16:02:57.840,38617088,4.44,
2026-02-06T15:03:00.9050305Z,06-02-2026 16:02:57.840,38617088,4.44,
2026-02-06T15:03:00.9147688Z,06-02-2026 16:02:58.096,38619136,4.44,
2026-02-06T15:03:00.9147688Z,06-02-2026 16:02:58.096,38619136,4.44,
2026-02-06T15:03:00.9147688Z,06-02-2026 16:02:58.096,38619136,4.44,
2026-02-06T15:03:00.9147688Z,06-02-2026 16:02:58.096,38619136,4.44,
2026-02-06T15:03:00.9147688Z,06-02-2026 16:02:58.096,38619136,4.44,
2026-02-06T15:03:00.9147688Z,06-02-2026 16:02:58.096,38619136,4.44,
2026-02-06T15:03:00.9147688Z,06-02-2026 16:02:58.096,38619136,4.38,
2026-02-06T15:03:00.9147688Z,06-02-2026 16:02:58.096,38619136,4.38,
2026-02-06T15:03:00.9147688Z,06-02-2026 16:02:58.096,38619136,4.44,
2026-02-06T15:03:00.9147688Z,06-02-2026 16:02:58.096,38619136,4.44,
2026-02-06T15:03:00.9147688Z,06-02-2026 16:02:58.096,38619136,4.44,
2026-02-06T15:03:00.9147688Z,06-02-2026 16:02:58.096,38619136,4.44,
2026-02-06T15:03:00.9147688Z,06-02-2026 16:02:58.096,38619136,4.44,
2026-02-06T15:03:00.9147688Z,06-02-2026 16:02:58.096,38619136,4.44,
2026-02-06T15:03:00.9147688Z,06-02-2026 16:02:58.096,38619136,4.38,
2026-02-06T15:03:00.9147688Z,06-02-2026 16:02:58.096,38619136,4.38,
2026-02-06T15:03:00.9147688Z,06-02-2026 16:02:58.096,38619136,4.38,
2026-02-06T15:03:00.9147688Z,06-02-2026 16:02:58.096,38619136,4.38,
2026-02-06T15:03:00.9147688Z,06-02-2026 16:02:58.096,38619136,4.38,
2026-02-06T15:03:00.9147688Z,06-02-2026 16:02:58.096,38619136,4.38,
2026-02-06T15:03:00.9147688Z,06-02-2026 16:02:58.096,38619136,4.38,
2026-02-06T15:03:00.9147688Z,06-02-2026 16:02:58.096,38619136,4.44,
2026-02-06T15:03:00.9147688Z,06-02-2026 16:02:58.096,38619136,4.44,
2026-02-06T15:03:00.9147688Z,06-02-2026 16:02:58.096,38619136,4.38,
2026-02-06T15:03:00.9147688Z,06-02-2026 16:02:58.096,38619136,4.38,
2026-02-06T15:03:00.9147688Z,06-02-2026 16:02:58.096,38619136,4.38,
2026-02-06T15:03:00.9147688Z,06-02-2026 16:02:58.096,38619136,4.38,
2026-02-06T15:03:00.9147688Z,06-02-2026 16:02:58.096,38619136,4.38,
2026-02-06T15:03:00.9147688Z,06-02-2026 16:02:58.096,38619136,4.38,
2026-02-06T15:03:00.9147688Z,06-02-2026 16:02:58.096,38619136,4.38,
2026-02-06T15:03:00.9147688Z,06-02-2026 16:02:58.096,38619136,4.38,
2026-02-06T15:03:00.9147688Z,06-02-2026 16:02:58.096,38619136,4.44,
2026-02-06T15:03:00.9227463Z,06-02-2026 16:02:58.352,38621184,4.44,
2026-02-06T15:03:00.9227463Z,06-02-2026 16:02:58.352,38621184,4.44,
2026-02-06T15:03:00.9227463Z,06-02-2026 16:02:58.352,38621184,4.44,
2026-02-06T15:03:00.9227463Z,06-02-2026 16:02:58.352,38621184,4.44,
2026-02-06T15:03:00.9227463Z,06-02-2026 16:02:58.352,38621184,4.5,
2026-02-06T15:03:00.9227463Z,06-02-2026 16:02:58.352,38621184,4.5,
2026-02-06T15:03:00.9227463Z,06-02-2026 16:02:58.352,38621184,4.44,
2026-02-06T15:03:00.9227463Z,06-02-2026 16:02:58.352,38621184,4.38,
2026-02-06T15:03:00.9227463Z,06-02-2026 16:02:58.352,38621184,4.38,
2026-02-06T15:03:00.9227463Z,06-02-2026 16:02:58.352,38621184,4.38,
2026-02-06T15:03:00.9227463Z,06-02-2026 16:02:58.352,38621184,4.44,
2026-02-06T15:03:00.9227463Z,06-02-2026 16:02:58.352,38621184,4.44,
2026-02-06T15:03:00.9227463Z,06-02-2026 16:02:58.352,38621184,4.5,
2026-02-06T15:03:00.9227463Z,06-02-2026 16:02:58.352,38621184,4.44,
2026-02-06T15:03:00.9227463Z,06-02-2026 16:02:58.352,38621184,4.44,
2026-02-06T15:03:00.9227463Z,06-02-2026 16:02:58.352,38621184,4.44,
2026-02-06T15:03:00.9227463Z,06-02-2026 16:02:58.352,38621184,4.44,
2026-02-06T15:03:00.9227463Z,06-02-2026 16:02:58.352,38621184,4.44,
2026-02-06T15:03:00.9227463Z,06-02-2026 16:02:58.352,38621184,4.38,
2026-02-06T15:03:00.9227463Z,06-02-2026 16:02:58.352,38621184,4.38,
2026-02-06T15:03:00.9227463Z,06-02-2026 16:02:58.352,38621184,4.31,
2026-02-06T15:03:00.9227463Z,06-02-2026 16:02:58.352,38621184,4.31,
2026-02-06T15:03:00.9227463Z,06-02-2026 16:02:58.352,38621184,4.31,
2026-02-06T15:03:00.9227463Z,06-02-2026 16:02:58.352,38621184,4.38,
2026-02-06T15:03:00.9227463Z,06-02-2026 16:02:58.352,38621184,4.38,
2026-02-06T15:03:00.9227463Z,06-02-2026 16:02:58.352,38621184,4.38,
2026-02-06T15:03:00.9227463Z,06-02-2026 16:02:58.352,38621184,4.38,
2026-02-06T15:03:00.9227463Z,06-02-2026 16:02:58.352,38621184,4.44,
2026-02-06T15:03:00.9227463Z,06-02-2026 16:02:58.352,38621184,4.44,
2026-02-06T15:03:00.9227463Z,06-02-2026 16:02:58.352,38621184,4.44,
2026-02-06T15:03:00.9227463Z,06-02-2026 16:02:58.352,38621184,4.44,
2026-02-06T15:03:00.9227463Z,06-02-2026 16:02:58.352,38621184,4.44,
2026-02-06T15:03:00.9750830Z,06-02-2026 16:02:58.608,38623232,4.44,
2026-02-06T15:03:00.9750830Z,06-02-2026 16:02:58.608,38623232,4.44,
2026-02-06T15:03:00.9750830Z,06-02-2026 16:02:58.608,38623232,4.44,
2026-02-06T15:03:00.9750830Z,06-02-2026 16:02:58.608,38623232,4.44,
2026-02-06T15:03:00.9750830Z,06-02-2026 16:02:58.608,38623232,4.44,
2026-02-06T15:03:00.9750830Z,06-02-2026 16:02:58.608,38623232,4.44,
2026-02-06T15:03:00.9750830Z,06-02-2026 16:02:58.608,38623232,4.5,
2026-02-06T15:03:00.9750830Z,06-02-2026 16:02:58.608,38623232,4.5,
2026-02-06T15:03:00.9750830Z,06-02-2026 16:02:58.608,38623232,4.44,
2026-02-06T15:03:00.9750830Z,06-02-2026 16:02:58.608,38623232,4.44,
2026-02-06T15:03:00.9750830Z,06-02-2026 16:02:58.608,38623232,4.44,
2026-02-06T15:03:00.9750830Z,06-02-2026 16:02:58.608,38623232,4.44,
2026-02-06T15:03:00.9750830Z,06-02-2026 16:02:58.608,38623232,4.44,
2026-02-06T15:03:00.9750830Z,06-02-2026 16:02:58.608,38623232,4.5,
2026-02-06T15:03:00.9750830Z,06-02-2026 16:02:58.608,38623232,4.5,
2026-02-06T15:03:00.9750830Z,06-02-2026 16:02:58.608,38623232,4.44,
2026-02-06T15:03:00.9750830Z,06-02-2026 16:02:58.608,38623232,4.44,
2026-02-06T15:03:00.9750830Z,06-02-2026 16:02:58.608,38623232,4.44,
2026-02-06T15:03:00.9750830Z,06-02-2026 16:02:58.608,38623232,4.44,
2026-02-06T15:03:00.9750830Z,06-02-2026 16:02:58.608,38623232,4.38,
2026-02-06T15:03:00.9750830Z,06-02-2026 16:02:58.608,38623232,4.38,
2026-02-06T15:03:00.9750830Z,06-02-2026 16:02:58.608,38623232,4.38,
2026-02-06T15:03:00.9750830Z,06-02-2026 16:02:58.608,38623232,4.44,
2026-02-06T15:03:00.9750830Z,06-02-2026 16:02:58.608,38623232,4.44,
2026-02-06T15:03:00.9750830Z,06-02-2026 16:02:58.608,38623232,4.44,
2026-02-06T15:03:00.9750830Z,06-02-2026 16:02:58.608,38623232,4.38,
2026-02-06T15:03:00.9750830Z,06-02-2026 16:02:58.608,38623232,4.38,
2026-02-06T15:03:00.9750830Z,06-02-2026 16:02:58.608,38623232,4.38,
2026-02-06T15:03:00.9750830Z,06-02-2026 16:02:58.608,38623232,4.38,
2026-02-06T15:03:00.9750830Z,06-02-2026 16:02:58.608,38623232,4.44,
2026-02-06T15:03:00.9750830Z,06-02-2026 16:02:58.608,38623232,4.44,
2026-02-06T15:03:00.9750830Z,06-02-2026 16:02:58.608,38623232,4.44,
2026-02-06T15:03:01.9075365Z,06-02-2026 16:02:58.864,38625280,4.44,
2026-02-06T15:03:01.9075365Z,06-02-2026 16:02:58.864,38625280,4.38,
2026-02-06T15:03:01.9075365Z,06-02-2026 16:02:58.864,38625280,4.38,
2026-02-06T15:03:01.9075365Z,06-02-2026 16:02:58.864,38625280,4.31,
2026-02-06T15:03:01.9075365Z,06-02-2026 16:02:58.864,38625280,4.38,
2026-02-06T15:03:01.9075365Z,06-02-2026 16:02:58.864,38625280,4.38,
2026-02-06T15:03:01.9075365Z,06-02-2026 16:02:58.864,38625280,4.38,
2026-02-06T15:03:01.9075365Z,06-02-2026 16:02:58.864,38625280,4.38,
2026-02-06T15:03:01.9075365Z,06-02-2026 16:02:58.864,38625280,4.31,
2026-02-06T15:03:01.9075365Z,06-02-2026 16:02:58.864,38625280,4.31,
2026-02-06T15:03:01.9075365Z,06-02-2026 16:02:58.864,38625280,4.38,
2026-02-06T15:03:01.9075365Z,06-02-2026 16:02:58.864,38625280,4.38,
2026-02-06T15:03:01.9075365Z,06-02-2026 16:02:58.864,38625280,4.38,
2026-02-06T15:03:01.9075365Z,06-02-2026 16:02:58.864,38625280,4.38,
2026-02-06T15:03:01.9075365Z,06-02-2026 16:02:58.864,38625280,4.38,
2026-02-06T15:03:01.9075365Z,06-02-2026 16:02:58.864,38625280,4.38,
2026-02-06T15:03:01.9075365Z,06-02-2026 16:02:58.864,38625280,4.38,
2026-02-06T15:03:01.9075365Z,06-02-2026 16:02:58.864,38625280,4.38,
2026-02-06T15:03:01.9075365Z,06-02-2026 16:02:58.864,38625280,4.38,
2026-02-06T15:03:01.9075365Z,06-02-2026 16:02:58.864,38625280,4.38,
2026-02-06T15:03:01.9075365Z,06-02-2026 16:02:58.864,38625280,4.38,
2026-02-06T15:03:01.9075365Z,06-02-2026 16:02:58.864,38625280,4.38,
2026-02-06T15:03:01.9075365Z,06-02-2026 16:02:58.864,38625280,4.38,
2026-02-06T15:03:01.9075365Z,06-02-2026 16:02:58.864,38625280,4.38,
2026-02-06T15:03:01.9075365Z,06-02-2026 16:02:58.864,38625280,4.38,
2026-02-06T15:03:01.9075365Z,06-02-2026 16:02:58.864,38625280,4.44,
2026-02-06T15:03:01.9075365Z,06-02-2026 16:02:58.864,38625280,4.38,
2026-02-06T15:03:01.9075365Z,06-02-2026 16:02:58.864,38625280,4.38,
2026-02-06T15:03:01.9075365Z,06-02-2026 16:02:58.864,38625280,4.31,
2026-02-06T15:03:01.9075365Z,06-02-2026 16:02:58.864,38625280,4.38,
2026-02-06T15:03:01.9075365Z,06-02-2026 16:02:58.864,38625280,4.38,
2026-02-06T15:03:01.9075365Z,06-02-2026 16:02:58.864,38625280,4.44,
2026-02-06T15:03:01.9217740Z,06-02-2026 16:02:59.120,38627328,4.44,
2026-02-06T15:03:01.9217740Z,06-02-2026 16:02:59.120,38627328,4.38,
2026-02-06T15:03:01.9217740Z,06-02-2026 16:02:59.120,38627328,4.38,
2026-02-06T15:03:01.9217740Z,06-02-2026 16:02:59.120,38627328,4.31,
2026-02-06T15:03:01.9217740Z,06-02-2026 16:02:59.120,38627328,4.38,
2026-02-06T15:03:01.9217740Z,06-02-2026 16:02:59.120,38627328,4.38,
2026-02-06T15:03:01.9217740Z,06-02-2026 16:02:59.120,38627328,4.38,
2026-02-06T15:03:01.9217740Z,06-02-2026 16:02:59.120,38627328,4.38,
2026-02-06T15:03:01.9217740Z,06-02-2026 16:02:59.120,38627328,4.38,
2026-02-06T15:03:01.9217740Z,06-02-2026 16:02:59.120,38627328,4.38,
2026-02-06T15:03:01.9217740Z,06-02-2026 16:02:59.120,38627328,4.38,
2026-02-06T15:03:01.9217740Z,06-02-2026 16:02:59.120,38627328,4.38,
2026-02-06T15:03:01.9217740Z,06-02-2026 16:02:59.120,38627328,4.38,
2026-02-06T15:03:01.9217740Z,06-02-2026 16:02:59.120,38627328,4.38,
2026-02-06T15:03:01.9217740Z,06-02-2026 16:02:59.120,38627328,4.38,
2026-02-06T15:03:01.9217740Z,06-02-2026 16:02:59.120,38627328,4.38,
2026-02-06T15:03:01.9217740Z,06-02-2026 16:02:59.120,38627328,4.38,
2026-02-06T15:03:01.9217740Z,06-02-2026 16:02:59.120,38627328,4.38,
2026-02-06T15:03:01.9217740Z,06-02-2026 16:02:59.120,38627328,4.44,
2026-02-06T15:03:01.9217740Z,06-02-2026 16:02:59.120,38627328,4.44,
2026-02-06T15:03:01.9217740Z,06-02-2026 16:02:59.120,38627328,4.44,
2026-02-06T15:03:01.9217740Z,06-02-2026 16:02:59.120,38627328,4.44,
2026-02-06T15:03:01.9217740Z,06-02-2026 16:02:59.120,38627328,4.44,
2026-02-06T15:03:01.9217740Z,06-02-2026 16:02:59.120,38627328,4.44,
2026-02-06T15:03:01.9217740Z,06-02-2026 16:02:59.120,38627328,4.44,
2026-02-06T15:03:01.9217740Z,06-02-2026 16:02:59.120,38627328,4.44,
2026-02-06T15:03:01.9217740Z,06-02-2026 16:02:59.120,38627328,4.38,
2026-02-06T15:03:01.9217740Z,06-02-2026 16:02:59.120,38627328,4.38,
2026-02-06T15:03:01.9217740Z,06-02-2026 16:02:59.120,38627328,4.38,
2026-02-06T15:03:01.9217740Z,06-02-2026 16:02:59.120,38627328,4.38,
2026-02-06T15:03:01.9217740Z,06-02-2026 16:02:59.120,38627328,4.38,
2026-02-06T15:03:01.9217740Z,06-02-2026 16:02:59.120,38627328,4.38,
2026-02-06T15:03:01.9403210Z,06-02-2026 16:02:59.376,38629376,4.38,
2026-02-06T15:03:01.9403210Z,06-02-2026 16:02:59.376,38629376,4.38,
2026-02-06T15:03:01.9403210Z,06-02-2026 16:02:59.376,38629376,4.38,
2026-02-06T15:03:01.9403210Z,06-02-2026 16:02:59.376,38629376,4.38,
2026-02-06T15:03:01.9403210Z,06-02-2026 16:02:59.376,38629376,4.38,
2026-02-06T15:03:01.9403210Z,06-02-2026 16:02:59.376,38629376,4.44,
2026-02-06T15:03:01.9403210Z,06-02-2026 16:02:59.376,38629376,4.44,
2026-02-06T15:03:01.9403210Z,06-02-2026 16:02:59.376,38629376,4.44,
2026-02-06T15:03:01.9403210Z,06-02-2026 16:02:59.376,38629376,4.44,
2026-02-06T15:03:01.9403210Z,06-02-2026 16:02:59.376,38629376,4.44,
2026-02-06T15:03:01.9403210Z,06-02-2026 16:02:59.376,38629376,4.44,
2026-02-06T15:03:01.9403210Z,06-02-2026 16:02:59.376,38629376,4.44,
2026-02-06T15:03:01.9403210Z,06-02-2026 16:02:59.376,38629376,4.44,
2026-02-06T15:03:01.9403210Z,06-02-2026 16:02:59.376,38629376,4.44,
2026-02-06T15:03:01.9403210Z,06-02-2026 16:02:59.376,38629376,4.38,
2026-02-06T15:03:01.9403210Z,06-02-2026 16:02:59.376,38629376,4.38,
2026-02-06T15:03:01.9403210Z,06-02-2026 16:02:59.376,38629376,4.38,
2026-02-06T15:03:01.9403210Z,06-02-2026 16:02:59.376,38629376,4.38,
2026-02-06T15:03:01.9403210Z,06-02-2026 16:02:59.376,38629376,4.38,
2026-02-06T15:03:01.9403210Z,06-02-2026 16:02:59.376,38629376,4.44,
2026-02-06T15:03:01.9403210Z,06-02-2026 16:02:59.376,38629376,4.44,
2026-02-06T15:03:01.9403210Z,06-02-2026 16:02:59.376,38629376,4.44,
2026-02-06T15:03:01.9403210Z,06-02-2026 16:02:59.376,38629376,4.38,
2026-02-06T15:03:01.9403210Z,06-02-2026 16:02:59.376,38629376,4.38,
2026-02-06T15:03:01.9403210Z,06-02-2026 16:02:59.376,38629376,4.31,
2026-02-06T15:03:01.9403210Z,06-02-2026 16:02:59.376,38629376,4.31,
2026-02-06T15:03:01.9403210Z,06-02-2026 16:02:59.376,38629376,4.31,
2026-02-06T15:03:01.9403210Z,06-02-2026 16:02:59.376,38629376,4.38,
2026-02-06T15:03:01.9403210Z,06-02-2026 16:02:59.376,38629376,4.38,
2026-02-06T15:03:01.9403210Z,06-02-2026 16:02:59.376,38629376,4.38,
2026-02-06T15:03:01.9403210Z,06-02-2026 16:02:59.376,38629376,4.38,
2026-02-06T15:03:01.9403210Z,06-02-2026 16:02:59.376,38629376,4.38,
2026-02-06T15:03:01.9795485Z,06-02-2026 16:02:59.632,38631424,4.38,
2026-02-06T15:03:01.9795485Z,06-02-2026 16:02:59.632,38631424,4.38,
2026-02-06T15:03:01.9795485Z,06-02-2026 16:02:59.632,38631424,4.38,
2026-02-06T15:03:01.9795485Z,06-02-2026 16:02:59.632,38631424,4.38,
2026-02-06T15:03:01.9795485Z,06-02-2026 16:02:59.632,38631424,4.38,
2026-02-06T15:03:01.9795485Z,06-02-2026 16:02:59.632,38631424,4.38,
2026-02-06T15:03:01.9795485Z,06-02-2026 16:02:59.632,38631424,4.38,
2026-02-06T15:03:01.9795485Z,06-02-2026 16:02:59.632,38631424,4.38,
2026-02-06T15:03:01.9795485Z,06-02-2026 16:02:59.632,38631424,4.38,
2026-02-06T15:03:01.9795485Z,06-02-2026 16:02:59.632,38631424,4.38,
2026-02-06T15:03:01.9795485Z,06-02-2026 16:02:59.632,38631424,4.38,
2026-02-06T15:03:01.9795485Z,06-02-2026 16:02:59.632,38631424,4.38,
2026-02-06T15:03:01.9795485Z,06-02-2026 16:02:59.632,38631424,4.44,
2026-02-06T15:03:01.9795485Z,06-02-2026 16:02:59.632,38631424,4.44,
2026-02-06T15:03:01.9795485Z,06-02-2026 16:02:59.632,38631424,4.44,
2026-02-06T15:03:01.9795485Z,06-02-2026 16:02:59.632,38631424,4.5,
2026-02-06T15:03:01.9795485Z,06-02-2026 16:02:59.632,38631424,4.5,
2026-02-06T15:03:01.9795485Z,06-02-2026 16:02:59.632,38631424,4.5,
2026-02-06T15:03:01.9795485Z,06-02-2026 16:02:59.632,38631424,4.5,
2026-02-06T15:03:01.9795485Z,06-02-2026 16:02:59.632,38631424,4.44,
2026-02-06T15:03:01.9795485Z,06-02-2026 16:02:59.632,38631424,4.44,
2026-02-06T15:03:01.9795485Z,06-02-2026 16:02:59.632,38631424,4.44,
2026-02-06T15:03:01.9795485Z,06-02-2026 16:02:59.632,38631424,4.44,
2026-02-06T15:03:01.9795485Z,06-02-2026 16:02:59.632,38631424,4.44,
2026-02-06T15:03:01.9795485Z,06-02-2026 16:02:59.632,38631424,4.44,
2026-02-06T15:03:01.9795485Z,06-02-2026 16:02:59.632,38631424,4.44,
2026-02-06T15:03:01.9795485Z,06-02-2026 16:02:59.632,38631424,4.44,
2026-02-06T15:03:01.9795485Z,06-02-2026 16:02:59.632,38631424,4.44,
2026-02-06T15:03:01.9795485Z,06-02-2026 16:02:59.632,38631424,4.44,
2026-02-06T15:03:01.9795485Z,06-02-2026 16:02:59.632,38631424,4.44,
2026-02-06T15:03:01.9795485Z,06-02-2026 16:02:59.632,38631424,4.44,
2026-02-06T15:03:01.9795485Z,06-02-2026 16:02:59.632,38631424,4.38,
2026-02-06T15:03:02.9483714Z,06-02-2026 16:02:59.888,38633472,4.38,
2026-02-06T15:03:02.9483714Z,06-02-2026 16:02:59.888,38633472,4.38,
2026-02-06T15:03:02.9483714Z,06-02-2026 16:02:59.888,38633472,4.38,
2026-02-06T15:03:02.9483714Z,06-02-2026 16:02:59.888,38633472,4.38,
2026-02-06T15:03:02.9483714Z,06-02-2026 16:02:59.888,38633472,4.38,
2026-02-06T15:03:02.9483714Z,06-02-2026 16:02:59.888,38633472,4.44,
2026-02-06T15:03:02.9483714Z,06-02-2026 16:02:59.888,38633472,4.44,
2026-02-06T15:03:02.9483714Z,06-02-2026 16:02:59.888,38633472,4.44,
2026-02-06T15:03:02.9483714Z,06-02-2026 16:02:59.888,38633472,4.38,
2026-02-06T15:03:02.9483714Z,06-02-2026 16:02:59.888,38633472,4.38,
2026-02-06T15:03:02.9483714Z,06-02-2026 16:02:59.888,38633472,4.38,
2026-02-06T15:03:02.9483714Z,06-02-2026 16:02:59.888,38633472,4.38,
2026-02-06T15:03:02.9483714Z,06-02-2026 16:02:59.888,38633472,4.44,
2026-02-06T15:03:02.9483714Z,06-02-2026 16:02:59.888,38633472,4.44,
2026-02-06T15:03:02.9483714Z,06-02-2026 16:02:59.888,38633472,4.44,
2026-02-06T15:03:02.9483714Z,06-02-2026 16:02:59.888,38633472,4.38,
2026-02-06T15:03:02.9483714Z,06-02-2026 16:02:59.888,38633472,4.38,
2026-02-06T15:03:02.9483714Z,06-02-2026 16:02:59.888,38633472,4.38,
2026-02-06T15:03:02.9483714Z,06-02-2026 16:02:59.888,38633472,4.38,
2026-02-06T15:03:02.9483714Z,06-02-2026 16:02:59.888,38633472,4.38,
2026-02-06T15:03:02.9483714Z,06-02-2026 16:02:59.888,38633472,4.38,
2026-02-06T15:03:02.9483714Z,06-02-2026 16:02:59.888,38633472,4.38,
2026-02-06T15:03:02.9483714Z,06-02-2026 16:02:59.888,38633472,4.38,
2026-02-06T15:03:02.9483714Z,06-02-2026 16:02:59.888,38633472,4.44,
2026-02-06T15:03:02.9483714Z,06-02-2026 16:02:59.888,38633472,4.44,
2026-02-06T15:03:02.9483714Z,06-02-2026 16:02:59.888,38633472,4.44,
2026-02-06T15:03:02.9483714Z,06-02-2026 16:02:59.888,38633472,4.44,
2026-02-06T15:03:02.9483714Z,06-02-2026 16:02:59.888,38633472,4.44,
2026-02-06T15:03:02.9483714Z,06-02-2026 16:02:59.888,38633472,4.44,
2026-02-06T15:03:02.9483714Z,06-02-2026 16:02:59.888,38633472,4.38,
2026-02-06T15:03:02.9483714Z,06-02-2026 16:02:59.888,38633472,4.38,
2026-02-06T15:03:02.9483714Z,06-02-2026 16:02:59.888,38633472,4.38,
2026-02-06T15:03:02.9674263Z,06-02-2026 16:03:00.144,38635520,4.38,
2026-02-06T15:03:02.9674263Z,06-02-2026 16:03:00.144,38635520,4.31,
2026-02-06T15:03:02.9674263Z,06-02-2026 16:03:00.144,38635520,4.31,
2026-02-06T15:03:02.9674263Z,06-02-2026 16:03:00.144,38635520,4.38,
2026-02-06T15:03:02.9674263Z,06-02-2026 16:03:00.144,38635520,4.44,
2026-02-06T15:03:02.9674263Z,06-02-2026 16:03:00.144,38635520,4.44,
2026-02-06T15:03:02.9674263Z,06-02-2026 16:03:00.144,38635520,4.44,
2026-02-06T15:03:02.9674263Z,06-02-2026 16:03:00.144,38635520,4.38,
2026-02-06T15:03:02.9674263Z,06-02-2026 16:03:00.144,38635520,4.38,
2026-02-06T15:03:02.9674263Z,06-02-2026 16:03:00.144,38635520,4.38,
2026-02-06T15:03:02.9674263Z,06-02-2026 16:03:00.144,38635520,4.44,
2026-02-06T15:03:02.9674263Z,06-02-2026 16:03:00.144,38635520,4.44,
2026-02-06T15:03:02.9674263Z,06-02-2026 16:03:00.144,38635520,4.44,
2026-02-06T15:03:02.9674263Z,06-02-2026 16:03:00.144,38635520,4.38,
2026-02-06T15:03:02.9674263Z,06-02-2026 16:03:00.144,38635520,4.38,
2026-02-06T15:03:02.9674263Z,06-02-2026 16:03:00.144,38635520,4.38,
2026-02-06T15:03:02.9674263Z,06-02-2026 16:03:00.144,38635520,4.38,
2026-02-06T15:03:02.9674263Z,06-02-2026 16:03:00.144,38635520,4.38,
2026-02-06T15:03:02.9674263Z,06-02-2026 16:03:00.144,38635520,4.31,
2026-02-06T15:03:02.9674263Z,06-02-2026 16:03:00.144,38635520,4.31,
2026-02-06T15:03:02.9674263Z,06-02-2026 16:03:00.144,38635520,4.38,
2026-02-06T15:03:02.9674263Z,06-02-2026 16:03:00.144,38635520,4.44,
2026-02-06T15:03:02.9674263Z,06-02-2026 16:03:00.144,38635520,4.44,
2026-02-06T15:03:02.9674263Z,06-02-2026 16:03:00.144,38635520,4.38,
2026-02-06T15:03:02.9674263Z,06-02-2026 16:03:00.144,38635520,4.38,
2026-02-06T15:03:02.9674263Z,06-02-2026 16:03:00.144,38635520,4.31,
2026-02-06T15:03:02.9674263Z,06-02-2026 16:03:00.144,38635520,4.31,
2026-02-06T15:03:02.9674263Z,06-02-2026 16:03:00.144,38635520,4.38,
2026-02-06T15:03:02.9674263Z,06-02-2026 16:03:00.144,38635520,4.38,
2026-02-06T15:03:02.9674263Z,06-02-2026 16:03:00.144,38635520,4.44,
2026-02-06T15:03:02.9674263Z,06-02-2026 16:03:00.144,38635520,4.44,
2026-02-06T15:03:02.9674263Z,06-02-2026 16:03:00.144,38635520,4.38,
2026-02-06T15:03:02.9879788Z,06-02-2026 16:03:00.400,38637568,4.38,
2026-02-06T15:03:02.9879788Z,06-02-2026 16:03:00.400,38637568,4.38,
2026-02-06T15:03:02.9879788Z,06-02-2026 16:03:00.400,38637568,4.38,
2026-02-06T15:03:02.9879788Z,06-02-2026 16:03:00.400,38637568,4.38,
2026-02-06T15:03:02.9879788Z,06-02-2026 16:03:00.400,38637568,4.44,
2026-02-06T15:03:02.9879788Z,06-02-2026 16:03:00.400,38637568,4.44,
2026-02-06T15:03:02.9879788Z,06-02-2026 16:03:00.400,38637568,4.44,
2026-02-06T15:03:02.9879788Z,06-02-2026 16:03:00.400,38637568,4.44,
2026-02-06T15:03:02.9879788Z,06-02-2026 16:03:00.400,38637568,4.44,
2026-02-06T15:03:02.9879788Z,06-02-2026 16:03:00.400,38637568,4.44,
2026-02-06T15:03:02.9879788Z,06-02-2026 16:03:00.400,38637568,4.44,
2026-02-06T15:03:02.9879788Z,06-02-2026 16:03:00.400,38637568,4.44,
2026-02-06T15:03:02.9879788Z,06-02-2026 16:03:00.400,38637568,4.38,
2026-02-06T15:03:02.9879788Z,06-02-2026 16:03:00.400,38637568,4.38,
2026-02-06T15:03:02.9879788Z,06-02-2026 16:03:00.400,38637568,4.31,
2026-02-06T15:03:02.9879788Z,06-02-2026 16:03:00.400,38637568,4.38,
2026-02-06T15:03:02.9879788Z,06-02-2026 16:03:00.400,38637568,4.38,
2026-02-06T15:03:02.9879788Z,06-02-2026 16:03:00.400,38637568,4.44,
2026-02-06T15:03:02.9879788Z,06-02-2026 16:03:00.400,38637568,4.44,
2026-02-06T15:03:02.9879788Z,06-02-2026 16:03:00.400,38637568,4.44,
2026-02-06T15:03:02.9879788Z,06-02-2026 16:03:00.400,38637568,4.44,
2026-02-06T15:03:02.9879788Z,06-02-2026 16:03:00.400,38637568,4.44,
2026-02-06T15:03:02.9879788Z,06-02-2026 16:03:00.400,38637568,4.44,
2026-02-06T15:03:02.9879788Z,06-02-2026 16:03:00.400,38637568,4.44,
2026-02-06T15:03:02.9879788Z,06-02-2026 16:03:00.400,38637568,4.38,
2026-02-06T15:03:02.9879788Z,06-02-2026 16:03:00.400,38637568,4.38,
2026-02-06T15:03:02.9879788Z,06-02-2026 16:03:00.400,38637568,4.38,
2026-02-06T15:03:02.9879788Z,06-02-2026 16:03:00.400,38637568,4.31,
2026-02-06T15:03:02.9879788Z,06-02-2026 16:03:00.400,38637568,4.31,
2026-02-06T15:03:02.9879788Z,06-02-2026 16:03:00.400,38637568,4.31,
2026-02-06T15:03:02.9879788Z,06-02-2026 16:03:00.400,38637568,4.38,
2026-02-06T15:03:02.9879788Z,06-02-2026 16:03:00.400,38637568,4.38,
2026-02-06T15:03:03.0241373Z,06-02-2026 16:03:00.656,38639616,4.38,
2026-02-06T15:03:03.0241373Z,06-02-2026 16:03:00.656,38639616,4.44,
2026-02-06T15:03:03.0241373Z,06-02-2026 16:03:00.656,38639616,4.44,
2026-02-06T15:03:03.0241373Z,06-02-2026 16:03:00.656,38639616,4.44,
2026-02-06T15:03:03.0241373Z,06-02-2026 16:03:00.656,38639616,4.44,
2026-02-06T15:03:03.0241373Z,06-02-2026 16:03:00.656,38639616,4.44,
2026-02-06T15:03:03.0241373Z,06-02-2026 16:03:00.656,38639616,4.44,
2026-02-06T15:03:03.0241373Z,06-02-2026 16:03:00.656,38639616,4.44,
2026-02-06T15:03:03.0241373Z,06-02-2026 16:03:00.656,38639616,4.44,
2026-02-06T15:03:03.0241373Z,06-02-2026 16:03:00.656,38639616,4.44,
2026-02-06T15:03:03.0241373Z,06-02-2026 16:03:00.656,38639616,4.44,
2026-02-06T15:03:03.0241373Z,06-02-2026 16:03:00.656,38639616,4.44,
2026-02-06T15:03:03.0241373Z,06-02-2026 16:03:00.656,38639616,4.44,
2026-02-06T15:03:03.0241373Z,06-02-2026 16:03:00.656,38639616,4.44,
2026-02-06T15:03:03.0241373Z,06-02-2026 16:03:00.656,38639616,4.44,
2026-02-06T15:03:03.0241373Z,06-02-2026 16:03:00.656,38639616,4.44,
2026-02-06T15:03:03.0241373Z,06-02-2026 16:03:00.656,38639616,4.44,
2026-02-06T15:03:03.0241373Z,06-02-2026 16:03:00.656,38639616,4.44,
2026-02-06T15:03:03.0241373Z,06-02-2026 16:03:00.656,38639616,4.38,
2026-02-06T15:03:03.0241373Z,06-02-2026 16:03:00.656,38639616,4.31,
2026-02-06T15:03:03.0241373Z,06-02-2026 16:03:00.656,38639616,4.31,
2026-02-06T15:03:03.0241373Z,06-02-2026 16:03:00.656,38639616,4.31,
2026-02-06T15:03:03.0241373Z,06-02-2026 16:03:00.656,38639616,4.38,
2026-02-06T15:03:03.0241373Z,06-02-2026 16:03:00.656,38639616,4.44,
2026-02-06T15:03:03.0241373Z,06-02-2026 16:03:00.656,38639616,4.44,
2026-02-06T15:03:03.0241373Z,06-02-2026 16:03:00.656,38639616,4.44,
2026-02-06T15:03:03.0241373Z,06-02-2026 16:03:00.656,38639616,4.44,
2026-02-06T15:03:03.0241373Z,06-02-2026 16:03:00.656,38639616,4.44,
2026-02-06T15:03:03.0241373Z,06-02-2026 16:03:00.656,38639616,4.38,
2026-02-06T15:03:03.0241373Z,06-02-2026 16:03:00.656,38639616,4.38,
2026-02-06T15:03:03.0241373Z,06-02-2026 16:03:00.656,38639616,4.38,
2026-02-06T15:03:03.0241373Z,06-02-2026 16:03:00.656,38639616,4.38,
2026-02-06T15:03:03.9647281Z,06-02-2026 16:03:00.912,38641664,4.44,
2026-02-06T15:03:03.9647281Z,06-02-2026 16:03:00.912,38641664,4.44,
2026-02-06T15:03:03.9647281Z,06-02-2026 16:03:00.912,38641664,4.5,
2026-02-06T15:03:03.9647281Z,06-02-2026 16:03:00.912,38641664,4.44,
2026-02-06T15:03:03.9647281Z,06-02-2026 16:03:00.912,38641664,4.44,
2026-02-06T15:03:03.9647281Z,06-02-2026 16:03:00.912,38641664,4.44,
2026-02-06T15:03:03.9647281Z,06-02-2026 16:03:00.912,38641664,4.44,
2026-02-06T15:03:03.9647281Z,06-02-2026 16:03:00.912,38641664,4.44,
2026-02-06T15:03:03.9647281Z,06-02-2026 16:03:00.912,38641664,4.44,
2026-02-06T15:03:03.9647281Z,06-02-2026 16:03:00.912,38641664,4.44,
2026-02-06T15:03:03.9647281Z,06-02-2026 16:03:00.912,38641664,4.38,
2026-02-06T15:03:03.9647281Z,06-02-2026 16:03:00.912,38641664,4.38,
2026-02-06T15:03:03.9647281Z,06-02-2026 16:03:00.912,38641664,4.38,
2026-02-06T15:03:03.9647281Z,06-02-2026 16:03:00.912,38641664,4.38,
2026-02-06T15:03:03.9647281Z,06-02-2026 16:03:00.912,38641664,4.38,
2026-02-06T15:03:03.9647281Z,06-02-2026 16:03:00.912,38641664,4.38,
2026-02-06T15:03:03.9647281Z,06-02-2026 16:03:00.912,38641664,4.31,
2026-02-06T15:03:03.9647281Z,06-02-2026 16:03:00.912,38641664,4.31,
2026-02-06T15:03:03.9647281Z,06-02-2026 16:03:00.912,38641664,4.31,
2026-02-06T15:03:03.9647281Z,06-02-2026 16:03:00.912,38641664,4.31,
2026-02-06T15:03:03.9647281Z,06-02-2026 16:03:00.912,38641664,4.38,
2026-02-06T15:03:03.9647281Z,06-02-2026 16:03:00.912,38641664,4.38,
2026-02-06T15:03:03.9647281Z,06-02-2026 16:03:00.912,38641664,4.38,
2026-02-06T15:03:03.9647281Z,06-02-2026 16:03:00.912,38641664,4.38,
2026-02-06T15:03:03.9647281Z,06-02-2026 16:03:00.912,38641664,4.31,
2026-02-06T15:03:03.9647281Z,06-02-2026 16:03:00.912,38641664,4.31,
2026-02-06T15:03:03.9647281Z,06-02-2026 16:03:00.912,38641664,4.38,
2026-02-06T15:03:03.9647281Z,06-02-2026 16:03:00.912,38641664,4.38,
2026-02-06T15:03:03.9647281Z,06-02-2026 16:03:00.912,38641664,4.38,
2026-02-06T15:03:03.9647281Z,06-02-2026 16:03:00.912,38641664,4.38,
2026-02-06T15:03:03.9647281Z,06-02-2026 16:03:00.912,38641664,4.38,
2026-02-06T15:03:03.9647281Z,06-02-2026 16:03:00.912,38641664,4.38,
2026-02-06T15:03:03.9778888Z,06-02-2026 16:03:01.168,38643712,4.38,
2026-02-06T15:03:03.9778888Z,06-02-2026 16:03:01.168,38643712,4.38,
2026-02-06T15:03:03.9778888Z,06-02-2026 16:03:01.168,38643712,4.31,
2026-02-06T15:03:03.9778888Z,06-02-2026 16:03:01.168,38643712,4.31,
2026-02-06T15:03:03.9778888Z,06-02-2026 16:03:01.168,38643712,4.31,
2026-02-06T15:03:03.9778888Z,06-02-2026 16:03:01.168,38643712,4.38,
2026-02-06T15:03:03.9778888Z,06-02-2026 16:03:01.168,38643712,4.44,
2026-02-06T15:03:03.9778888Z,06-02-2026 16:03:01.168,38643712,4.44,
2026-02-06T15:03:03.9778888Z,06-02-2026 16:03:01.168,38643712,4.44,
2026-02-06T15:03:03.9778888Z,06-02-2026 16:03:01.168,38643712,4.44,
2026-02-06T15:03:03.9778888Z,06-02-2026 16:03:01.168,38643712,4.38,
2026-02-06T15:03:03.9778888Z,06-02-2026 16:03:01.168,38643712,4.38,
2026-02-06T15:03:03.9778888Z,06-02-2026 16:03:01.168,38643712,4.38,
2026-02-06T15:03:03.9778888Z,06-02-2026 16:03:01.168,38643712,4.38,
2026-02-06T15:03:03.9778888Z,06-02-2026 16:03:01.168,38643712,4.38,
2026-02-06T15:03:03.9778888Z,06-02-2026 16:03:01.168,38643712,4.38,
2026-02-06T15:03:03.9778888Z,06-02-2026 16:03:01.168,38643712,4.38,
2026-02-06T15:03:03.9778888Z,06-02-2026 16:03:01.168,38643712,4.38,
2026-02-06T15:03:03.9778888Z,06-02-2026 16:03:01.168,38643712,4.38,
2026-02-06T15:03:03.9778888Z,06-02-2026 16:03:01.168,38643712,4.44,
2026-02-06T15:03:03.9778888Z,06-02-2026 16:03:01.168,38643712,4.44,
2026-02-06T15:03:03.9778888Z,06-02-2026 16:03:01.168,38643712,4.44,
2026-02-06T15:03:03.9778888Z,06-02-2026 16:03:01.168,38643712,4.44,
2026-02-06T15:03:03.9778888Z,06-02-2026 16:03:01.168,38643712,4.44,
2026-02-06T15:03:03.9778888Z,06-02-2026 16:03:01.168,38643712,4.44,
2026-02-06T15:03:03.9778888Z,06-02-2026 16:03:01.168,38643712,4.44,
2026-02-06T15:03:03.9778888Z,06-02-2026 16:03:01.168,38643712,4.44,
2026-02-06T15:03:03.9778888Z,06-02-2026 16:03:01.168,38643712,4.44,
2026-02-06T15:03:03.9778888Z,06-02-2026 16:03:01.168,38643712,4.44,
2026-02-06T15:03:03.9778888Z,06-02-2026 16:03:01.168,38643712,4.44,
2026-02-06T15:03:03.9778888Z,06-02-2026 16:03:01.168,38643712,4.44,
2026-02-06T15:03:03.9778888Z,06-02-2026 16:03:01.168,38643712,4.44,
2026-02-06T15:03:03.9949669Z,06-02-2026 16:03:01.424,38645760,4.44,
2026-02-06T15:03:03.9949669Z,06-02-2026 16:03:01.424,38645760,4.44,
2026-02-06T15:03:03.9949669Z,06-02-2026 16:03:01.424,38645760,4.38,
2026-02-06T15:03:03.9949669Z,06-02-2026 16:03:01.424,38645760,4.38,
2026-02-06T15:03:03.9949669Z,06-02-2026 16:03:01.424,38645760,4.38,
2026-02-06T15:03:03.9949669Z,06-02-2026 16:03:01.424,38645760,4.38,
2026-02-06T15:03:03.9949669Z,06-02-2026 16:03:01.424,38645760,4.31,
2026-02-06T15:03:03.9949669Z,06-02-2026 16:03:01.424,38645760,4.31,
2026-02-06T15:03:03.9949669Z,06-02-2026 16:03:01.424,38645760,4.31,
2026-02-06T15:03:03.9949669Z,06-02-2026 16:03:01.424,38645760,4.38,
2026-02-06T15:03:03.9949669Z,06-02-2026 16:03:01.424,38645760,4.38,
2026-02-06T15:03:03.9949669Z,06-02-2026 16:03:01.424,38645760,4.38,
2026-02-06T15:03:03.9949669Z,06-02-2026 16:03:01.424,38645760,4.38,
2026-02-06T15:03:03.9949669Z,06-02-2026 16:03:01.424,38645760,4.38,
2026-02-06T15:03:03.9949669Z,06-02-2026 16:03:01.424,38645760,4.44,
2026-02-06T15:03:03.9949669Z,06-02-2026 16:03:01.424,38645760,4.44,
2026-02-06T15:03:03.9949669Z,06-02-2026 16:03:01.424,38645760,4.44,
2026-02-06T15:03:03.9949669Z,06-02-2026 16:03:01.424,38645760,4.38,
2026-02-06T15:03:03.9949669Z,06-02-2026 16:03:01.424,38645760,4.38,
2026-02-06T15:03:03.9949669Z,06-02-2026 16:03:01.424,38645760,4.38,
2026-02-06T15:03:03.9949669Z,06-02-2026 16:03:01.424,38645760,4.38,
2026-02-06T15:03:03.9949669Z,06-02-2026 16:03:01.424,38645760,4.44,
2026-02-06T15:03:03.9949669Z,06-02-2026 16:03:01.424,38645760,4.44,
2026-02-06T15:03:03.9949669Z,06-02-2026 16:03:01.424,38645760,4.44,
2026-02-06T15:03:03.9949669Z,06-02-2026 16:03:01.424,38645760,4.44,
2026-02-06T15:03:03.9949669Z,06-02-2026 16:03:01.424,38645760,4.44,
2026-02-06T15:03:03.9949669Z,06-02-2026 16:03:01.424,38645760,4.38,
2026-02-06T15:03:03.9949669Z,06-02-2026 16:03:01.424,38645760,4.38,
2026-02-06T15:03:03.9949669Z,06-02-2026 16:03:01.424,38645760,4.44,
2026-02-06T15:03:03.9949669Z,06-02-2026 16:03:01.424,38645760,4.44,
2026-02-06T15:03:03.9949669Z,06-02-2026 16:03:01.424,38645760,4.5,
2026-02-06T15:03:03.9949669Z,06-02-2026 16:03:01.424,38645760,4.44,
2026-02-06T15:03:04.0219882Z,06-02-2026 16:03:01.680,38647808,4.44,
2026-02-06T15:03:04.0219882Z,06-02-2026 16:03:01.680,38647808,4.44,
2026-02-06T15:03:04.0219882Z,06-02-2026 16:03:01.680,38647808,4.44,
2026-02-06T15:03:04.0219882Z,06-02-2026 16:03:01.680,38647808,4.44,
2026-02-06T15:03:04.0219882Z,06-02-2026 16:03:01.680,38647808,4.44,
2026-02-06T15:03:04.0219882Z,06-02-2026 16:03:01.680,38647808,4.38,
2026-02-06T15:03:04.0219882Z,06-02-2026 16:03:01.680,38647808,4.38,
2026-02-06T15:03:04.0219882Z,06-02-2026 16:03:01.680,38647808,4.38,
2026-02-06T15:03:04.0219882Z,06-02-2026 16:03:01.680,38647808,4.38,
2026-02-06T15:03:04.0219882Z,06-02-2026 16:03:01.680,38647808,4.38,
2026-02-06T15:03:04.0219882Z,06-02-2026 16:03:01.680,38647808,4.38,
2026-02-06T15:03:04.0219882Z,06-02-2026 16:03:01.680,38647808,4.38,
2026-02-06T15:03:04.0219882Z,06-02-2026 16:03:01.680,38647808,4.38,
2026-02-06T15:03:04.0219882Z,06-02-2026 16:03:01.680,38647808,4.44,
2026-02-06T15:03:04.0219882Z,06-02-2026 16:03:01.680,38647808,4.44,
2026-02-06T15:03:04.0219882Z,06-02-2026 16:03:01.680,38647808,4.44,
2026-02-06T15:03:04.0219882Z,06-02-2026 16:03:01.680,38647808,4.44,
2026-02-06T15:03:04.0219882Z,06-02-2026 16:03:01.680,38647808,4.44,
2026-02-06T15:03:04.0219882Z,06-02-2026 16:03:01.680,38647808,4.44,
2026-02-06T15:03:04.0219882Z,06-02-2026 16:03:01.680,38647808,4.5,
2026-02-06T15:03:04.0219882Z,06-02-2026 16:03:01.680,38647808,4.44,
2026-02-06T15:03:04.0219882Z,06-02-2026 16:03:01.680,38647808,4.44,
2026-02-06T15:03:04.0219882Z,06-02-2026 16:03:01.680,38647808,4.44,
2026-02-06T15:03:04.0219882Z,06-02-2026 16:03:01.680,38647808,4.44,
2026-02-06T15:03:04.0219882Z,06-02-2026 16:03:01.680,38647808,4.44,
2026-02-06T15:03:04.0219882Z,06-02-2026 16:03:01.680,38647808,4.44,
2026-02-06T15:03:04.0219882Z,06-02-2026 16:03:01.680,38647808,4.44,
2026-02-06T15:03:04.0219882Z,06-02-2026 16:03:01.680,38647808,4.44,
2026-02-06T15:03:04.0219882Z,06-02-2026 16:03:01.680,38647808,4.44,
2026-02-06T15:03:04.0219882Z,06-02-2026 16:03:01.680,38647808,4.44,
2026-02-06T15:03:04.0219882Z,06-02-2026 16:03:01.680,38647808,4.44,
2026-02-06T15:03:04.0219882Z,06-02-2026 16:03:01.680,38647808,4.44,
2026-02-06T15:03:04.9781861Z,06-02-2026 16:03:01.936,38649856,4.44,
2026-02-06T15:03:04.9781861Z,06-02-2026 16:03:01.936,38649856,4.44,
2026-02-06T15:03:04.9781861Z,06-02-2026 16:03:01.936,38649856,4.44,
2026-02-06T15:03:04.9781861Z,06-02-2026 16:03:01.936,38649856,4.44,
2026-02-06T15:03:04.9781861Z,06-02-2026 16:03:01.936,38649856,4.44,
2026-02-06T15:03:04.9781861Z,06-02-2026 16:03:01.936,38649856,4.38,
2026-02-06T15:03:04.9781861Z,06-02-2026 16:03:01.936,38649856,4.38,
2026-02-06T15:03:04.9781861Z,06-02-2026 16:03:01.936,38649856,4.38,
2026-02-06T15:03:04.9781861Z,06-02-2026 16:03:01.936,38649856,4.38,
2026-02-06T15:03:04.9781861Z,06-02-2026 16:03:01.936,38649856,4.38,
2026-02-06T15:03:04.9781861Z,06-02-2026 16:03:01.936,38649856,4.44,
2026-02-06T15:03:04.9781861Z,06-02-2026 16:03:01.936,38649856,4.44,
2026-02-06T15:03:04.9781861Z,06-02-2026 16:03:01.936,38649856,4.44,
2026-02-06T15:03:04.9781861Z,06-02-2026 16:03:01.936,38649856,4.38,
2026-02-06T15:03:04.9781861Z,06-02-2026 16:03:01.936,38649856,4.38,
2026-02-06T15:03:04.9781861Z,06-02-2026 16:03:01.936,38649856,4.38,
2026-02-06T15:03:04.9781861Z,06-02-2026 16:03:01.936,38649856,4.38,
2026-02-06T15:03:04.9781861Z,06-02-2026 16:03:01.936,38649856,4.38,
2026-02-06T15:03:04.9781861Z,06-02-2026 16:03:01.936,38649856,4.44,
2026-02-06T15:03:04.9781861Z,06-02-2026 16:03:01.936,38649856,4.44,
2026-02-06T15:03:04.9781861Z,06-02-2026 16:03:01.936,38649856,4.44,
2026-02-06T15:03:04.9781861Z,06-02-2026 16:03:01.936,38649856,4.44,
2026-02-06T15:03:04.9781861Z,06-02-2026 16:03:01.936,38649856,4.44,
2026-02-06T15:03:04.9781861Z,06-02-2026 16:03:01.936,38649856,4.44,
2026-02-06T15:03:04.9781861Z,06-02-2026 16:03:01.936,38649856,4.44,
2026-02-06T15:03:04.9781861Z,06-02-2026 16:03:01.936,38649856,4.38,
2026-02-06T15:03:04.9781861Z,06-02-2026 16:03:01.936,38649856,4.38,
2026-02-06T15:03:04.9781861Z,06-02-2026 16:03:01.936,38649856,4.38,
2026-02-06T15:03:04.9781861Z,06-02-2026 16:03:01.936,38649856,4.38,
2026-02-06T15:03:04.9781861Z,06-02-2026 16:03:01.936,38649856,4.38,
2026-02-06T15:03:04.9781861Z,06-02-2026 16:03:01.936,38649856,4.38,
2026-02-06T15:03:04.9781861Z,06-02-2026 16:03:01.936,38649856,4.44,
2026-02-06T15:03:04.9983756Z,06-02-2026 16:03:02.192,38651904,4.5,
2026-02-06T15:03:04.9983756Z,06-02-2026 16:03:02.192,38651904,4.5,
2026-02-06T15:03:04.9983756Z,06-02-2026 16:03:02.192,38651904,4.5,
2026-02-06T15:03:04.9983756Z,06-02-2026 16:03:02.192,38651904,4.5,
2026-02-06T15:03:04.9983756Z,06-02-2026 16:03:02.192,38651904,4.44,
2026-02-06T15:03:04.9983756Z,06-02-2026 16:03:02.192,38651904,4.44,
2026-02-06T15:03:04.9983756Z,06-02-2026 16:03:02.192,38651904,4.44,
2026-02-06T15:03:04.9983756Z,06-02-2026 16:03:02.192,38651904,4.38,
2026-02-06T15:03:04.9983756Z,06-02-2026 16:03:02.192,38651904,4.38,
2026-02-06T15:03:04.9983756Z,06-02-2026 16:03:02.192,38651904,4.38,
2026-02-06T15:03:04.9983756Z,06-02-2026 16:03:02.192,38651904,4.38,
2026-02-06T15:03:04.9983756Z,06-02-2026 16:03:02.192,38651904,4.44,
2026-02-06T15:03:04.9983756Z,06-02-2026 16:03:02.192,38651904,4.44,
2026-02-06T15:03:04.9983756Z,06-02-2026 16:03:02.192,38651904,4.44,
2026-02-06T15:03:04.9983756Z,06-02-2026 16:03:02.192,38651904,4.44,
2026-02-06T15:03:04.9983756Z,06-02-2026 16:03:02.192,38651904,4.44,
2026-02-06T15:03:04.9983756Z,06-02-2026 16:03:02.192,38651904,4.44,
2026-02-06T15:03:04.9983756Z,06-02-2026 16:03:02.192,38651904,4.44,
2026-02-06T15:03:04.9983756Z,06-02-2026 16:03:02.192,38651904,4.44,
2026-02-06T15:03:04.9983756Z,06-02-2026 16:03:02.192,38651904,4.44,
2026-02-06T15:03:04.9983756Z,06-02-2026 16:03:02.192,38651904,4.38,
2026-02-06T15:03:04.9983756Z,06-02-2026 16:03:02.192,38651904,4.38,
2026-02-06T15:03:04.9983756Z,06-02-2026 16:03:02.192,38651904,4.38,
2026-02-06T15:03:04.9983756Z,06-02-2026 16:03:02.192,38651904,4.38,
2026-02-06T15:03:04.9983756Z,06-02-2026 16:03:02.192,38651904,4.38,
2026-02-06T15:03:04.9983756Z,06-02-2026 16:03:02.192,38651904,4.38,
2026-02-06T15:03:04.9983756Z,06-02-2026 16:03:02.192,38651904,4.38,
2026-02-06T15:03:04.9983756Z,06-02-2026 16:03:02.192,38651904,4.38,
2026-02-06T15:03:04.9983756Z,06-02-2026 16:03:02.192,38651904,4.38,
2026-02-06T15:03:04.9983756Z,06-02-2026 16:03:02.192,38651904,4.38,
2026-02-06T15:03:04.9983756Z,06-02-2026 16:03:02.192,38651904,4.44,
2026-02-06T15:03:04.9983756Z,06-02-2026 16:03:02.192,38651904,4.44,
2026-02-06T15:03:05.0127461Z,06-02-2026 16:03:02.448,38653952,4.5,
2026-02-06T15:03:05.0127461Z,06-02-2026 16:03:02.448,38653952,4.5,
2026-02-06T15:03:05.0127461Z,06-02-2026 16:03:02.448,38653952,4.5,
2026-02-06T15:03:05.0127461Z,06-02-2026 16:03:02.448,38653952,4.5,
2026-02-06T15:03:05.0127461Z,06-02-2026 16:03:02.448,38653952,4.5,
2026-02-06T15:03:05.0127461Z,06-02-2026 16:03:02.448,38653952,4.44,
2026-02-06T15:03:05.0127461Z,06-02-2026 16:03:02.448,38653952,4.44,
2026-02-06T15:03:05.0127461Z,06-02-2026 16:03:02.448,38653952,4.44,
2026-02-06T15:03:05.0127461Z,06-02-2026 16:03:02.448,38653952,4.44,
2026-02-06T15:03:05.0127461Z,06-02-2026 16:03:02.448,38653952,4.44,
2026-02-06T15:03:05.0127461Z,06-02-2026 16:03:02.448,38653952,4.44,
2026-02-06T15:03:05.0127461Z,06-02-2026 16:03:02.448,38653952,4.44,
2026-02-06T15:03:05.0127461Z,06-02-2026 16:03:02.448,38653952,4.44,
2026-02-06T15:03:05.0127461Z,06-02-2026 16:03:02.448,38653952,4.44,
2026-02-06T15:03:05.0127461Z,06-02-2026 16:03:02.448,38653952,4.44,
2026-02-06T15:03:05.0127461Z,06-02-2026 16:03:02.448,38653952,4.44,
2026-02-06T15:03:05.0127461Z,06-02-2026 16:03:02.448,38653952,4.44,
2026-02-06T15:03:05.0127461Z,06-02-2026 16:03:02.448,38653952,4.44,
2026-02-06T15:03:05.0127461Z,06-02-2026 16:03:02.448,38653952,4.38,
2026-02-06T15:03:05.0127461Z,06-02-2026 16:03:02.448,38653952,4.38,
2026-02-06T15:03:05.0127461Z,06-02-2026 16:03:02.448,38653952,4.38,
2026-02-06T15:03:05.0127461Z,06-02-2026 16:03:02.448,38653952,4.38,
2026-02-06T15:03:05.0127461Z,06-02-2026 16:03:02.448,38653952,4.38,
2026-02-06T15:03:05.0127461Z,06-02-2026 16:03:02.448,38653952,4.38,
2026-02-06T15:03:05.0127461Z,06-02-2026 16:03:02.448,38653952,4.44,
2026-02-06T15:03:05.0127461Z,06-02-2026 16:03:02.448,38653952,4.44,
2026-02-06T15:03:05.0127461Z,06-02-2026 16:03:02.448,38653952,4.44,
2026-02-06T15:03:05.0127461Z,06-02-2026 16:03:02.448,38653952,4.44,
2026-02-06T15:03:05.0127461Z,06-02-2026 16:03:02.448,38653952,4.44,
2026-02-06T15:03:05.0127461Z,06-02-2026 16:03:02.448,38653952,4.44,
2026-02-06T15:03:05.0127461Z,06-02-2026 16:03:02.448,38653952,4.44,
2026-02-06T15:03:05.0127461Z,06-02-2026 16:03:02.448,38653952,4.44,
2026-02-06T15:03:05.0597321Z,06-02-2026 16:03:02.704,38656000,4.38,
2026-02-06T15:03:05.0597321Z,06-02-2026 16:03:02.704,38656000,4.38,
2026-02-06T15:03:05.0597321Z,06-02-2026 16:03:02.704,38656000,4.38,
2026-02-06T15:03:05.0597321Z,06-02-2026 16:03:02.704,38656000,4.44,
2026-02-06T15:03:05.0597321Z,06-02-2026 16:03:02.704,38656000,4.44,
2026-02-06T15:03:05.0597321Z,06-02-2026 16:03:02.704,38656000,4.44,
2026-02-06T15:03:05.0597321Z,06-02-2026 16:03:02.704,38656000,4.44,
2026-02-06T15:03:05.0597321Z,06-02-2026 16:03:02.704,38656000,4.44,
2026-02-06T15:03:05.0597321Z,06-02-2026 16:03:02.704,38656000,4.44,
2026-02-06T15:03:05.0597321Z,06-02-2026 16:03:02.704,38656000,4.44,
2026-02-06T15:03:05.0597321Z,06-02-2026 16:03:02.704,38656000,4.5,
2026-02-06T15:03:05.0597321Z,06-02-2026 16:03:02.704,38656000,4.5,
2026-02-06T15:03:05.0597321Z,06-02-2026 16:03:02.704,38656000,4.44,
2026-02-06T15:03:05.0597321Z,06-02-2026 16:03:02.704,38656000,4.38,
2026-02-06T15:03:05.0597321Z,06-02-2026 16:03:02.704,38656000,4.38,
2026-02-06T15:03:05.0597321Z,06-02-2026 16:03:02.704,38656000,4.38,
2026-02-06T15:03:05.0597321Z,06-02-2026 16:03:02.704,38656000,4.38,
2026-02-06T15:03:05.0597321Z,06-02-2026 16:03:02.704,38656000,4.38,
2026-02-06T15:03:05.0597321Z,06-02-2026 16:03:02.704,38656000,4.38,
2026-02-06T15:03:05.0597321Z,06-02-2026 16:03:02.704,38656000,4.44,
2026-02-06T15:03:05.0597321Z,06-02-2026 16:03:02.704,38656000,4.44,
2026-02-06T15:03:05.0597321Z,06-02-2026 16:03:02.704,38656000,4.44,
2026-02-06T15:03:05.0597321Z,06-02-2026 16:03:02.704,38656000,4.44,
2026-02-06T15:03:05.0597321Z,06-02-2026 16:03:02.704,38656000,4.44,
2026-02-06T15:03:05.0597321Z,06-02-2026 16:03:02.704,38656000,4.44,
2026-02-06T15:03:05.0597321Z,06-02-2026 16:03:02.704,38656000,4.44,
2026-02-06T15:03:05.0597321Z,06-02-2026 16:03:02.704,38656000,4.44,
2026-02-06T15:03:05.0597321Z,06-02-2026 16:03:02.704,38656000,4.44,
2026-02-06T15:03:05.0597321Z,06-02-2026 16:03:02.704,38656000,4.38,
2026-02-06T15:03:05.0597321Z,06-02-2026 16:03:02.704,38656000,4.38,
2026-02-06T15:03:05.0597321Z,06-02-2026 16:03:02.704,38656000,4.38,
2026-02-06T15:03:05.0597321Z,06-02-2026 16:03:02.704,38656000,4.38,
2026-02-06T15:03:06.0210697Z,06-02-2026 16:03:02.960,38658048,4.44,
2026-02-06T15:03:06.0210697Z,06-02-2026 16:03:02.960,38658048,4.44,
2026-02-06T15:03:06.0210697Z,06-02-2026 16:03:02.960,38658048,4.44,
2026-02-06T15:03:06.0210697Z,06-02-2026 16:03:02.960,38658048,4.44,
2026-02-06T15:03:06.0210697Z,06-02-2026 16:03:02.960,38658048,4.44,
2026-02-06T15:03:06.0210697Z,06-02-2026 16:03:02.960,38658048,4.38,
2026-02-06T15:03:06.0210697Z,06-02-2026 16:03:02.960,38658048,4.38,
2026-02-06T15:03:06.0210697Z,06-02-2026 16:03:02.960,38658048,4.38,
2026-02-06T15:03:06.0210697Z,06-02-2026 16:03:02.960,38658048,4.38,
2026-02-06T15:03:06.0210697Z,06-02-2026 16:03:02.960,38658048,4.38,
2026-02-06T15:03:06.0210697Z,06-02-2026 16:03:02.960,38658048,4.38,
2026-02-06T15:03:06.0210697Z,06-02-2026 16:03:02.960,38658048,4.38,
2026-02-06T15:03:06.0210697Z,06-02-2026 16:03:02.960,38658048,4.38,
2026-02-06T15:03:06.0210697Z,06-02-2026 16:03:02.960,38658048,4.38,
2026-02-06T15:03:06.0210697Z,06-02-2026 16:03:02.960,38658048,4.38,
2026-02-06T15:03:06.0210697Z,06-02-2026 16:03:02.960,38658048,4.38,
2026-02-06T15:03:06.0210697Z,06-02-2026 16:03:02.960,38658048,4.44,
2026-02-06T15:03:06.0210697Z,06-02-2026 16:03:02.960,38658048,4.5,
2026-02-06T15:03:06.0210697Z,06-02-2026 16:03:02.960,38658048,4.5,
2026-02-06T15:03:06.0210697Z,06-02-2026 16:03:02.960,38658048,4.5,
2026-02-06T15:03:06.0210697Z,06-02-2026 16:03:02.960,38658048,4.44,
2026-02-06T15:03:06.0210697Z,06-02-2026 16:03:02.960,38658048,4.38,
2026-02-06T15:03:06.0210697Z,06-02-2026 16:03:02.960,38658048,4.38,
2026-02-06T15:03:06.0210697Z,06-02-2026 16:03:02.960,38658048,4.38,
2026-02-06T15:03:06.0210697Z,06-02-2026 16:03:02.960,38658048,4.38,
2026-02-06T15:03:06.0210697Z,06-02-2026 16:03:02.960,38658048,4.38,
2026-02-06T15:03:06.0210697Z,06-02-2026 16:03:02.960,38658048,4.38,
2026-02-06T15:03:06.0210697Z,06-02-2026 16:03:02.960,38658048,4.38,
2026-02-06T15:03:06.0210697Z,06-02-2026 16:03:02.960,38658048,4.38,
2026-02-06T15:03:06.0210697Z,06-02-2026 16:03:02.960,38658048,4.38,
2026-02-06T15:03:06.0210697Z,06-02-2026 16:03:02.960,38658048,4.44,
2026-02-06T15:03:06.0210697Z,06-02-2026 16:03:02.960,38658048,4.44,
2026-02-06T15:03:06.0309017Z,06-02-2026 16:03:03.216,38660096,4.38,
2026-02-06T15:03:06.0309017Z,06-02-2026 16:03:03.216,38660096,4.31,
2026-02-06T15:03:06.0309017Z,06-02-2026 16:03:03.216,38660096,4.31,
2026-02-06T15:03:06.0309017Z,06-02-2026 16:03:03.216,38660096,4.31,
2026-02-06T15:03:06.0309017Z,06-02-2026 16:03:03.216,38660096,4.31,
2026-02-06T15:03:06.0309017Z,06-02-2026 16:03:03.216,38660096,4.31,
2026-02-06T15:03:06.0309017Z,06-02-2026 16:03:03.216,38660096,4.38,
2026-02-06T15:03:06.0309017Z,06-02-2026 16:03:03.216,38660096,4.31,
2026-02-06T15:03:06.0309017Z,06-02-2026 16:03:03.216,38660096,4.31,
2026-02-06T15:03:06.0309017Z,06-02-2026 16:03:03.216,38660096,4.31,
2026-02-06T15:03:06.0309017Z,06-02-2026 16:03:03.216,38660096,4.38,
2026-02-06T15:03:06.0309017Z,06-02-2026 16:03:03.216,38660096,4.38,
2026-02-06T15:03:06.0309017Z,06-02-2026 16:03:03.216,38660096,4.38,
2026-02-06T15:03:06.0309017Z,06-02-2026 16:03:03.216,38660096,4.38,
2026-02-06T15:03:06.0309017Z,06-02-2026 16:03:03.216,38660096,4.38,
2026-02-06T15:03:06.0309017Z,06-02-2026 16:03:03.216,38660096,4.38,
2026-02-06T15:03:06.0309017Z,06-02-2026 16:03:03.216,38660096,4.38,
2026-02-06T15:03:06.0309017Z,06-02-2026 16:03:03.216,38660096,4.38,
2026-02-06T15:03:06.0309017Z,06-02-2026 16:03:03.216,38660096,4.44,
2026-02-06T15:03:06.0309017Z,06-02-2026 16:03:03.216,38660096,4.38,
2026-02-06T15:03:06.0309017Z,06-02-2026 16:03:03.216,38660096,4.38,
2026-02-06T15:03:06.0309017Z,06-02-2026 16:03:03.216,38660096,4.38,
2026-02-06T15:03:06.0309017Z,06-02-2026 16:03:03.216,38660096,4.38,
2026-02-06T15:03:06.0309017Z,06-02-2026 16:03:03.216,38660096,4.38,
2026-02-06T15:03:06.0309017Z,06-02-2026 16:03:03.216,38660096,4.38,
2026-02-06T15:03:06.0309017Z,06-02-2026 16:03:03.216,38660096,4.31,
2026-02-06T15:03:06.0309017Z,06-02-2026 16:03:03.216,38660096,4.31,
2026-02-06T15:03:06.0309017Z,06-02-2026 16:03:03.216,38660096,4.38,
2026-02-06T15:03:06.0309017Z,06-02-2026 16:03:03.216,38660096,4.38,
2026-02-06T15:03:06.0309017Z,06-02-2026 16:03:03.216,38660096,4.38,
2026-02-06T15:03:06.0309017Z,06-02-2026 16:03:03.216,38660096,4.38,
2026-02-06T15:03:06.0309017Z,06-02-2026 16:03:03.216,38660096,4.31,
2026-02-06T15:03:06.0442757Z,06-02-2026 16:03:03.472,38662144,4.31,
2026-02-06T15:03:06.0442757Z,06-02-2026 16:03:03.472,38662144,4.31,
2026-02-06T15:03:06.0442757Z,06-02-2026 16:03:03.472,38662144,4.31,
2026-02-06T15:03:06.0442757Z,06-02-2026 16:03:03.472,38662144,4.38,
2026-02-06T15:03:06.0442757Z,06-02-2026 16:03:03.472,38662144,4.38,
2026-02-06T15:03:06.0442757Z,06-02-2026 16:03:03.472,38662144,4.31,
2026-02-06T15:03:06.0442757Z,06-02-2026 16:03:03.472,38662144,4.31,
2026-02-06T15:03:06.0442757Z,06-02-2026 16:03:03.472,38662144,4.31,
2026-02-06T15:03:06.0442757Z,06-02-2026 16:03:03.472,38662144,4.31,
2026-02-06T15:03:06.0442757Z,06-02-2026 16:03:03.472,38662144,4.31,
2026-02-06T15:03:06.0442757Z,06-02-2026 16:03:03.472,38662144,4.31,
2026-02-06T15:03:06.0442757Z,06-02-2026 16:03:03.472,38662144,4.38,
2026-02-06T15:03:06.0442757Z,06-02-2026 16:03:03.472,38662144,4.38,
2026-02-06T15:03:06.0442757Z,06-02-2026 16:03:03.472,38662144,4.38,
2026-02-06T15:03:06.0442757Z,06-02-2026 16:03:03.472,38662144,4.38,
2026-02-06T15:03:06.0442757Z,06-02-2026 16:03:03.472,38662144,4.44,
2026-02-06T15:03:06.0442757Z,06-02-2026 16:03:03.472,38662144,4.38,
2026-02-06T15:03:06.0442757Z,06-02-2026 16:03:03.472,38662144,4.38,
2026-02-06T15:03:06.0442757Z,06-02-2026 16:03:03.472,38662144,4.31,
2026-02-06T15:03:06.0442757Z,06-02-2026 16:03:03.472,38662144,4.31,
2026-02-06T15:03:06.0442757Z,06-02-2026 16:03:03.472,38662144,4.31,
2026-02-06T15:03:06.0442757Z,06-02-2026 16:03:03.472,38662144,4.31,
2026-02-06T15:03:06.0442757Z,06-02-2026 16:03:03.472,38662144,4.31,
2026-02-06T15:03:06.0442757Z,06-02-2026 16:03:03.472,38662144,4.31,
2026-02-06T15:03:06.0442757Z,06-02-2026 16:03:03.472,38662144,4.31,
2026-02-06T15:03:06.0442757Z,06-02-2026 16:03:03.472,38662144,4.31,
2026-02-06T15:03:06.0442757Z,06-02-2026 16:03:03.472,38662144,4.31,
2026-02-06T15:03:06.0442757Z,06-02-2026 16:03:03.472,38662144,4.38,
2026-02-06T15:03:06.0442757Z,06-02-2026 16:03:03.472,38662144,4.38,
2026-02-06T15:03:06.0442757Z,06-02-2026 16:03:03.472,38662144,4.38,
2026-02-06T15:03:06.0442757Z,06-02-2026 16:03:03.472,38662144,4.38,
2026-02-06T15:03:06.0442757Z,06-02-2026 16:03:03.472,38662144,4.44,
2026-02-06T15:03:06.0841572Z,06-02-2026 16:03:03.728,38664192,4.44,
2026-02-06T15:03:06.0841572Z,06-02-2026 16:03:03.728,38664192,4.44,
2026-02-06T15:03:06.0841572Z,06-02-2026 16:03:03.728,38664192,4.38,
2026-02-06T15:03:06.0841572Z,06-02-2026 16:03:03.728,38664192,4.38,
2026-02-06T15:03:06.0841572Z,06-02-2026 16:03:03.728,38664192,4.38,
2026-02-06T15:03:06.0841572Z,06-02-2026 16:03:03.728,38664192,4.38,
2026-02-06T15:03:06.0841572Z,06-02-2026 16:03:03.728,38664192,4.38,
2026-02-06T15:03:06.0841572Z,06-02-2026 16:03:03.728,38664192,4.38,
2026-02-06T15:03:06.0841572Z,06-02-2026 16:03:03.728,38664192,4.44,
2026-02-06T15:03:06.0841572Z,06-02-2026 16:03:03.728,38664192,4.44,
2026-02-06T15:03:06.0841572Z,06-02-2026 16:03:03.728,38664192,4.38,
2026-02-06T15:03:06.0841572Z,06-02-2026 16:03:03.728,38664192,4.38,
2026-02-06T15:03:06.0841572Z,06-02-2026 16:03:03.728,38664192,4.38,
2026-02-06T15:03:06.0841572Z,06-02-2026 16:03:03.728,38664192,4.38,
2026-02-06T15:03:06.0841572Z,06-02-2026 16:03:03.728,38664192,4.38,
2026-02-06T15:03:06.0841572Z,06-02-2026 16:03:03.728,38664192,4.38,
2026-02-06T15:03:06.0841572Z,06-02-2026 16:03:03.728,38664192,4.44,
2026-02-06T15:03:06.0841572Z,06-02-2026 16:03:03.728,38664192,4.44,
2026-02-06T15:03:06.0841572Z,06-02-2026 16:03:03.728,38664192,4.44,
2026-02-06T15:03:06.0841572Z,06-02-2026 16:03:03.728,38664192,4.44,
2026-02-06T15:03:06.0841572Z,06-02-2026 16:03:03.728,38664192,4.44,
2026-02-06T15:03:06.0841572Z,06-02-2026 16:03:03.728,38664192,4.44,
2026-02-06T15:03:06.0841572Z,06-02-2026 16:03:03.728,38664192,4.44,
2026-02-06T15:03:06.0841572Z,06-02-2026 16:03:03.728,38664192,4.44,
2026-02-06T15:03:06.0841572Z,06-02-2026 16:03:03.728,38664192,4.38,
2026-02-06T15:03:06.0841572Z,06-02-2026 16:03:03.728,38664192,4.38,
2026-02-06T15:03:06.0841572Z,06-02-2026 16:03:03.728,38664192,4.38,
2026-02-06T15:03:06.0841572Z,06-02-2026 16:03:03.728,38664192,4.38,
2026-02-06T15:03:06.0841572Z,06-02-2026 16:03:03.728,38664192,4.38,
2026-02-06T15:03:06.0841572Z,06-02-2026 16:03:03.728,38664192,4.44,
2026-02-06T15:03:06.0841572Z,06-02-2026 16:03:03.728,38664192,4.44,
2026-02-06T15:03:06.0841572Z,06-02-2026 16:03:03.728,38664192,4.44,
2026-02-06T15:03:07.0220847Z,06-02-2026 16:03:03.984,38666240,4.44,
2026-02-06T15:03:07.0220847Z,06-02-2026 16:03:03.984,38666240,4.44,
2026-02-06T15:03:07.0220847Z,06-02-2026 16:03:03.984,38666240,4.44,
2026-02-06T15:03:07.0220847Z,06-02-2026 16:03:03.984,38666240,4.38,
2026-02-06T15:03:07.0220847Z,06-02-2026 16:03:03.984,38666240,4.38,
2026-02-06T15:03:07.0220847Z,06-02-2026 16:03:03.984,38666240,4.38,
2026-02-06T15:03:07.0220847Z,06-02-2026 16:03:03.984,38666240,4.38,
2026-02-06T15:03:07.0220847Z,06-02-2026 16:03:03.984,38666240,4.38,
2026-02-06T15:03:07.0220847Z,06-02-2026 16:03:03.984,38666240,4.38,
2026-02-06T15:03:07.0220847Z,06-02-2026 16:03:03.984,38666240,4.38,
2026-02-06T15:03:07.0220847Z,06-02-2026 16:03:03.984,38666240,4.38,
2026-02-06T15:03:07.0220847Z,06-02-2026 16:03:03.984,38666240,4.38,
2026-02-06T15:03:07.0220847Z,06-02-2026 16:03:03.984,38666240,4.38,
2026-02-06T15:03:07.0220847Z,06-02-2026 16:03:03.984,38666240,4.38,
2026-02-06T15:03:07.0220847Z,06-02-2026 16:03:03.984,38666240,4.38,
2026-02-06T15:03:07.0220847Z,06-02-2026 16:03:03.984,38666240,4.38,
2026-02-06T15:03:07.0220847Z,06-02-2026 16:03:03.984,38666240,4.38,
2026-02-06T15:03:07.0220847Z,06-02-2026 16:03:03.984,38666240,4.38,
2026-02-06T15:03:07.0220847Z,06-02-2026 16:03:03.984,38666240,4.38,
2026-02-06T15:03:07.0220847Z,06-02-2026 16:03:03.984,38666240,4.44,
2026-02-06T15:03:07.0220847Z,06-02-2026 16:03:03.984,38666240,4.44,
2026-02-06T15:03:07.0220847Z,06-02-2026 16:03:03.984,38666240,4.44,
2026-02-06T15:03:07.0220847Z,06-02-2026 16:03:03.984,38666240,4.44,
2026-02-06T15:03:07.0220847Z,06-02-2026 16:03:03.984,38666240,4.44,
2026-02-06T15:03:07.0220847Z,06-02-2026 16:03:03.984,38666240,4.44,
2026-02-06T15:03:07.0220847Z,06-02-2026 16:03:03.984,38666240,4.44,
2026-02-06T15:03:07.0220847Z,06-02-2026 16:03:03.984,38666240,4.44,
2026-02-06T15:03:07.0220847Z,06-02-2026 16:03:03.984,38666240,4.38,
2026-02-06T15:03:07.0220847Z,06-02-2026 16:03:03.984,38666240,4.38,
2026-02-06T15:03:07.0220847Z,06-02-2026 16:03:03.984,38666240,4.38,
2026-02-06T15:03:07.0220847Z,06-02-2026 16:03:03.984,38666240,4.38,
2026-02-06T15:03:07.0220847Z,06-02-2026 16:03:03.984,38666240,4.38,
2026-02-06T15:03:07.0411548Z,06-02-2026 16:03:04.240,38668288,4.38,
2026-02-06T15:03:07.0411548Z,06-02-2026 16:03:04.240,38668288,4.38,
2026-02-06T15:03:07.0411548Z,06-02-2026 16:03:04.240,38668288,4.38,
2026-02-06T15:03:07.0411548Z,06-02-2026 16:03:04.240,38668288,4.38,
2026-02-06T15:03:07.0411548Z,06-02-2026 16:03:04.240,38668288,4.38,
2026-02-06T15:03:07.0411548Z,06-02-2026 16:03:04.240,38668288,4.31,
2026-02-06T15:03:07.0411548Z,06-02-2026 16:03:04.240,38668288,4.31,
2026-02-06T15:03:07.0411548Z,06-02-2026 16:03:04.240,38668288,4.31,
2026-02-06T15:03:07.0411548Z,06-02-2026 16:03:04.240,38668288,4.31,
2026-02-06T15:03:07.0411548Z,06-02-2026 16:03:04.240,38668288,4.38,
2026-02-06T15:03:07.0411548Z,06-02-2026 16:03:04.240,38668288,4.44,
2026-02-06T15:03:07.0411548Z,06-02-2026 16:03:04.240,38668288,4.44,
2026-02-06T15:03:07.0411548Z,06-02-2026 16:03:04.240,38668288,4.44,
2026-02-06T15:03:07.0411548Z,06-02-2026 16:03:04.240,38668288,4.44,
2026-02-06T15:03:07.0411548Z,06-02-2026 16:03:04.240,38668288,4.44,
2026-02-06T15:03:07.0411548Z,06-02-2026 16:03:04.240,38668288,4.44,
2026-02-06T15:03:07.0411548Z,06-02-2026 16:03:04.240,38668288,4.38,
2026-02-06T15:03:07.0411548Z,06-02-2026 16:03:04.240,38668288,4.38,
2026-02-06T15:03:07.0411548Z,06-02-2026 16:03:04.240,38668288,4.38,
2026-02-06T15:03:07.0411548Z,06-02-2026 16:03:04.240,38668288,4.38,
2026-02-06T15:03:07.0411548Z,06-02-2026 16:03:04.240,38668288,4.38,
2026-02-06T15:03:07.0411548Z,06-02-2026 16:03:04.240,38668288,4.38,
2026-02-06T15:03:07.0411548Z,06-02-2026 16:03:04.240,38668288,4.44,
2026-02-06T15:03:07.0411548Z,06-02-2026 16:03:04.240,38668288,4.44,
2026-02-06T15:03:07.0411548Z,06-02-2026 16:03:04.240,38668288,4.44,
2026-02-06T15:03:07.0411548Z,06-02-2026 16:03:04.240,38668288,4.44,
2026-02-06T15:03:07.0411548Z,06-02-2026 16:03:04.240,38668288,4.38,
2026-02-06T15:03:07.0411548Z,06-02-2026 16:03:04.240,38668288,4.38,
2026-02-06T15:03:07.0411548Z,06-02-2026 16:03:04.240,38668288,4.38,
2026-02-06T15:03:07.0411548Z,06-02-2026 16:03:04.240,38668288,4.38,
2026-02-06T15:03:07.0411548Z,06-02-2026 16:03:04.240,38668288,4.38,
2026-02-06T15:03:07.0411548Z,06-02-2026 16:03:04.240,38668288,4.38,
2026-02-06T15:03:07.0881715Z,06-02-2026 16:03:04.496,38670336,4.38,
2026-02-06T15:03:07.0881715Z,06-02-2026 16:03:04.496,38670336,4.38,
2026-02-06T15:03:07.0881715Z,06-02-2026 16:03:04.496,38670336,4.38,
2026-02-06T15:03:07.0881715Z,06-02-2026 16:03:04.496,38670336,4.38,
2026-02-06T15:03:07.0881715Z,06-02-2026 16:03:04.496,38670336,4.38,
2026-02-06T15:03:07.0881715Z,06-02-2026 16:03:04.496,38670336,4.38,
2026-02-06T15:03:07.0881715Z,06-02-2026 16:03:04.496,38670336,4.44,
2026-02-06T15:03:07.0881715Z,06-02-2026 16:03:04.496,38670336,4.44,
2026-02-06T15:03:07.0881715Z,06-02-2026 16:03:04.496,38670336,4.44,
2026-02-06T15:03:07.0881715Z,06-02-2026 16:03:04.496,38670336,4.44,
2026-02-06T15:03:07.0881715Z,06-02-2026 16:03:04.496,38670336,4.44,
2026-02-06T15:03:07.0881715Z,06-02-2026 16:03:04.496,38670336,4.38,
2026-02-06T15:03:07.0881715Z,06-02-2026 16:03:04.496,38670336,4.38,
2026-02-06T15:03:07.0881715Z,06-02-2026 16:03:04.496,38670336,4.38,
2026-02-06T15:03:07.0881715Z,06-02-2026 16:03:04.496,38670336,4.38,
2026-02-06T15:03:07.0881715Z,06-02-2026 16:03:04.496,38670336,4.38,
2026-02-06T15:03:07.0881715Z,06-02-2026 16:03:04.496,38670336,4.38,
2026-02-06T15:03:07.0881715Z,06-02-2026 16:03:04.496,38670336,4.38,
2026-02-06T15:03:07.0881715Z,06-02-2026 16:03:04.496,38670336,4.44,
2026-02-06T15:03:07.0881715Z,06-02-2026 16:03:04.496,38670336,4.44,
2026-02-06T15:03:07.0881715Z,06-02-2026 16:03:04.496,38670336,4.38,
2026-02-06T15:03:07.0881715Z,06-02-2026 16:03:04.496,38670336,4.38,
2026-02-06T15:03:07.0881715Z,06-02-2026 16:03:04.496,38670336,4.38,
2026-02-06T15:03:07.0881715Z,06-02-2026 16:03:04.496,38670336,4.38,
2026-02-06T15:03:07.0881715Z,06-02-2026 16:03:04.496,38670336,4.44,
2026-02-06T15:03:07.0881715Z,06-02-2026 16:03:04.496,38670336,4.44,
2026-02-06T15:03:07.0881715Z,06-02-2026 16:03:04.496,38670336,4.44,
2026-02-06T15:03:07.0881715Z,06-02-2026 16:03:04.496,38670336,4.44,
2026-02-06T15:03:07.0881715Z,06-02-2026 16:03:04.496,38670336,4.44,
2026-02-06T15:03:07.0881715Z,06-02-2026 16:03:04.496,38670336,4.44,
2026-02-06T15:03:07.0881715Z,06-02-2026 16:03:04.496,38670336,4.44,
2026-02-06T15:03:07.0881715Z,06-02-2026 16:03:04.496,38670336,4.44,
2026-02-06T15:03:07.1229647Z,06-02-2026 16:03:04.752,38672384,4.44,
2026-02-06T15:03:07.1229647Z,06-02-2026 16:03:04.752,38672384,4.44,
2026-02-06T15:03:07.1229647Z,06-02-2026 16:03:04.752,38672384,4.44,
2026-02-06T15:03:07.1229647Z,06-02-2026 16:03:04.752,38672384,4.38,
2026-02-06T15:03:07.1229647Z,06-02-2026 16:03:04.752,38672384,4.38,
2026-02-06T15:03:07.1229647Z,06-02-2026 16:03:04.752,38672384,4.38,
2026-02-06T15:03:07.1229647Z,06-02-2026 16:03:04.752,38672384,4.38,
2026-02-06T15:03:07.1229647Z,06-02-2026 16:03:04.752,38672384,4.38,
2026-02-06T15:03:07.1229647Z,06-02-2026 16:03:04.752,38672384,4.38,
2026-02-06T15:03:07.1229647Z,06-02-2026 16:03:04.752,38672384,4.38,
2026-02-06T15:03:07.1229647Z,06-02-2026 16:03:04.752,38672384,4.38,
2026-02-06T15:03:07.1229647Z,06-02-2026 16:03:04.752,38672384,4.38,
2026-02-06T15:03:07.1229647Z,06-02-2026 16:03:04.752,38672384,4.38,
2026-02-06T15:03:07.1229647Z,06-02-2026 16:03:04.752,38672384,4.44,
2026-02-06T15:03:07.1229647Z,06-02-2026 16:03:04.752,38672384,4.44,
2026-02-06T15:03:07.1229647Z,06-02-2026 16:03:04.752,38672384,4.44,
2026-02-06T15:03:07.1229647Z,06-02-2026 16:03:04.752,38672384,4.38,
2026-02-06T15:03:07.1229647Z,06-02-2026 16:03:04.752,38672384,4.38,
2026-02-06T15:03:07.1229647Z,06-02-2026 16:03:04.752,38672384,4.44,
2026-02-06T15:03:07.1229647Z,06-02-2026 16:03:04.752,38672384,4.44,
2026-02-06T15:03:07.1229647Z,06-02-2026 16:03:04.752,38672384,4.44,
2026-02-06T15:03:07.1229647Z,06-02-2026 16:03:04.752,38672384,4.44,
2026-02-06T15:03:07.1229647Z,06-02-2026 16:03:04.752,38672384,4.44,
2026-02-06T15:03:07.1229647Z,06-02-2026 16:03:04.752,38672384,4.44,
2026-02-06T15:03:07.1229647Z,06-02-2026 16:03:04.752,38672384,4.44,
2026-02-06T15:03:07.1229647Z,06-02-2026 16:03:04.752,38672384,4.44,
2026-02-06T15:03:07.1229647Z,06-02-2026 16:03:04.752,38672384,4.44,
2026-02-06T15:03:07.1229647Z,06-02-2026 16:03:04.752,38672384,4.44,
2026-02-06T15:03:07.1229647Z,06-02-2026 16:03:04.752,38672384,4.44,
2026-02-06T15:03:07.1229647Z,06-02-2026 16:03:04.752,38672384,4.44,
2026-02-06T15:03:07.1229647Z,06-02-2026 16:03:04.752,38672384,4.44,
2026-02-06T15:03:07.1229647Z,06-02-2026 16:03:04.752,38672384,4.44,
